"http://www.indeed.com/";"?";"197000000";"?";"13824927";"?";"170";"?";"whois";"source";"?";"?"
"http://www.indeed.com/resumes?isid=find-resumes&ikw=SERPtop&co=US&hl=en";"?";"197000000";"?";"13824927";"?";"170";"?";"whois";"source";"?";"?"
"http://www.indeed.com/promo/resume";"?";"197000000";"?";"13824927";"?";"170";"?";"whois";"source";"?";"?"
"http://www.indeed.com/account/login?dest=%2Fjobs%3Fas_and%3Dsoftware%2Bdeveloper%26as_phr%3D%26as_any%3Dnosql%2Bmongodb%2Bcassandra%2Bhadoop%2Bhbase%2Bclojure%2Bhaskell%26as_not%3D%26as_ttl%3D%26as_cmp%3D%26jt%3Dfulltime%26st%3D%26salary%3D%26radius%3D25%26fromage%3D7%26limit%3D100%26sort%3D%26psf%3Dadvsrch";"?";"197000000";"?";"13824927";"?";"170";"?";"whois";"source";"?";"?"
"http://www.indeed.com/advanced_search?q=software+developer+%28nosql+or+mongodb+or+cassandra+or+hadoop+or+hbase+or+clojure+or+haskell%29&jt=fulltime&limit=100&fromage=7";"?";"197000000";"?";"13824927";"?";"170";"?";"whois";"source";"?";"?"
"http://www.indeed.com/jobs?q=software+engineer+%28genome+or+bioinformatics+or+poverty+or+%22world+a+better+place%22+or+%22green+energy%22+or+%22social+impact%22%29&l=&limit=100&rs=1&fromage=last";"?";"197000000";"?";"13824927";"?";"170";"?";"whois";"source";"?";"?"
"http://www.indeed.com/jobs?q=software+engineer&l=remote&rs=1&fromage=last";"?";"197000000";"?";"13824927";"?";"170";"?";"whois";"source";"?";"?"
"http://www.indeed.com/jobs?q=software+engineer+%28%22contributes+to+open+source%22+or+%22enthusiastic+about+open+source%22+or+%22we+contribute+to+open+source%22+or+%22open+source+stack%22+or+%22passion+for+open+source%22%29&l=&limit=100&rs=1&fromage=last";"?";"197000000";"?";"13824927";"?";"170";"?";"whois";"source";"?";"?"
"http://www.indeed.com/jobs?q=startup+%22software+engineer%22&l=&limit=100&rs=1&fromage=last";"?";"197000000";"?";"13824927";"?";"170";"?";"whois";"source";"?";"?"
"http://www.indeed.com/jobs?q=software+developer+%28kegerator+or+gym+or+%22ping+pong%22+or+foosball+or+%22fitness+center%22+or+%22pool+table%22+or+%22catered+lunches%22%29&l=&limit=100&rs=1&fromage=last";"?";"197000000";"?";"13824927";"?";"170";"?";"whois";"source";"?";"?"
"http://www.indeed.com/jobs?q=software+engineer+%28&l=&rs=1";"?";"197000000";"?";"13824927";"?";"170";"?";"whois";"source";"?";"?"
"http://www.indeed.com/jobs?q=software+engineer+%28nosql+or+mongodb+or+cassandra+or+hadoop+or+hbase+or+clojure+or+haskell%29&l=&limit=100&rs=1&fromage=last";"?";"197000000";"?";"13824927";"?";"170";"?";"whois";"source";"?";"?"
"http://www.indeed.com/jobs?q=software+developer+%28genome+or+bioinformatics+or+poverty+or+%22world+a+better+place%22+or+%22green+energy%22+or+%22social+impact%22%29&l=&rs=1&fromage=last";"?";"197000000";"?";"13824927";"?";"170";"?";"whois";"source";"?";"?"
"http://www.indeed.com/?cls";"?";"197000000";"?";"13824927";"?";"170";"?";"whois";"source";"?";"?"
"http://www.indeed.com/jobs?q=software+developer+%28nosql+or+mongodb+or+cassandra+or+hadoop+or+hbase+or+clojure+or+haskell%29&jt=fulltime&limit=100&fromage=7&sort=date";"?";"197000000";"?";"13824927";"?";"170";"?";"whois";"source";"?";"?"
"http://www.indeed.com/jobs?q=software+developer+(nosql+or+mongodb+or+cassandra+or+hadoop+or+hbase+or+clojure+or+haskell)&limit=100&fromage=7";"?";"197000000";"?";"13824927";"?";"170";"?";"whois";"source";"?";"?"
"http://www.indeed.com/jobs?q=software+developer+(nosql+or+mongodb+or+cassandra+or+hadoop+or+hbase+or+clojure+or+haskell)+$60000&jt=fulltime&limit=100&fromage=7";"?";"197000000";"?";"13824927";"?";"170";"?";"whois";"source";"?";"?"
"http://www.indeed.com/jobs?q=software+developer+(nosql+or+mongodb+or+cassandra+or+hadoop+or+hbase+or+clojure+or+haskell)+$80000&jt=fulltime&limit=100&fromage=7";"?";"197000000";"?";"13824927";"?";"170";"?";"whois";"source";"?";"?"
"http://www.indeed.com/jobs?q=software+developer+(nosql+or+mongodb+or+cassandra+or+hadoop+or+hbase+or+clojure+or+haskell)+$100000&jt=fulltime&limit=100&fromage=7";"?";"197000000";"?";"13824927";"?";"170";"?";"whois";"source";"?";"?"
"http://www.indeed.com/jobs?q=software+developer+(nosql+or+mongodb+or+cassandra+or+hadoop+or+hbase+or+clojure+or+haskell)+$120000&jt=fulltime&limit=100&fromage=7";"?";"197000000";"?";"13824927";"?";"170";"?";"whois";"source";"?";"?"
"http://www.indeed.com/jobs?q=software+developer+(nosql+or+mongodb+or+cassandra+or+hadoop+or+hbase+or+clojure+or+haskell)+$140000&jt=fulltime&limit=100&fromage=7";"?";"197000000";"?";"13824927";"?";"170";"?";"whois";"source";"?";"?"
"http://www.indeed.com/jobs?q=software+developer+%28nosql+or+mongodb+or+cassandra+or+hadoop+or+hbase+or+clojure+or+haskell%29&jt=fulltime&limit=100&fromage=last";"?";"197000000";"?";"13824927";"?";"170";"?";"whois";"source";"?";"?"
"http://www.indeed.com/rc/clk?jk=cf1481f2f8f56842";"?";"197000000";"?";"13824927";"?";"170";"?";"whois";"source";"?";"?"
"http://www.indeed.com/cmp/Bank-of-America/reviews";"?";"197000000";"?";"13824927";"?";"170";"?";"whois";"source";"?";"?"
"http://www.indeed.com/jobs?as_and=software+developer&as_phr=&as_any=nosql+mongodb+cassandra+hadoop+hbase+clojure+haskell&as_not=&as_ttl=&as_cmp=&jt=fulltime&st=&salary=&radius=25&fromage=7&limit=100&sort=&psf=advsrch";"?";"197000000";"0";"13824927";"?";"170";"?";"whois";"source";"?";"?"
"http://www.indeed.com/q-Bank-of-America-l-Charlotte-NC-jobs.html";"?";"197000000";"?";"13824927";"?";"170";"?";"whois";"source";"?";"?"
"http://www.indeed.com/l-Charlotte-NC-jobs.html";"?";"197000000";"?";"13824927";"?";"170";"?";"whois";"source";"?";"?"
"http://www.indeed.com/salary?q1=Database+Developer&l1=Charlotte%2C+NC";"?";"197000000";"?";"13824927";"?";"170";"?";"whois";"source";"?";"?"
"http://www.indeed.com/cmp/Bank-of-America";"?";"197000000";"?";"13824927";"?";"170";"?";"whois";"source";"?";"?"
"http://www.indeed.com/forum/job/Database-Developer.html";"?";"197000000";"?";"13824927";"?";"170";"?";"whois";"source";"?";"?"
"http://www.indeed.com/forum/loc/Charlotte-North-Carolina.html";"?";"197000000";"?";"13824927";"?";"170";"?";"whois";"source";"?";"?"
"http://www.indeed.com/forum/cmp/Bank-of-America.html";"?";"197000000";"?";"13824927";"?";"170";"?";"whois";"source";"?";"?"
"http://www.indeed.com/rc/clk?jk=07e7e909079eb47b";"?";"197000000";"?";"13824927";"?";"170";"?";"whois";"source";"?";"?"
"http://www.indeed.com/q-California-Creative-Solutions-l-New-York-NY-jobs.html";"?";"197000000";"?";"13824927";"?";"170";"?";"whois";"source";"?";"?"
"http://www.indeed.com/l-New-York-NY-jobs.html";"?";"197000000";"?";"13824927";"?";"170";"?";"whois";"source";"?";"?"
"http://www.indeed.com/salary?q1=Senior+Software+Engineer&l1=New+York%2C+NY";"?";"197000000";"?";"13824927";"?";"170";"?";"whois";"source";"?";"?"
"http://www.indeed.com/forum/loc/New-York-New-York.html";"?";"197000000";"?";"13824927";"?";"170";"?";"whois";"source";"?";"?"
"http://www.indeed.com/forum/cmp/California-Creative-Solutions-Inc..html";"?";"197000000";"?";"13824927";"?";"170";"?";"whois";"source";"?";"?"
"http://www.indeed.com/rc/clk?jk=ce6c4e43b36c4a3a";"?";"197000000";"?";"13824927";"?";"170";"?";"whois";"source";"?";"?"
"http://www.indeed.com/cmp/JPMorgan-Chase/reviews";"?";"197000000";"?";"13824927";"?";"170";"?";"whois";"source";"?";"?"
"http://www.indeed.com/q-JPMorgan-Chase-l-Newark-DE-jobs.html";"?";"197000000";"?";"13824927";"?";"170";"?";"whois";"source";"?";"?"
"http://www.indeed.com/l-Newark-DE-jobs.html";"?";"197000000";"?";"13824927";"?";"170";"?";"whois";"source";"?";"?"
"http://www.indeed.com/salary?q1=Cib+Technology+Junior+Software+Developer&l1=Newark%2C+DE";"?";"197000000";"?";"13824927";"?";"170";"?";"whois";"source";"?";"?"
"http://www.indeed.com/cmp/JPMorgan-Chase";"?";"197000000";"?";"13824927";"?";"170";"?";"whois";"source";"?";"?"
"http://www.indeed.com/forum/loc/Newark-Delaware.html";"?";"197000000";"?";"13824927";"?";"170";"?";"whois";"source";"?";"?"
"http://www.indeed.com/forum/cmp/JPMorgan-Chase.html";"?";"197000000";"?";"13824927";"?";"170";"?";"whois";"source";"?";"?"
"http://www.indeed.com/rc/clk?jk=d79a707bdaea0627";"?";"197000000";"?";"13824927";"?";"170";"?";"whois";"source";"?";"?"
"http://www.indeed.com/cmp/Concurrent-Technologies-Corporation/reviews";"?";"197000000";"?";"13824927";"?";"170";"?";"whois";"source";"?";"?"
"http://www.indeed.com/jobs?q=Concurrent+Technologies+Corporation&l=Crystal+City+VA&nc=jasx";"?";"197000000";"?";"13824927";"?";"170";"?";"whois";"source";"?";"?"
"http://www.indeed.com/l-Crystal-City-VA-jobs.html";"?";"197000000";"?";"13824927";"?";"170";"?";"whois";"source";"?";"?"
"http://www.indeed.com/salary?q1=Software+Developer&l1=Crystal+City%2C+VA";"?";"197000000";"?";"13824927";"?";"170";"?";"whois";"source";"?";"?"
"http://www.indeed.com/cmp/Concurrent-Technologies-Corporation";"?";"197000000";"?";"13824927";"?";"170";"?";"whois";"source";"?";"?"
"http://www.indeed.com/forum/job/Software-Engineer.html";"?";"197000000";"?";"13824927";"?";"170";"?";"whois";"source";"?";"?"
"http://www.indeed.com/forum/cmp/Concurrent-Technologies-Corporation.html";"?";"197000000";"?";"13824927";"?";"170";"?";"whois";"source";"?";"?"
"http://www.indeed.com/rc/clk?jk=5d7c82d921a01981";"?";"197000000";"?";"13824927";"?";"170";"?";"whois";"source";"?";"?"
"http://www.indeed.com/q-Gopro-l-San-Francisco-CA-jobs.html";"?";"197000000";"?";"13824927";"?";"170";"?";"whois";"source";"?";"?"
"http://www.indeed.com/l-San-Francisco-CA-jobs.html";"?";"197000000";"?";"13824927";"?";"170";"?";"whois";"source";"?";"?"
"http://www.indeed.com/salary?q1=Linux+Devop+Engineer&l1=San+Francisco%2C+CA";"?";"197000000";"?";"13824927";"?";"170";"?";"whois";"source";"?";"?"
"http://www.indeed.com/cmp/Gopro";"?";"197000000";"?";"13824927";"?";"170";"?";"whois";"source";"?";"?"
"http://www.indeed.com/forum/loc/SAN-Francisco-California.html";"?";"197000000";"?";"13824927";"?";"170";"?";"whois";"source";"?";"?"
"http://www.indeed.com/forum/cmp/Gopro.html";"?";"197000000";"?";"13824927";"?";"170";"?";"whois";"source";"?";"?"
"http://www.indeed.com/rc/clk?jk=4dc1eebe6327324d";"?";"197000000";"?";"13824927";"?";"170";"?";"whois";"source";"?";"?"
"http://www.indeed.com/q-Sabre-Systems-l-Aberdeen-Proving-Ground-MD-jobs.html";"?";"197000000";"?";"13824927";"?";"170";"?";"whois";"source";"?";"?"
"http://www.indeed.com/l-Aberdeen-Proving-Ground-MD-jobs.html";"?";"197000000";"?";"13824927";"?";"170";"?";"whois";"source";"?";"?"
"http://www.indeed.com/salary?q1=Software+Developer&l1=Aberdeen+Proving+Ground%2C+MD";"?";"197000000";"?";"13824927";"?";"170";"?";"whois";"source";"?";"?"
"http://www.indeed.com/forum/loc/Aberdeen-Proving-Ground-Maryland.html";"?";"197000000";"?";"13824927";"?";"170";"?";"whois";"source";"?";"?"
"http://www.indeed.com/forum/cmp/Sabre-Systems%2C-Inc..html";"?";"197000000";"?";"13824927";"?";"170";"?";"whois";"source";"?";"?"
"http://www.indeed.com/rc/clk?jk=79e0c3f6389fe081";"?";"197000000";"?";"13824927";"?";"170";"?";"whois";"source";"?";"?"
"http://www.indeed.com/cmp/Dell/reviews";"?";"197000000";"?";"13824927";"?";"170";"?";"whois";"source";"?";"?"
"http://www.indeed.com/jobs?q=software+developer+%28nosql+or+mongodb+or+cassandra+or+hadoop+or+hbase+or+clojure+or+haskell%29&rbt=Python+Developer+%28Remote%29+Dell+Secureworks&rbc=Dell&jtid=e4ee745bd4d3d3b9&jcid=0918a251e6902f97&jt=fulltime&limit=100&fromage=7&grp=tcl";"?";"197000000";"?";"13824927";"?";"170";"?";"whois";"source";"?";"?"
"http://www.indeed.com/q-Dell-l-Remote-jobs.html";"?";"197000000";"?";"13824927";"?";"170";"?";"whois";"source";"?";"?"
"http://www.indeed.com/l-Remote-jobs.html";"?";"197000000";"?";"13824927";"?";"170";"?";"whois";"source";"?";"?"
"http://www.indeed.com/salary?q1=Python+Developer+Securework&l1=Remote";"?";"197000000";"?";"13824927";"?";"170";"?";"whois";"source";"?";"?"
"http://www.indeed.com/cmp/Dell";"?";"197000000";"?";"13824927";"?";"170";"?";"whois";"source";"?";"?"
"http://www.indeed.com/forum/cmp/Dell.html";"?";"197000000";"?";"13824927";"?";"170";"?";"whois";"source";"?";"?"
"http://www.indeed.com/rc/clk?jk=c700240f832e4401";"?";"197000000";"?";"13824927";"?";"170";"?";"whois";"source";"?";"?"
"http://www.indeed.com/q-Ratio-Interactive-l-Seattle-WA-jobs.html";"?";"197000000";"?";"13824927";"?";"170";"?";"whois";"source";"?";"?"
"http://www.indeed.com/l-Seattle-WA-jobs.html";"?";"197000000";"?";"13824927";"?";"170";"?";"whois";"source";"?";"?"
"http://www.indeed.com/salary?q1=Front+End+Developer&l1=Seattle%2C+WA";"?";"197000000";"?";"13824927";"?";"170";"?";"whois";"source";"?";"?"
"http://www.indeed.com/forum/loc/Seattle-Washington.html";"?";"197000000";"?";"13824927";"?";"170";"?";"whois";"source";"?";"?"
"http://www.indeed.com/forum/cmp/Ratio-Interactive.html";"?";"197000000";"?";"13824927";"?";"170";"?";"whois";"source";"?";"?"
"http://www.indeed.com/rc/clk?jk=c351bddcf1b0cb8f";"?";"197000000";"?";"13824927";"?";"170";"?";"whois";"source";"?";"?"
"http://www.indeed.com/q-Flowroute-l-Seattle-WA-jobs.html";"?";"197000000";"?";"13824927";"?";"170";"?";"whois";"source";"?";"?"
"http://www.indeed.com/salary?q1=Bi+Developer&l1=Seattle%2C+WA";"?";"197000000";"?";"13824927";"?";"170";"?";"whois";"source";"?";"?"
"http://www.indeed.com/forum/cmp/Flowroute.html";"?";"197000000";"?";"13824927";"?";"170";"?";"whois";"source";"?";"?"
"http://www.indeed.com/rc/clk?jk=a57cc160a1acf4fa";"?";"197000000";"?";"13824927";"?";"170";"?";"whois";"source";"?";"?"
"http://www.indeed.com/q-Optoro-l-Washington-DC-jobs.html";"?";"197000000";"?";"13824927";"?";"170";"?";"whois";"source";"?";"?"
"http://www.indeed.com/l-Washington-DC-jobs.html";"?";"197000000";"?";"13824927";"?";"170";"?";"whois";"source";"?";"?"
"http://www.indeed.com/salary?q1=Application+Developer&l1=Washington%2C+DC";"?";"197000000";"?";"13824927";"?";"170";"?";"whois";"source";"?";"?"
"http://www.indeed.com/cmp/Optoro";"?";"197000000";"?";"13824927";"?";"170";"?";"whois";"source";"?";"?"
"http://www.indeed.com/forum/job/Application-Developer.html";"?";"197000000";"?";"13824927";"?";"170";"?";"whois";"source";"?";"?"
"http://www.indeed.com/forum/loc/Washington-District-of-Columbia.html";"?";"197000000";"?";"13824927";"?";"170";"?";"whois";"source";"?";"?"
"http://www.indeed.com/forum/cmp/Optoro.html";"?";"197000000";"?";"13824927";"?";"170";"?";"whois";"source";"?";"?"
"http://www.indeed.com/rc/clk?jk=75696226645074f0";"?";"197000000";"?";"13824927";"?";"170";"?";"whois";"source";"?";"?"
"http://www.indeed.com/q-Digital-Reasoning-l-New-York-NY-jobs.html";"?";"197000000";"?";"13824927";"?";"170";"?";"whois";"source";"?";"?"
"http://www.indeed.com/salary?q1=Software+Developer&l1=New+York%2C+NY";"?";"197000000";"?";"13824927";"?";"170";"?";"whois";"source";"?";"?"
"http://www.indeed.com/cmp/Digital-Reasoning";"?";"197000000";"?";"13824927";"?";"170";"?";"whois";"source";"?";"?"
"http://www.indeed.com/forum/cmp/Digital-Reasoning.html";"?";"197000000";"?";"13824927";"?";"170";"?";"whois";"source";"?";"?"
"http://www.indeed.com/rc/clk?jk=7372740357b81e98";"?";"197000000";"?";"13824927";"?";"170";"?";"whois";"source";"?";"?"
"http://www.indeed.com/q-Applied-Memetics-l-Washington-DC-jobs.html";"?";"197000000";"?";"13824927";"?";"170";"?";"whois";"source";"?";"?"
"http://www.indeed.com/salary?q1=Front+End+Developer&l1=Washington%2C+DC";"?";"197000000";"?";"13824927";"?";"170";"?";"whois";"source";"?";"?"
"http://www.indeed.com/cmp/Applied-Memetics-Llc.";"?";"197000000";"?";"13824927";"?";"170";"?";"whois";"source";"?";"?"
"http://www.indeed.com/forum/cmp/Applied-Memetics%2C-Llc..html";"?";"197000000";"?";"13824927";"?";"170";"?";"whois";"source";"?";"?"
"http://www.indeed.com/rc/clk?jk=03f3547bb0ef4281";"?";"197000000";"?";"13824927";"?";"170";"?";"whois";"source";"?";"?"
"http://www.indeed.com/cmp/Markit-On-Demand/reviews";"?";"197000000";"?";"13824927";"?";"170";"?";"whois";"source";"?";"?"
"http://www.indeed.com/q-Markit-On-Demand-l-Boulder-CO-jobs.html";"?";"197000000";"?";"13824927";"?";"170";"?";"whois";"source";"?";"?"
"http://www.indeed.com/l-Boulder-CO-jobs.html";"?";"197000000";"?";"13824927";"?";"170";"?";"whois";"source";"?";"?"
"http://www.indeed.com/salary?q1=Big+Data+Software+Developer&l1=Boulder%2C+CO";"?";"197000000";"?";"13824927";"?";"170";"?";"whois";"source";"?";"?"
"http://www.indeed.com/cmp/Markit-On-Demand";"?";"197000000";"?";"13824927";"?";"170";"?";"whois";"source";"?";"?"
"http://www.indeed.com/forum/loc/Boulder-Colorado.html";"?";"197000000";"?";"13824927";"?";"170";"?";"whois";"source";"?";"?"
"http://www.indeed.com/forum/cmp/Markit-On-Demand.html";"?";"197000000";"?";"13824927";"?";"170";"?";"whois";"source";"?";"?"
"http://www.indeed.com/rc/clk?jk=c42d8b6f5d6fc712";"?";"197000000";"?";"13824927";"?";"170";"?";"whois";"source";"?";"?"
"http://www.indeed.com/jobs?q=B-line+Medical&l=Washington+DC";"?";"197000000";"?";"13824927";"?";"170";"?";"whois";"source";"?";"?"
"http://www.indeed.com/salary?q1=Full+Stack+Web+Angular+Node+Developer&l1=Washington%2C+DC";"?";"197000000";"?";"13824927";"?";"170";"?";"whois";"source";"?";"?"
"http://www.indeed.com/cmp/B--line-Medical";"?";"197000000";"?";"13824927";"?";"170";"?";"whois";"source";"?";"?"
"http://www.indeed.com/forum/cmp/B--line-Medical.html";"?";"197000000";"?";"13824927";"?";"170";"?";"whois";"source";"?";"?"
"http://www.indeed.com/rc/clk?jk=87c7146174b8457b";"?";"197000000";"?";"13824927";"?";"170";"?";"whois";"source";"?";"?"
"http://www.indeed.com/cmp/HP/reviews";"?";"197000000";"?";"13824927";"?";"170";"?";"whois";"source";"?";"?"
"http://www.indeed.com/q-HP-l-Houston-TX-jobs.html";"?";"197000000";"?";"13824927";"?";"170";"?";"whois";"source";"?";"?"
"http://www.indeed.com/l-Houston-TX-jobs.html";"?";"197000000";"?";"13824927";"?";"170";"?";"whois";"source";"?";"?"
"http://www.indeed.com/salary?q1=Web+Software+Developer&l1=Houston%2C+TX";"?";"197000000";"?";"13824927";"?";"170";"?";"whois";"source";"?";"?"
"http://www.indeed.com/cmp/HP";"?";"197000000";"?";"13824927";"?";"170";"?";"whois";"source";"?";"?"
"http://www.indeed.com/forum/loc/Houston-Texas.html";"?";"197000000";"?";"13824927";"?";"170";"?";"whois";"source";"?";"?"
"http://www.indeed.com/forum/cmp/HP.html";"?";"197000000";"?";"13824927";"?";"170";"?";"whois";"source";"?";"?"
"http://www.indeed.com/rc/clk?jk=24c9f7db232408ba";"?";"197000000";"?";"13824927";"?";"170";"?";"whois";"source";"?";"?"
"http://www.indeed.com/cmp/Td-Ameritrade/reviews";"?";"197000000";"?";"13824927";"?";"170";"?";"whois";"source";"?";"?"
"http://www.indeed.com/q-Td-Ameritrade-l-Omaha-NE-jobs.html";"?";"197000000";"?";"13824927";"?";"170";"?";"whois";"source";"?";"?"
"http://www.indeed.com/l-Omaha-NE-jobs.html";"?";"197000000";"?";"13824927";"?";"170";"?";"whois";"source";"?";"?"
"http://www.indeed.com/salary?q1=Senior+Software+Developer&l1=Omaha%2C+NE";"?";"197000000";"?";"13824927";"?";"170";"?";"whois";"source";"?";"?"
"http://www.indeed.com/cmp/Td-Ameritrade";"?";"197000000";"?";"13824927";"?";"170";"?";"whois";"source";"?";"?"
"http://www.indeed.com/forum/loc/Omaha-Nebraska.html";"?";"197000000";"?";"13824927";"?";"170";"?";"whois";"source";"?";"?"
"http://www.indeed.com/forum/cmp/Td-Ameritrade.html";"?";"197000000";"?";"13824927";"?";"170";"?";"whois";"source";"?";"?"
"http://www.indeed.com/rc/clk?jk=4339b802f001890a";"?";"197000000";"?";"13824927";"?";"170";"?";"whois";"source";"?";"?"
"http://www.indeed.com/cmp/MetLife/reviews";"?";"197000000";"?";"13824927";"?";"170";"?";"whois";"source";"?";"?"
"http://www.indeed.com/jobs?q=MetLife&l=Raleigh-Durham+NC";"?";"197000000";"?";"13824927";"?";"170";"?";"whois";"source";"?";"?"
"http://www.indeed.com/jobs?l=Raleigh-Durham+NC";"?";"197000000";"?";"13824927";"?";"170";"?";"whois";"source";"?";"?"
"http://www.indeed.com/salary?q1=Software+Development+Engineer&l1=Raleigh-Durham%2C+NC";"?";"197000000";"?";"13824927";"?";"170";"?";"whois";"source";"?";"?"
"http://www.indeed.com/cmp/MetLife";"?";"197000000";"?";"13824927";"?";"170";"?";"whois";"source";"?";"?"
"http://www.indeed.com/forum/loc/Raleigh--durham-North-Carolina.html";"?";"197000000";"?";"13824927";"?";"170";"?";"whois";"source";"?";"?"
"http://www.indeed.com/forum/cmp/MetLife.html";"?";"197000000";"?";"13824927";"?";"170";"?";"whois";"source";"?";"?"
"http://www.indeed.com/rc/clk?jk=ca44103ac2110a11";"?";"197000000";"?";"13824927";"?";"170";"?";"whois";"source";"?";"?"
"http://www.indeed.com/q-Avlino-l-Holmdel-NJ-jobs.html";"?";"197000000";"?";"13824927";"?";"170";"?";"whois";"source";"?";"?"
"http://www.indeed.com/l-Holmdel-NJ-jobs.html";"?";"197000000";"?";"13824927";"?";"170";"?";"whois";"source";"?";"?"
"http://www.indeed.com/salary?q1=Software+Developer&l1=Holmdel%2C+NJ";"?";"197000000";"?";"13824927";"?";"170";"?";"whois";"source";"?";"?"
"http://www.indeed.com/forum/cmp/Avlino-Inc.html";"?";"197000000";"?";"13824927";"?";"170";"?";"whois";"source";"?";"?"
"http://www.indeed.com/rc/clk?jk=4cdc8fd29100b5e3";"?";"197000000";"?";"13824927";"?";"170";"?";"whois";"source";"?";"?"
"http://www.indeed.com/q-Fearless-Solutions-l-Annapolis-Junction-MD-jobs.html";"?";"197000000";"?";"13824927";"?";"170";"?";"whois";"source";"?";"?"
"http://www.indeed.com/l-Annapolis-Junction-MD-jobs.html";"?";"197000000";"?";"13824927";"?";"170";"?";"whois";"source";"?";"?"
"http://www.indeed.com/salary?q1=CSS+Javascript+Web+Developer&l1=Annapolis+Junction%2C+MD";"?";"197000000";"?";"13824927";"?";"170";"?";"whois";"source";"?";"?"
"http://www.indeed.com/forum/loc/Annapolis-Junction-Maryland.html";"?";"197000000";"?";"13824927";"?";"170";"?";"whois";"source";"?";"?"
"http://www.indeed.com/forum/cmp/Fearless-Solutions%2C-LLC.html";"?";"197000000";"?";"13824927";"?";"170";"?";"whois";"source";"?";"?"
"http://www.indeed.com/rc/clk?jk=89c63d672ff236f2";"?";"197000000";"?";"13824927";"?";"170";"?";"whois";"source";"?";"?"
"http://www.indeed.com/cmp/Raytheon/reviews";"?";"197000000";"?";"13824927";"?";"170";"?";"whois";"source";"?";"?"
"http://www.indeed.com/q-Raytheon-l-Dulles-VA-jobs.html";"?";"197000000";"?";"13824927";"?";"170";"?";"whois";"source";"?";"?"
"http://www.indeed.com/l-Dulles-VA-jobs.html";"?";"197000000";"?";"13824927";"?";"170";"?";"whois";"source";"?";"?"
"http://www.indeed.com/salary?q1=Data+Integrator&l1=Dulles%2C+VA";"?";"197000000";"?";"13824927";"?";"170";"?";"whois";"source";"?";"?"
"http://www.indeed.com/cmp/Raytheon";"?";"197000000";"?";"13824927";"?";"170";"?";"whois";"source";"?";"?"
"http://www.indeed.com/forum/loc/Dulles-Virginia.html";"?";"197000000";"?";"13824927";"?";"170";"?";"whois";"source";"?";"?"
"http://www.indeed.com/forum/cmp/Raytheon.html";"?";"197000000";"?";"13824927";"?";"170";"?";"whois";"source";"?";"?"
"http://www.indeed.com/rc/clk?jk=6099867b869f0a7a";"?";"197000000";"?";"13824927";"?";"170";"?";"whois";"source";"?";"?"
"http://www.indeed.com/jobs?q=software+developer+%28nosql+or+mongodb+or+cassandra+or+hadoop+or+hbase+or+clojure+or+haskell%29&rbt=Software+Developer%2FData+Modeler&rbc=Concurrent+Technologies+Corporation&jtid=10138681bfbdffa3&jcid=a30d07b18d8e13a2&jt=fulltime&limit=100&fromage=7&grp=tcl";"?";"197000000";"?";"13824927";"?";"170";"?";"whois";"source";"?";"?"
"http://www.indeed.com/salary?q1=Software+Developer+Data+Modeler&l1=Crystal+City%2C+VA";"?";"197000000";"?";"13824927";"?";"170";"?";"whois";"source";"?";"?"
"http://www.indeed.com/rc/clk?jk=42ebc9ca0a85978b";"?";"197000000";"?";"13824927";"?";"170";"?";"whois";"source";"?";"?"
"http://www.indeed.com/cmp/Intuit/reviews";"?";"197000000";"?";"13824927";"?";"170";"?";"whois";"source";"?";"?"
"http://www.indeed.com/q-Intuit-l-Menlo-Park-CA-jobs.html";"?";"197000000";"?";"13824927";"?";"170";"?";"whois";"source";"?";"?"
"http://www.indeed.com/l-Menlo-Park-CA-jobs.html";"?";"197000000";"?";"13824927";"?";"170";"?";"whois";"source";"?";"?"
"http://www.indeed.com/salary?q1=Architect&l1=Menlo+Park%2C+CA";"?";"197000000";"?";"13824927";"?";"170";"?";"whois";"source";"?";"?"
"http://www.indeed.com/cmp/Intuit";"?";"197000000";"?";"13824927";"?";"170";"?";"whois";"source";"?";"?"
"http://www.indeed.com/forum/job/Architect.html";"?";"197000000";"?";"13824927";"?";"170";"?";"whois";"source";"?";"?"
"http://www.indeed.com/forum/loc/Menlo-Park-California.html";"?";"197000000";"?";"13824927";"?";"170";"?";"whois";"source";"?";"?"
"http://www.indeed.com/forum/cmp/Intuit.html";"?";"197000000";"?";"13824927";"?";"170";"?";"whois";"source";"?";"?"
"http://www.indeed.com/rc/clk?jk=b9ac77a772202328";"?";"197000000";"?";"13824927";"?";"170";"?";"whois";"source";"?";"?"
"http://www.indeed.com/q-Crowdcompass-l-Portland-OR-jobs.html";"?";"197000000";"?";"13824927";"?";"170";"?";"whois";"source";"?";"?"
"http://www.indeed.com/l-Portland-OR-jobs.html";"?";"197000000";"?";"13824927";"?";"170";"?";"whois";"source";"?";"?"
"http://www.indeed.com/salary?q1=Devop+Engineer&l1=Portland%2C+OR";"?";"197000000";"?";"13824927";"?";"170";"?";"whois";"source";"?";"?"
"http://www.indeed.com/forum/loc/Portland-Oregon.html";"?";"197000000";"?";"13824927";"?";"170";"?";"whois";"source";"?";"?"
"http://www.indeed.com/forum/cmp/Crowdcompass.html";"?";"197000000";"?";"13824927";"?";"170";"?";"whois";"source";"?";"?"
"http://www.indeed.com/rc/clk?jk=f16512857d4db63b";"?";"197000000";"?";"13824927";"?";"170";"?";"whois";"source";"?";"?"
"http://www.indeed.com/cmp/Pearson/reviews";"?";"197000000";"?";"13824927";"?";"170";"?";"whois";"source";"?";"?"
"http://www.indeed.com/q-Pearson-l-Centennial-CO-jobs.html";"?";"197000000";"?";"13824927";"?";"170";"?";"whois";"source";"?";"?"
"http://www.indeed.com/l-Centennial-CO-jobs.html";"?";"197000000";"?";"13824927";"?";"170";"?";"whois";"source";"?";"?"
"http://www.indeed.com/salary?q1=Senior+Software+Developer&l1=Centennial%2C+CO";"?";"197000000";"?";"13824927";"?";"170";"?";"whois";"source";"?";"?"
"http://www.indeed.com/cmp/Pearson";"?";"197000000";"?";"13824927";"?";"170";"?";"whois";"source";"?";"?"
"http://www.indeed.com/forum/loc/Centennial-Colorado.html";"?";"197000000";"?";"13824927";"?";"170";"?";"whois";"source";"?";"?"
"http://www.indeed.com/forum/cmp/Pearson.html";"?";"197000000";"?";"13824927";"?";"170";"?";"whois";"source";"?";"?"
"http://www.indeed.com/rc/clk?jk=1d76bfd4a30c2624";"?";"197000000";"?";"13824927";"?";"170";"?";"whois";"source";"?";"?"
"http://www.indeed.com/q-Hulu-l-Santa-Monica-CA-jobs.html";"?";"197000000";"?";"13824927";"?";"170";"?";"whois";"source";"?";"?"
"http://www.indeed.com/l-Santa-Monica-CA-jobs.html";"?";"197000000";"?";"13824927";"?";"170";"?";"whois";"source";"?";"?"
"http://www.indeed.com/salary?q1=Software+Developer&l1=Santa+Monica%2C+CA";"?";"197000000";"?";"13824927";"?";"170";"?";"whois";"source";"?";"?"
"http://www.indeed.com/cmp/Hulu";"?";"197000000";"?";"13824927";"?";"170";"?";"whois";"source";"?";"?"
"http://www.indeed.com/forum/loc/Santa-Monica-California.html";"?";"197000000";"?";"13824927";"?";"170";"?";"whois";"source";"?";"?"
"http://www.indeed.com/forum/cmp/Hulu.html";"?";"197000000";"?";"13824927";"?";"170";"?";"whois";"source";"?";"?"
"http://www.indeed.com/rc/clk?jk=ac4e8087b5db3d6b";"?";"197000000";"?";"13824927";"?";"170";"?";"whois";"source";"?";"?"
"http://www.indeed.com/q-Ellie-Mae-l-Pleasanton-CA-jobs.html";"?";"197000000";"?";"13824927";"?";"170";"?";"whois";"source";"?";"?"
"http://www.indeed.com/l-Pleasanton-CA-jobs.html";"?";"197000000";"?";"13824927";"?";"170";"?";"whois";"source";"?";"?"
"http://www.indeed.com/salary?q1=Senior+Software+Developer+Core&l1=Pleasanton%2C+CA";"?";"197000000";"?";"13824927";"?";"170";"?";"whois";"source";"?";"?"
"http://www.indeed.com/cmp/Ellie-Mae";"?";"197000000";"?";"13824927";"?";"170";"?";"whois";"source";"?";"?"
"http://www.indeed.com/forum/loc/Pleasanton-California.html";"?";"197000000";"?";"13824927";"?";"170";"?";"whois";"source";"?";"?"
"http://www.indeed.com/forum/cmp/Ellie-Mae.html";"?";"197000000";"?";"13824927";"?";"170";"?";"whois";"source";"?";"?"
"http://www.indeed.com/rc/clk?jk=025813881cf23788";"?";"197000000";"?";"13824927";"?";"170";"?";"whois";"source";"?";"?"
"http://www.indeed.com/q-Novus-Media-l-Minneapolis-MN-jobs.html";"?";"197000000";"?";"13824927";"?";"170";"?";"whois";"source";"?";"?"
"http://www.indeed.com/l-Minneapolis-MN-jobs.html";"?";"197000000";"?";"13824927";"?";"170";"?";"whois";"source";"?";"?"
"http://www.indeed.com/salary?q1=Net+Developer&l1=Minneapolis%2C+MN";"?";"197000000";"?";"13824927";"?";"170";"?";"whois";"source";"?";"?"
"http://www.indeed.com/cmp/Novus-Media";"?";"197000000";"?";"13824927";"?";"170";"?";"whois";"source";"?";"?"
"http://www.indeed.com/forum/job/Net-Developer.html";"?";"197000000";"?";"13824927";"?";"170";"?";"whois";"source";"?";"?"
"http://www.indeed.com/forum/loc/Minneapolis-Minnesota.html";"?";"197000000";"?";"13824927";"?";"170";"?";"whois";"source";"?";"?"
"http://www.indeed.com/forum/cmp/Novus-Media.html";"?";"197000000";"?";"13824927";"?";"170";"?";"whois";"source";"?";"?"
"http://www.indeed.com/rc/clk?jk=4fff2b336f20e833";"?";"197000000";"?";"13824927";"?";"170";"?";"whois";"source";"?";"?"
"http://www.indeed.com/q-Bank-of-America-l-New-York-NY-jobs.html";"?";"197000000";"?";"13824927";"?";"170";"?";"whois";"source";"?";"?"
"http://www.indeed.com/salary?q1=Zc&l1=New+York%2C+NY";"?";"197000000";"?";"13824927";"?";"170";"?";"whois";"source";"?";"?"
"http://www.indeed.com/rc/clk?jk=4d44b98c8a5d5a28";"?";"197000000";"?";"13824927";"?";"170";"?";"whois";"source";"?";"?"
"http://www.indeed.com/cmp/Oracle/reviews";"?";"197000000";"?";"13824927";"?";"170";"?";"whois";"source";"?";"?"
"http://www.indeed.com/jobs?q=software+developer+%28nosql+or+mongodb+or+cassandra+or+hadoop+or+hbase+or+clojure+or+haskell%29&rbt=Software+Developer+5&rbc=Oracle&jtid=c7ac9203a7d68924&jcid=cd22d01053af7669&jt=fulltime&limit=100&fromage=7&grp=tcl";"?";"197000000";"?";"13824927";"?";"170";"?";"whois";"source";"?";"?"
"http://www.indeed.com/q-Oracle-l-Redwood-City-CA-jobs.html";"?";"197000000";"?";"13824927";"?";"170";"?";"whois";"source";"?";"?"
"http://www.indeed.com/l-Redwood-City-CA-jobs.html";"?";"197000000";"?";"13824927";"?";"170";"?";"whois";"source";"?";"?"
"http://www.indeed.com/salary?q1=Software+Developer&l1=Redwood+City%2C+CA";"?";"197000000";"?";"13824927";"?";"170";"?";"whois";"source";"?";"?"
"http://www.indeed.com/cmp/Oracle";"?";"197000000";"?";"13824927";"?";"170";"?";"whois";"source";"?";"?"
"http://www.indeed.com/forum/loc/Redwood-City-California.html";"?";"197000000";"?";"13824927";"?";"170";"?";"whois";"source";"?";"?"
"http://www.indeed.com/forum/cmp/Oracle.html";"?";"197000000";"?";"13824927";"?";"170";"?";"whois";"source";"?";"?"
"http://www.indeed.com/rc/clk?jk=e1e6662a01645bf6";"?";"197000000";"?";"13824927";"?";"170";"?";"whois";"source";"?";"?"
"http://www.indeed.com/cmp/Atmosol/reviews";"?";"197000000";"?";"13824927";"?";"170";"?";"whois";"source";"?";"?"
"http://www.indeed.com/q-Atmosol-l-Chandler-AZ-jobs.html";"?";"197000000";"?";"13824927";"?";"170";"?";"whois";"source";"?";"?"
"http://www.indeed.com/l-Chandler-AZ-jobs.html";"?";"197000000";"?";"13824927";"?";"170";"?";"whois";"source";"?";"?"
"http://www.indeed.com/salary?q1=Full+Stack+Web+Developer&l1=Chandler%2C+AZ";"?";"197000000";"?";"13824927";"?";"170";"?";"whois";"source";"?";"?"
"http://www.indeed.com/cmp/Atmosol";"?";"197000000";"?";"13824927";"?";"170";"?";"whois";"source";"?";"?"
"http://www.indeed.com/forum/loc/Chandler-Arizona.html";"?";"197000000";"?";"13824927";"?";"170";"?";"whois";"source";"?";"?"
"http://www.indeed.com/forum/cmp/Atmosol.html";"?";"197000000";"?";"13824927";"?";"170";"?";"whois";"source";"?";"?"
"http://www.indeed.com/rc/clk?jk=9ec3265afee2d1d4";"?";"197000000";"?";"13824927";"?";"170";"?";"whois";"source";"?";"?"
"http://www.indeed.com/cmp/Microsoft/reviews";"?";"197000000";"?";"13824927";"?";"170";"?";"whois";"source";"?";"?"
"http://www.indeed.com/jobs?q=software+developer+%28nosql+or+mongodb+or+cassandra+or+hadoop+or+hbase+or+clojure+or+haskell%29&rbt=Software+Development+Engineer%2C+Principal+-+880318+Job&rbc=Microsoft&jtid=4920e8109a7260ed&jcid=734cb5a01ee60f80&jt=fulltime&limit=100&fromage=7&grp=tcl";"?";"197000000";"?";"13824927";"?";"170";"?";"whois";"source";"?";"?"
"http://www.indeed.com/q-Microsoft-l-Redmond-WA-jobs.html";"?";"197000000";"?";"13824927";"?";"170";"?";"whois";"source";"?";"?"
"http://www.indeed.com/l-Redmond-WA-jobs.html";"?";"197000000";"?";"13824927";"?";"170";"?";"whois";"source";"?";"?"
"http://www.indeed.com/salary?q1=Software+Development+Engineer&l1=Redmond%2C+WA";"?";"197000000";"?";"13824927";"?";"170";"?";"whois";"source";"?";"?"
"http://www.indeed.com/cmp/Microsoft";"?";"197000000";"?";"13824927";"?";"170";"?";"whois";"source";"?";"?"
"http://www.indeed.com/forum/loc/Redmond-Washington.html";"?";"197000000";"?";"13824927";"?";"170";"?";"whois";"source";"?";"?"
"http://www.indeed.com/forum/cmp/Microsoft.html";"?";"197000000";"?";"13824927";"?";"170";"?";"whois";"source";"?";"?"
"http://www.indeed.com/rc/clk?jk=029b6f9dc51f22cf";"?";"197000000";"?";"13824927";"?";"170";"?";"whois";"source";"?";"?"
"http://www.indeed.com/q-Buchanan-&-Edwards-l-Washington-DC-jobs.html";"?";"197000000";"?";"13824927";"?";"170";"?";"whois";"source";"?";"?"
"http://www.indeed.com/salary?q1=Java+Developer&l1=Washington%2C+DC";"?";"197000000";"?";"13824927";"?";"170";"?";"whois";"source";"?";"?"
"http://www.indeed.com/cmp/Buchanan-&-Edwards";"?";"197000000";"?";"13824927";"?";"170";"?";"whois";"source";"?";"?"
"http://www.indeed.com/forum/job/Java-Developer.html";"?";"197000000";"?";"13824927";"?";"170";"?";"whois";"source";"?";"?"
"http://www.indeed.com/forum/cmp/Buchanan-%26-Edwards.html";"?";"197000000";"?";"13824927";"?";"170";"?";"whois";"source";"?";"?"
"http://www.indeed.com/rc/clk?jk=4a9f69b0479e05e3";"?";"197000000";"?";"13824927";"?";"170";"?";"whois";"source";"?";"?"
"http://www.indeed.com/q-Dell-l-Providence-RI-jobs.html";"?";"197000000";"?";"13824927";"?";"170";"?";"whois";"source";"?";"?"
"http://www.indeed.com/l-Providence-RI-jobs.html";"?";"197000000";"?";"13824927";"?";"170";"?";"whois";"source";"?";"?"
"http://www.indeed.com/salary?q1=C%2B%2B+Window+Developer+Remote&l1=Providence%2C+RI";"?";"197000000";"?";"13824927";"?";"170";"?";"whois";"source";"?";"?"
"http://www.indeed.com/forum/loc/Providence-Rhode-Island.html";"?";"197000000";"?";"13824927";"?";"170";"?";"whois";"source";"?";"?"
"http://www.indeed.com/rc/clk?jk=f22b34d60f67f9f4";"?";"197000000";"?";"13824927";"?";"170";"?";"whois";"source";"?";"?"
"http://www.indeed.com/rc/clk?jk=895c0eb19073c0d2";"?";"197000000";"?";"13824927";"?";"170";"?";"whois";"source";"?";"?"
"http://www.indeed.com/cmp/Tetra-Tech/reviews";"?";"197000000";"?";"13824927";"?";"170";"?";"whois";"source";"?";"?"
"http://www.indeed.com/q-Tetra-Tech-l-Washington-DC-jobs.html";"?";"197000000";"?";"13824927";"?";"170";"?";"whois";"source";"?";"?"
"http://www.indeed.com/salary?q1=Junior+Java+Developer&l1=Washington%2C+DC";"?";"197000000";"?";"13824927";"?";"170";"?";"whois";"source";"?";"?"
"http://www.indeed.com/cmp/Tetra-Tech";"?";"197000000";"?";"13824927";"?";"170";"?";"whois";"source";"?";"?"
"http://www.indeed.com/forum/cmp/Tetra-Tech.html";"?";"197000000";"?";"13824927";"?";"170";"?";"whois";"source";"?";"?"
"http://www.indeed.com/rc/clk?jk=8ef7b431a466357b";"?";"197000000";"?";"13824927";"?";"170";"?";"whois";"source";"?";"?"
"http://www.indeed.com/cmp/Stinger-Ghaffarian-Technologies/reviews";"?";"197000000";"?";"13824927";"?";"170";"?";"whois";"source";"?";"?"
"http://www.indeed.com/q-Stinger-Ghaffarian-Technologies-l-Sioux-Falls-SD-jobs.html";"?";"197000000";"?";"13824927";"?";"170";"?";"whois";"source";"?";"?"
"http://www.indeed.com/l-Sioux-Falls-SD-jobs.html";"?";"197000000";"?";"13824927";"?";"170";"?";"whois";"source";"?";"?"
"http://www.indeed.com/salary?q1=Geospatial+Data+Service+Developer&l1=Sioux+Falls%2C+SD";"?";"197000000";"?";"13824927";"?";"170";"?";"whois";"source";"?";"?"
"http://www.indeed.com/cmp/Stinger-Ghaffarian-Technologies";"?";"197000000";"?";"13824927";"?";"170";"?";"whois";"source";"?";"?"
"http://www.indeed.com/forum/loc/Sioux-Falls-South-Dakota.html";"?";"197000000";"?";"13824927";"?";"170";"?";"whois";"source";"?";"?"
"http://www.indeed.com/forum/cmp/Stinger-Ghaffarian-Technologies.html";"?";"197000000";"?";"13824927";"?";"170";"?";"whois";"source";"?";"?"
"http://www.indeed.com/rc/clk?jk=dd01decb7d92a7af";"?";"197000000";"?";"13824927";"?";"170";"?";"whois";"source";"?";"?"
"http://www.indeed.com/jobs?q=software+developer+%28nosql+or+mongodb+or+cassandra+or+hadoop+or+hbase+or+clojure+or+haskell%29&rbt=RE+Software+Developer+%28Massachusetts%29&rbc=Cipher+Tech+Solutions&jtid=1f4ac1182d9001a4&jcid=4d990380e125d30e&jt=fulltime&limit=100&fromage=7&grp=tcl";"?";"197000000";"?";"13824927";"?";"170";"?";"whois";"source";"?";"?"
"http://www.indeed.com/q-Cipher-Tech-Solutions-l-Boston-MA-jobs.html";"?";"197000000";"?";"13824927";"?";"170";"?";"whois";"source";"?";"?"
"http://www.indeed.com/l-Boston-MA-jobs.html";"?";"197000000";"?";"13824927";"?";"170";"?";"whois";"source";"?";"?"
"http://www.indeed.com/salary?q1=Re+Software+Developer&l1=Boston%2C+MA";"?";"197000000";"?";"13824927";"?";"170";"?";"whois";"source";"?";"?"
"http://www.indeed.com/forum/loc/Boston-Massachusetts.html";"?";"197000000";"?";"13824927";"?";"170";"?";"whois";"source";"?";"?"
"http://www.indeed.com/forum/cmp/Cipher-Tech-Solutions-1.html";"?";"197000000";"?";"13824927";"?";"170";"?";"whois";"source";"?";"?"
"http://www.indeed.com/rc/clk?jk=d04eb4dabc6bd3d2";"?";"197000000";"?";"13824927";"?";"170";"?";"whois";"source";"?";"?"
"http://www.indeed.com/q-Spredfast-l-Austin-TX-jobs.html";"?";"197000000";"?";"13824927";"?";"170";"?";"whois";"source";"?";"?"
"http://www.indeed.com/l-Austin-TX-jobs.html";"?";"197000000";"?";"13824927";"?";"170";"?";"whois";"source";"?";"?"
"http://www.indeed.com/salary?q1=Mass+Relevance+Platform+Web+Engineer&l1=Austin%2C+TX";"?";"197000000";"?";"13824927";"?";"170";"?";"whois";"source";"?";"?"
"http://www.indeed.com/cmp/Spredfast";"?";"197000000";"?";"13824927";"?";"170";"?";"whois";"source";"?";"?"
"http://www.indeed.com/forum/loc/Austin-Texas.html";"?";"197000000";"?";"13824927";"?";"170";"?";"whois";"source";"?";"?"
"http://www.indeed.com/forum/cmp/Spredfast.html";"?";"197000000";"?";"13824927";"?";"170";"?";"whois";"source";"?";"?"
"http://www.indeed.com/rc/clk?jk=f1e8270e0b220ab5";"?";"197000000";"?";"13824927";"?";"170";"?";"whois";"source";"?";"?"
"http://www.indeed.com/q-Solution-Street-l-Herndon-VA-jobs.html";"?";"197000000";"?";"13824927";"?";"170";"?";"whois";"source";"?";"?"
"http://www.indeed.com/l-Herndon-VA-jobs.html";"?";"197000000";"?";"13824927";"?";"170";"?";"whois";"source";"?";"?"
"http://www.indeed.com/salary?q1=Exciting+Software+Developer+Opportunity&l1=Herndon%2C+VA";"?";"197000000";"?";"13824927";"?";"170";"?";"whois";"source";"?";"?"
"http://www.indeed.com/cmp/Solution-Street";"?";"197000000";"?";"13824927";"?";"170";"?";"whois";"source";"?";"?"
"http://www.indeed.com/forum/loc/Herndon-Virginia.html";"?";"197000000";"?";"13824927";"?";"170";"?";"whois";"source";"?";"?"
"http://www.indeed.com/forum/cmp/Solution-Street.html";"?";"197000000";"?";"13824927";"?";"170";"?";"whois";"source";"?";"?"
"http://www.indeed.com/rc/clk?jk=e77ec752fbb24d66";"?";"197000000";"?";"13824927";"?";"170";"?";"whois";"source";"?";"?"
"http://www.indeed.com/cmp/Robert-Half/reviews";"?";"197000000";"?";"13824927";"?";"170";"?";"whois";"source";"?";"?"
"http://www.indeed.com/q-Robert-Half-Technology-l-Plymouth-Meeting-PA-jobs.html";"?";"197000000";"?";"13824927";"?";"170";"?";"whois";"source";"?";"?"
"http://www.indeed.com/l-Plymouth-Meeting-PA-jobs.html";"?";"197000000";"?";"13824927";"?";"170";"?";"whois";"source";"?";"?"
"http://www.indeed.com/salary?q1=Software+Developer&l1=Plymouth+Meeting%2C+PA";"?";"197000000";"?";"13824927";"?";"170";"?";"whois";"source";"?";"?"
"http://www.indeed.com/cmp/Robert-Half";"?";"197000000";"?";"13824927";"?";"170";"?";"whois";"source";"?";"?"
"http://www.indeed.com/forum/loc/Plymouth-Meeting-Pennsylvania.html";"?";"197000000";"?";"13824927";"?";"170";"?";"whois";"source";"?";"?"
"http://www.indeed.com/forum/cmp/Robert-Half.html";"?";"197000000";"?";"13824927";"?";"170";"?";"whois";"source";"?";"?"
"http://www.indeed.com/rc/clk?jk=a77b526b46d2f6b7";"?";"197000000";"?";"13824927";"?";"170";"?";"whois";"source";"?";"?"
"http://www.indeed.com/q-Xceed-Career-Services-l-Northbrook-IL-jobs.html";"?";"197000000";"?";"13824927";"?";"170";"?";"whois";"source";"?";"?"
"http://www.indeed.com/l-Northbrook-IL-jobs.html";"?";"197000000";"?";"13824927";"?";"170";"?";"whois";"source";"?";"?"
"http://www.indeed.com/salary?q1=Hadoop+Developer&l1=Northbrook%2C+IL";"?";"197000000";"?";"13824927";"?";"170";"?";"whois";"source";"?";"?"
"http://www.indeed.com/forum/loc/Northbrook-Illinois.html";"?";"197000000";"?";"13824927";"?";"170";"?";"whois";"source";"?";"?"
"http://www.indeed.com/forum/cmp/Xceed-Career-Services.html";"?";"197000000";"?";"13824927";"?";"170";"?";"whois";"source";"?";"?"
"http://www.indeed.com/rc/clk?jk=fb7cef3d1f173dc3";"?";"197000000";"?";"13824927";"?";"170";"?";"whois";"source";"?";"?"
"http://www.indeed.com/q-Gokart-Labs-l-United-States-jobs.html";"?";"197000000";"?";"13824927";"?";"170";"?";"whois";"source";"?";"?"
"http://www.indeed.com/l-United-States-jobs.html";"?";"197000000";"?";"13824927";"?";"170";"?";"whois";"source";"?";"?"
"http://www.indeed.com/salary?q1=PHP+Developer&l1=United+States";"?";"197000000";"?";"13824927";"?";"170";"?";"whois";"source";"?";"?"
"http://www.indeed.com/forum/job/PHP-Developer.html";"?";"197000000";"?";"13824927";"?";"170";"?";"whois";"source";"?";"?"
"http://www.indeed.com/forum/cmp/Gokart-Labs.html";"?";"197000000";"?";"13824927";"?";"170";"?";"whois";"source";"?";"?"
"http://www.indeed.com/rc/clk?jk=bfb740db287df6c9";"?";"197000000";"?";"13824927";"?";"170";"?";"whois";"source";"?";"?"
"http://www.indeed.com/q-Continental-US-l-Santa-Clara-CA-jobs.html";"?";"197000000";"?";"13824927";"?";"170";"?";"whois";"source";"?";"?"
"http://www.indeed.com/l-Santa-Clara-CA-jobs.html";"?";"197000000";"?";"13824927";"?";"170";"?";"whois";"source";"?";"?"
"http://www.indeed.com/salary?q1=Software+Test+Engineer&l1=Santa+Clara%2C+CA";"?";"197000000";"?";"13824927";"?";"170";"?";"whois";"source";"?";"?"
"http://www.indeed.com/cmp/Continental-US";"?";"197000000";"?";"13824927";"?";"170";"?";"whois";"source";"?";"?"
"http://www.indeed.com/forum/loc/Santa-Clara-California.html";"?";"197000000";"?";"13824927";"?";"170";"?";"whois";"source";"?";"?"
"http://www.indeed.com/forum/cmp/Continental-US.html";"?";"197000000";"?";"13824927";"?";"170";"?";"whois";"source";"?";"?"
"http://www.indeed.com/rc/clk?jk=95baf0b327a3103c";"?";"197000000";"?";"13824927";"?";"170";"?";"whois";"source";"?";"?"
"http://www.indeed.com/cmp/L--3-Communications/reviews";"?";"197000000";"?";"13824927";"?";"170";"?";"whois";"source";"?";"?"
"http://www.indeed.com/jobs?q=L-+Communications&l=Washington+DC";"?";"197000000";"?";"13824927";"?";"170";"?";"whois";"source";"?";"?"
"http://www.indeed.com/salary?q1=Data+Scientist&l1=Washington%2C+DC";"?";"197000000";"?";"13824927";"?";"170";"?";"whois";"source";"?";"?"
"http://www.indeed.com/cmp/L--3-Communications";"?";"197000000";"?";"13824927";"?";"170";"?";"whois";"source";"?";"?"
"http://www.indeed.com/forum/cmp/L--3-Communications.html";"?";"197000000";"?";"13824927";"?";"170";"?";"whois";"source";"?";"?"
"http://www.indeed.com/rc/clk?jk=5fb9c5bdcef7bf64";"?";"197000000";"?";"13824927";"?";"170";"?";"whois";"source";"?";"?"
"http://www.indeed.com/q-Axius-Technologies-l-Durham-NC-jobs.html";"?";"197000000";"?";"13824927";"?";"170";"?";"whois";"source";"?";"?"
"http://www.indeed.com/l-Durham-NC-jobs.html";"?";"197000000";"?";"13824927";"?";"170";"?";"whois";"source";"?";"?"
"http://www.indeed.com/salary?q1=No+SQL+Developer&l1=Durham%2C+NC";"?";"197000000";"?";"13824927";"?";"170";"?";"whois";"source";"?";"?"
"http://www.indeed.com/cmp/Axius-Technologies-Inc";"?";"197000000";"?";"13824927";"?";"170";"?";"whois";"source";"?";"?"
"http://www.indeed.com/forum/job/SQL-Developer.html";"?";"197000000";"?";"13824927";"?";"170";"?";"whois";"source";"?";"?"
"http://www.indeed.com/forum/loc/Durham-North-Carolina.html";"?";"197000000";"?";"13824927";"?";"170";"?";"whois";"source";"?";"?"
"http://www.indeed.com/forum/cmp/Axius-Technologies-Inc.html";"?";"197000000";"?";"13824927";"?";"170";"?";"whois";"source";"?";"?"
"http://www.indeed.com/rc/clk?jk=8d8137438ec9353c";"?";"197000000";"?";"13824927";"?";"170";"?";"whois";"source";"?";"?"
"http://www.indeed.com/cmp/Walmart/reviews";"?";"197000000";"?";"13824927";"?";"170";"?";"whois";"source";"?";"?"
"http://www.indeed.com/q-Walmart-l-San-Bruno-CA-jobs.html";"?";"197000000";"?";"13824927";"?";"170";"?";"whois";"source";"?";"?"
"http://www.indeed.com/l-San-Bruno-CA-jobs.html";"?";"197000000";"?";"13824927";"?";"170";"?";"whois";"source";"?";"?"
"http://www.indeed.com/salary?q1=Software+System+Engineer&l1=San+Bruno%2C+CA";"?";"197000000";"?";"13824927";"?";"170";"?";"whois";"source";"?";"?"
"http://www.indeed.com/cmp/Walmart";"?";"197000000";"?";"13824927";"?";"170";"?";"whois";"source";"?";"?"
"http://www.indeed.com/forum/loc/SAN-Bruno-California.html";"?";"197000000";"?";"13824927";"?";"170";"?";"whois";"source";"?";"?"
"http://www.indeed.com/forum/cmp/Walmart.html";"?";"197000000";"?";"13824927";"?";"170";"?";"whois";"source";"?";"?"
"http://www.indeed.com/rc/clk?jk=158268eda1ac83cc";"?";"197000000";"?";"13824927";"?";"170";"?";"whois";"source";"?";"?"
"http://www.indeed.com/q-Xceed-Career-Services-l-Plano-TX-jobs.html";"?";"197000000";"?";"13824927";"?";"170";"?";"whois";"source";"?";"?"
"http://www.indeed.com/l-Plano-TX-jobs.html";"?";"197000000";"?";"13824927";"?";"170";"?";"whois";"source";"?";"?"
"http://www.indeed.com/salary?q1=Software+Developer&l1=Plano%2C+TX";"?";"197000000";"?";"13824927";"?";"170";"?";"whois";"source";"?";"?"
"http://www.indeed.com/forum/loc/Plano-Texas.html";"?";"197000000";"?";"13824927";"?";"170";"?";"whois";"source";"?";"?"
"http://www.indeed.com/rc/clk?jk=10163edf3073c09b";"?";"197000000";"?";"13824927";"?";"170";"?";"whois";"source";"?";"?"
"http://www.indeed.com/cmp/Leidos/reviews";"?";"197000000";"?";"13824927";"?";"170";"?";"whois";"source";"?";"?"
"http://www.indeed.com/q-Leidos-l-Springfield-VA-jobs.html";"?";"197000000";"?";"13824927";"?";"170";"?";"whois";"source";"?";"?"
"http://www.indeed.com/l-Springfield-VA-jobs.html";"?";"197000000";"?";"13824927";"?";"170";"?";"whois";"source";"?";"?"
"http://www.indeed.com/salary?q1=Senior+Sw+Engineer&l1=Springfield%2C+VA";"?";"197000000";"?";"13824927";"?";"170";"?";"whois";"source";"?";"?"
"http://www.indeed.com/cmp/Leidos";"?";"197000000";"?";"13824927";"?";"170";"?";"whois";"source";"?";"?"
"http://www.indeed.com/forum/loc/Springfield-Virginia.html";"?";"197000000";"?";"13824927";"?";"170";"?";"whois";"source";"?";"?"
"http://www.indeed.com/forum/cmp/Leidos.html";"?";"197000000";"?";"13824927";"?";"170";"?";"whois";"source";"?";"?"
"http://www.indeed.com/rc/clk?jk=37a0f7a91addd854";"?";"197000000";"?";"13824927";"?";"170";"?";"whois";"source";"?";"?"
"http://www.indeed.com/q-Continental-Ag-l-Santa-Clara-CA-jobs.html";"?";"197000000";"?";"13824927";"?";"170";"?";"whois";"source";"?";"?"
"http://www.indeed.com/forum/cmp/Continental-Ag---US.html";"?";"197000000";"?";"13824927";"?";"170";"?";"whois";"source";"?";"?"
"http://www.indeed.com/rc/clk?jk=e7e86b3d68db0aa3";"?";"197000000";"?";"13824927";"?";"170";"?";"whois";"source";"?";"?"
"http://www.indeed.com/q-Tecport-Solutions-l-Pensacola-FL-jobs.html";"?";"197000000";"?";"13824927";"?";"170";"?";"whois";"source";"?";"?"
"http://www.indeed.com/l-Pensacola-FL-jobs.html";"?";"197000000";"?";"13824927";"?";"170";"?";"whois";"source";"?";"?"
"http://www.indeed.com/salary?q1=Database+Engineer&l1=Pensacola%2C+FL";"?";"197000000";"?";"13824927";"?";"170";"?";"whois";"source";"?";"?"
"http://www.indeed.com/cmp/Tecport-Solutions-Inc.";"?";"197000000";"?";"13824927";"?";"170";"?";"whois";"source";"?";"?"
"http://www.indeed.com/forum/loc/Pensacola-Florida.html";"?";"197000000";"?";"13824927";"?";"170";"?";"whois";"source";"?";"?"
"http://www.indeed.com/forum/cmp/Tecport-Solutions%2C-Inc..html";"?";"197000000";"?";"13824927";"?";"170";"?";"whois";"source";"?";"?"
"http://www.indeed.com/rc/clk?jk=5f6868bd7e4dcc7c";"?";"197000000";"?";"13824927";"?";"170";"?";"whois";"source";"?";"?"
"http://www.indeed.com/q-Logmein-l-Boston-MA-jobs.html";"?";"197000000";"?";"13824927";"?";"170";"?";"whois";"source";"?";"?"
"http://www.indeed.com/salary?q1=Senior+Software+Engineer&l1=Boston%2C+MA";"?";"197000000";"?";"13824927";"?";"170";"?";"whois";"source";"?";"?"
"http://www.indeed.com/cmp/Logmein-Inc.";"?";"197000000";"?";"13824927";"?";"170";"?";"whois";"source";"?";"?"
"http://www.indeed.com/forum/cmp/Logmein%2C-Inc..html";"?";"197000000";"?";"13824927";"?";"170";"?";"whois";"source";"?";"?"
"http://www.indeed.com/rc/clk?jk=c47f4b157793ff7a";"?";"197000000";"?";"13824927";"?";"170";"?";"whois";"source";"?";"?"
"http://www.indeed.com/cmp/Booz-Allen-Hamilton/reviews";"?";"197000000";"?";"13824927";"?";"170";"?";"whois";"source";"?";"?"
"http://www.indeed.com/q-Booz-Allen-Hamilton-l-Annapolis-Junction-MD-jobs.html";"?";"197000000";"?";"13824927";"?";"170";"?";"whois";"source";"?";"?"
"http://www.indeed.com/salary?q1=Cloud+Software+Engineer&l1=Annapolis+Junction%2C+MD";"?";"197000000";"?";"13824927";"?";"170";"?";"whois";"source";"?";"?"
"http://www.indeed.com/cmp/Booz-Allen-Hamilton";"?";"197000000";"?";"13824927";"?";"170";"?";"whois";"source";"?";"?"
"http://www.indeed.com/forum/cmp/Booz-Allen-Hamilton.html";"?";"197000000";"?";"13824927";"?";"170";"?";"whois";"source";"?";"?"
"http://www.indeed.com/rc/clk?jk=3ed2a71e7e26ce43";"?";"197000000";"?";"13824927";"?";"170";"?";"whois";"source";"?";"?"
"http://www.indeed.com/q-Genscape-l-Boston-MA-jobs.html";"?";"197000000";"?";"13824927";"?";"170";"?";"whois";"source";"?";"?"
"http://www.indeed.com/salary?q1=Software+Developer&l1=Boston%2C+MA";"?";"197000000";"?";"13824927";"?";"170";"?";"whois";"source";"?";"?"
"http://www.indeed.com/cmp/Genscape-Inc.";"?";"197000000";"?";"13824927";"?";"170";"?";"whois";"source";"?";"?"
"http://www.indeed.com/forum/cmp/Genscape%2C-Inc..html";"?";"197000000";"?";"13824927";"?";"170";"?";"whois";"source";"?";"?"
"http://www.indeed.com/rc/clk?jk=9e8cd03a71d7a349";"?";"197000000";"?";"13824927";"?";"170";"?";"whois";"source";"?";"?"
"http://www.indeed.com/cmp/Zenimax-Online-Studios/reviews";"?";"197000000";"?";"13824927";"?";"170";"?";"whois";"source";"?";"?"
"http://www.indeed.com/q-Zenimax-Online-Studios-l-Hunt-Valley-MD-jobs.html";"?";"197000000";"?";"13824927";"?";"170";"?";"whois";"source";"?";"?"
"http://www.indeed.com/l-Hunt-Valley-MD-jobs.html";"?";"197000000";"?";"13824927";"?";"170";"?";"whois";"source";"?";"?"
"http://www.indeed.com/salary?q1=New+Grad&l1=Hunt+Valley%2C+MD";"?";"197000000";"?";"13824927";"?";"170";"?";"whois";"source";"?";"?"
"http://www.indeed.com/cmp/Zenimax-Online-Studios";"?";"197000000";"?";"13824927";"?";"170";"?";"whois";"source";"?";"?"
"http://www.indeed.com/forum/cmp/Zenimax-Online-Studios.html";"?";"197000000";"?";"13824927";"?";"170";"?";"whois";"source";"?";"?"
"http://www.indeed.com/rc/clk?jk=cd2de4f6415e73ea";"?";"197000000";"?";"13824927";"?";"170";"?";"whois";"source";"?";"?"
"http://www.indeed.com/q-Sparkcentral-l-San-Francisco-CA-jobs.html";"?";"197000000";"?";"13824927";"?";"170";"?";"whois";"source";"?";"?"
"http://www.indeed.com/salary?q1=Senior+Software+Engineer&l1=San+Francisco%2C+CA";"?";"197000000";"?";"13824927";"?";"170";"?";"whois";"source";"?";"?"
"http://www.indeed.com/forum/cmp/Sparkcentral.html";"?";"197000000";"?";"13824927";"?";"170";"?";"whois";"source";"?";"?"
"http://www.indeed.com/rc/clk?jk=e55e2c911f65e7ba";"?";"197000000";"?";"13824927";"?";"170";"?";"whois";"source";"?";"?"
"http://www.indeed.com/cmp/Amazon.com/reviews";"?";"197000000";"?";"13824927";"?";"170";"?";"whois";"source";"?";"?"
"http://www.indeed.com/q-Amazon-Corporate-l-Detroit-MI-jobs.html";"?";"197000000";"?";"13824927";"?";"170";"?";"whois";"source";"?";"?"
"http://www.indeed.com/l-Detroit-MI-jobs.html";"?";"197000000";"?";"13824927";"?";"170";"?";"whois";"source";"?";"?"
"http://www.indeed.com/salary?q1=Software+Development+Manager&l1=Detroit%2C+MI";"?";"197000000";"?";"13824927";"?";"170";"?";"whois";"source";"?";"?"
"http://www.indeed.com/cmp/Amazon.com";"?";"197000000";"?";"13824927";"?";"170";"?";"whois";"source";"?";"?"
"http://www.indeed.com/forum/loc/Detroit-Michigan.html";"?";"197000000";"?";"13824927";"?";"170";"?";"whois";"source";"?";"?"
"http://www.indeed.com/forum/cmp/Amazon.com.html";"?";"197000000";"?";"13824927";"?";"170";"?";"whois";"source";"?";"?"
"http://www.indeed.com/rc/clk?jk=b5682747846bd398";"?";"197000000";"?";"13824927";"?";"170";"?";"whois";"source";"?";"?"
"http://www.indeed.com/q-Decision-Resources-Group-l-Burlington-MA-jobs.html";"?";"197000000";"?";"13824927";"?";"170";"?";"whois";"source";"?";"?"
"http://www.indeed.com/l-Burlington-MA-jobs.html";"?";"197000000";"?";"13824927";"?";"170";"?";"whois";"source";"?";"?"
"http://www.indeed.com/salary?q1=Ruby+Rail+Senior+Software+Engineer+Project+Lead&l1=Burlington%2C+MA";"?";"197000000";"?";"13824927";"?";"170";"?";"whois";"source";"?";"?"
"http://www.indeed.com/forum/loc/Burlington-Massachusetts.html";"?";"197000000";"?";"13824927";"?";"170";"?";"whois";"source";"?";"?"
"http://www.indeed.com/forum/cmp/Decision-Resources-Group.html";"?";"197000000";"?";"13824927";"?";"170";"?";"whois";"source";"?";"?"
"http://www.indeed.com/rc/clk?jk=747ae25d9600a1d6";"?";"197000000";"?";"13824927";"?";"170";"?";"whois";"source";"?";"?"
"http://www.indeed.com/cmp/Experian/reviews";"?";"197000000";"?";"13824927";"?";"170";"?";"whois";"source";"?";"?"
"http://www.indeed.com/q-Experian-l-San-Jose-CA-jobs.html";"?";"197000000";"?";"13824927";"?";"170";"?";"whois";"source";"?";"?"
"http://www.indeed.com/l-San-Jose-CA-jobs.html";"?";"197000000";"?";"13824927";"?";"170";"?";"whois";"source";"?";"?"
"http://www.indeed.com/salary?q1=Senior+Software+Engineer&l1=San+Jose%2C+CA";"?";"197000000";"?";"13824927";"?";"170";"?";"whois";"source";"?";"?"
"http://www.indeed.com/cmp/Experian";"?";"197000000";"?";"13824927";"?";"170";"?";"whois";"source";"?";"?"
"http://www.indeed.com/forum/loc/SAN-Jose-California.html";"?";"197000000";"?";"13824927";"?";"170";"?";"whois";"source";"?";"?"
"http://www.indeed.com/forum/cmp/Experian.html";"?";"197000000";"?";"13824927";"?";"170";"?";"whois";"source";"?";"?"
"http://www.indeed.com/rc/clk?jk=dcbb19b3f5173413";"?";"197000000";"?";"13824927";"?";"170";"?";"whois";"source";"?";"?"
"http://www.indeed.com/cmp/Silver-Chalice/reviews";"?";"197000000";"?";"13824927";"?";"170";"?";"whois";"source";"?";"?"
"http://www.indeed.com/q-Silver-Chalice-l-Boulder-CO-jobs.html";"?";"197000000";"?";"13824927";"?";"170";"?";"whois";"source";"?";"?"
"http://www.indeed.com/salary?q1=Senior+Software+Engineer&l1=Boulder%2C+CO";"?";"197000000";"?";"13824927";"?";"170";"?";"whois";"source";"?";"?"
"http://www.indeed.com/cmp/Silver-Chalice";"?";"197000000";"?";"13824927";"?";"170";"?";"whois";"source";"?";"?"
"http://www.indeed.com/forum/cmp/Silver-Chalice.html";"?";"197000000";"?";"13824927";"?";"170";"?";"whois";"source";"?";"?"
"http://www.indeed.com/rc/clk?jk=3504d447645a3a66";"?";"197000000";"?";"13824927";"?";"170";"?";"whois";"source";"?";"?"
"http://www.indeed.com/q-Booz-Allen-Hamilton-l-Herndon-VA-jobs.html";"?";"197000000";"?";"13824927";"?";"170";"?";"whois";"source";"?";"?"
"http://www.indeed.com/salary?q1=Mobile+Application+Developer&l1=Herndon%2C+VA";"?";"197000000";"?";"13824927";"?";"170";"?";"whois";"source";"?";"?"
"http://www.indeed.com/rc/clk?jk=9df2f14387bd91a8";"?";"197000000";"?";"13824927";"?";"170";"?";"whois";"source";"?";"?"
"http://www.indeed.com/salary?q1=Datawarehouse+Netezza+Database&l1=Charlotte%2C+NC";"?";"197000000";"?";"13824927";"?";"170";"?";"whois";"source";"?";"?"
"http://www.indeed.com/rc/clk?jk=dbefe89a47369bc4";"?";"197000000";"?";"13824927";"?";"170";"?";"whois";"source";"?";"?"
"http://www.indeed.com/cmp/Bank-of-New-York-Mellon/reviews";"?";"197000000";"?";"13824927";"?";"170";"?";"whois";"source";"?";"?"
"http://www.indeed.com/q-Bny-Mellon-l-Pittsburgh-PA-jobs.html";"?";"197000000";"?";"13824927";"?";"170";"?";"whois";"source";"?";"?"
"http://www.indeed.com/l-Pittsburgh-PA-jobs.html";"?";"197000000";"?";"13824927";"?";"170";"?";"whois";"source";"?";"?"
"http://www.indeed.com/salary?q1=System+Integrator&l1=Pittsburgh%2C+PA";"?";"197000000";"?";"13824927";"?";"170";"?";"whois";"source";"?";"?"
"http://www.indeed.com/cmp/Bank-of-New-York-Mellon";"?";"197000000";"?";"13824927";"?";"170";"?";"whois";"source";"?";"?"
"http://www.indeed.com/forum/loc/Pittsburgh-Pennsylvania.html";"?";"197000000";"?";"13824927";"?";"170";"?";"whois";"source";"?";"?"
"http://www.indeed.com/forum/cmp/Bank-of-New-York-Mellon.html";"?";"197000000";"?";"13824927";"?";"170";"?";"whois";"source";"?";"?"
"http://www.indeed.com/rc/clk?jk=5ab935c8ea08b628";"?";"197000000";"?";"13824927";"?";"170";"?";"whois";"source";"?";"?"
"http://www.indeed.com/cmp/Celerity-IT/reviews";"?";"197000000";"?";"13824927";"?";"170";"?";"whois";"source";"?";"?"
"http://www.indeed.com/q-Celerity-l-Reston-VA-jobs.html";"?";"197000000";"?";"13824927";"?";"170";"?";"whois";"source";"?";"?"
"http://www.indeed.com/l-Reston-VA-jobs.html";"?";"197000000";"?";"13824927";"?";"170";"?";"whois";"source";"?";"?"
"http://www.indeed.com/salary?q1=Front+End+Developer&l1=Reston%2C+VA";"?";"197000000";"?";"13824927";"?";"170";"?";"whois";"source";"?";"?"
"http://www.indeed.com/cmp/Celerity-IT";"?";"197000000";"?";"13824927";"?";"170";"?";"whois";"source";"?";"?"
"http://www.indeed.com/forum/loc/Reston-Virginia.html";"?";"197000000";"?";"13824927";"?";"170";"?";"whois";"source";"?";"?"
"http://www.indeed.com/forum/cmp/Celerity-IT.html";"?";"197000000";"?";"13824927";"?";"170";"?";"whois";"source";"?";"?"
"http://www.indeed.com/rc/clk?jk=6589b5bdea88f052";"?";"197000000";"?";"13824927";"?";"170";"?";"whois";"source";"?";"?"
"http://www.indeed.com/cmp/Juniper-Networks/reviews";"?";"197000000";"?";"13824927";"?";"170";"?";"whois";"source";"?";"?"
"http://www.indeed.com/q-Juniper-Networks-l-Sunnyvale-CA-jobs.html";"?";"197000000";"?";"13824927";"?";"170";"?";"whois";"source";"?";"?"
"http://www.indeed.com/l-Sunnyvale-CA-jobs.html";"?";"197000000";"?";"13824927";"?";"170";"?";"whois";"source";"?";"?"
"http://www.indeed.com/salary?q1=Test+Engineer+Staff&l1=Sunnyvale%2C+CA";"?";"197000000";"?";"13824927";"?";"170";"?";"whois";"source";"?";"?"
"http://www.indeed.com/cmp/Juniper-Networks";"?";"197000000";"?";"13824927";"?";"170";"?";"whois";"source";"?";"?"
"http://www.indeed.com/forum/job/Test-Engineer.html";"?";"197000000";"?";"13824927";"?";"170";"?";"whois";"source";"?";"?"
"http://www.indeed.com/forum/loc/Sunnyvale-California.html";"?";"197000000";"?";"13824927";"?";"170";"?";"whois";"source";"?";"?"
"http://www.indeed.com/forum/cmp/Juniper-Networks.html";"?";"197000000";"?";"13824927";"?";"170";"?";"whois";"source";"?";"?"
"http://www.indeed.com/rc/clk?jk=b19f202036ac3bc3";"?";"197000000";"?";"13824927";"?";"170";"?";"whois";"source";"?";"?"
"http://www.indeed.com/q-Urthecast-l-San-Francisco-CA-jobs.html";"?";"197000000";"?";"13824927";"?";"170";"?";"whois";"source";"?";"?"
"http://www.indeed.com/cmp/Urthecast";"?";"197000000";"?";"13824927";"?";"170";"?";"whois";"source";"?";"?"
"http://www.indeed.com/forum/cmp/Urthecast.html";"?";"197000000";"?";"13824927";"?";"170";"?";"whois";"source";"?";"?"
"http://www.indeed.com/rc/clk?jk=de4803c63f4f1b07";"?";"197000000";"?";"13824927";"?";"170";"?";"whois";"source";"?";"?"
"http://www.indeed.com/q-Booz-Allen-Hamilton-l-Springfield-VA-jobs.html";"?";"197000000";"?";"13824927";"?";"170";"?";"whois";"source";"?";"?"
"http://www.indeed.com/salary?q1=Cloud+System+Engineer&l1=Springfield%2C+VA";"?";"197000000";"?";"13824927";"?";"170";"?";"whois";"source";"?";"?"
"http://www.indeed.com/rc/clk?jk=6195e3376b5fe4bb";"?";"197000000";"?";"13824927";"?";"170";"?";"whois";"source";"?";"?"
"http://www.indeed.com/cmp/EMC-Corporation/reviews";"?";"197000000";"?";"13824927";"?";"170";"?";"whois";"source";"?";"?"
"http://www.indeed.com/q-EMC-l-Pleasant-Grove-UT-jobs.html";"?";"197000000";"?";"13824927";"?";"170";"?";"whois";"source";"?";"?"
"http://www.indeed.com/l-Pleasant-Grove-UT-jobs.html";"?";"197000000";"?";"13824927";"?";"170";"?";"whois";"source";"?";"?"
"http://www.indeed.com/salary?q1=Senior+Business+Intelligence+Application+Developer+Dpad&l1=Pleasant+Grove%2C+UT";"?";"197000000";"?";"13824927";"?";"170";"?";"whois";"source";"?";"?"
"http://www.indeed.com/cmp/EMC-Corporation";"?";"197000000";"?";"13824927";"?";"170";"?";"whois";"source";"?";"?"
"http://www.indeed.com/forum/loc/Pleasant-Grove-Utah.html";"?";"197000000";"?";"13824927";"?";"170";"?";"whois";"source";"?";"?"
"http://www.indeed.com/forum/cmp/EMC-Corporation.html";"?";"197000000";"?";"13824927";"?";"170";"?";"whois";"source";"?";"?"
"http://www.indeed.com/rc/clk?jk=e36230c3d6bd1cea";"?";"197000000";"?";"13824927";"?";"170";"?";"whois";"source";"?";"?"
"http://www.indeed.com/q-Xceed-Career-Services-l-Chantilly-VA-jobs.html";"?";"197000000";"?";"13824927";"?";"170";"?";"whois";"source";"?";"?"
"http://www.indeed.com/l-Chantilly-VA-jobs.html";"?";"197000000";"?";"13824927";"?";"170";"?";"whois";"source";"?";"?"
"http://www.indeed.com/salary?q1=Software+Engineer+Top+Secret+Clearance&l1=Chantilly%2C+VA";"?";"197000000";"?";"13824927";"?";"170";"?";"whois";"source";"?";"?"
"http://www.indeed.com/forum/loc/Chantilly-Virginia.html";"?";"197000000";"?";"13824927";"?";"170";"?";"whois";"source";"?";"?"
"http://www.indeed.com/rc/clk?jk=2d0c68049903cefd";"?";"197000000";"?";"13824927";"?";"170";"?";"whois";"source";"?";"?"
"http://www.indeed.com/q-Pearson-l-Boston-MA-jobs.html";"?";"197000000";"?";"13824927";"?";"170";"?";"whois";"source";"?";"?"
"http://www.indeed.com/salary?q1=Senior+Software+Developer&l1=Boston%2C+MA";"?";"197000000";"?";"13824927";"?";"170";"?";"whois";"source";"?";"?"
"http://www.indeed.com/rc/clk?jk=eec9e77db577d828";"?";"197000000";"?";"13824927";"?";"170";"?";"whois";"source";"?";"?"
"http://www.indeed.com/cmp/Dominion-Enterprises/reviews";"?";"197000000";"?";"13824927";"?";"170";"?";"whois";"source";"?";"?"
"http://www.indeed.com/q-Dominion-Enterprises-l-Norfolk-VA-jobs.html";"?";"197000000";"?";"13824927";"?";"170";"?";"whois";"source";"?";"?"
"http://www.indeed.com/l-Norfolk-VA-jobs.html";"?";"197000000";"?";"13824927";"?";"170";"?";"whois";"source";"?";"?"
"http://www.indeed.com/salary?q1=Database+Developer&l1=Norfolk%2C+VA";"?";"197000000";"?";"13824927";"?";"170";"?";"whois";"source";"?";"?"
"http://www.indeed.com/cmp/Dominion-Enterprises";"?";"197000000";"?";"13824927";"?";"170";"?";"whois";"source";"?";"?"
"http://www.indeed.com/forum/loc/Norfolk-Virginia.html";"?";"197000000";"?";"13824927";"?";"170";"?";"whois";"source";"?";"?"
"http://www.indeed.com/forum/cmp/Dominion-Enterprises.html";"?";"197000000";"?";"13824927";"?";"170";"?";"whois";"source";"?";"?"
"http://www.indeed.com/rc/clk?jk=62e145ab7bc2aeda";"?";"197000000";"?";"13824927";"?";"170";"?";"whois";"source";"?";"?"
"http://www.indeed.com/cmp/Bloomberg/reviews";"?";"197000000";"?";"13824927";"?";"170";"?";"whois";"source";"?";"?"
"http://www.indeed.com/q-Bloomberg-l-New-York-NY-jobs.html";"?";"197000000";"?";"13824927";"?";"170";"?";"whois";"source";"?";"?"
"http://www.indeed.com/salary?q1=Senior+Web+Developer&l1=New+York%2C+NY";"?";"197000000";"?";"13824927";"?";"170";"?";"whois";"source";"?";"?"
"http://www.indeed.com/cmp/Bloomberg";"?";"197000000";"?";"13824927";"?";"170";"?";"whois";"source";"?";"?"
"http://www.indeed.com/forum/cmp/Bloomberg.html";"?";"197000000";"?";"13824927";"?";"170";"?";"whois";"source";"?";"?"
"http://www.indeed.com/rc/clk?jk=900b3da25ab0f4ee";"?";"197000000";"?";"13824927";"?";"170";"?";"whois";"source";"?";"?"
"http://www.indeed.com/q-Incubit-l-Delaware-OH-jobs.html";"?";"197000000";"?";"13824927";"?";"170";"?";"whois";"source";"?";"?"
"http://www.indeed.com/l-Delaware-OH-jobs.html";"?";"197000000";"?";"13824927";"?";"170";"?";"whois";"source";"?";"?"
"http://www.indeed.com/salary?q1=Java+Developer&l1=Delaware%2C+OH";"?";"197000000";"?";"13824927";"?";"170";"?";"whois";"source";"?";"?"
"http://www.indeed.com/forum/loc/Delaware-Ohio.html";"?";"197000000";"?";"13824927";"?";"170";"?";"whois";"source";"?";"?"
"http://www.indeed.com/forum/cmp/Incubit-LLC.html";"?";"197000000";"?";"13824927";"?";"170";"?";"whois";"source";"?";"?"
"http://www.indeed.com/rc/clk?jk=ccafd1abe75189ff";"?";"197000000";"?";"13824927";"?";"170";"?";"whois";"source";"?";"?"
"http://www.indeed.com/salary?q1=Hadoop+Application+Developer&l1=Northbrook%2C+IL";"?";"197000000";"?";"13824927";"?";"170";"?";"whois";"source";"?";"?"
"http://www.indeed.com/rc/clk?jk=ffb9a79626a171ff";"?";"197000000";"?";"13824927";"?";"170";"?";"whois";"source";"?";"?"
"http://www.indeed.com/q-Personalis-l-Menlo-Park-CA-jobs.html";"?";"197000000";"?";"13824927";"?";"170";"?";"whois";"source";"?";"?"
"http://www.indeed.com/salary?q1=Senior+Database+Developer&l1=Menlo+Park%2C+CA";"?";"197000000";"?";"13824927";"?";"170";"?";"whois";"source";"?";"?"
"http://www.indeed.com/forum/cmp/Personalis.html";"?";"197000000";"?";"13824927";"?";"170";"?";"whois";"source";"?";"?"
"http://www.indeed.com/rc/clk?jk=f7d234b6a17ea098";"?";"197000000";"?";"13824927";"?";"170";"?";"whois";"source";"?";"?"
"http://www.indeed.com/q-Verint-Systems-l-Menlo-Park-CA-jobs.html";"?";"197000000";"?";"13824927";"?";"170";"?";"whois";"source";"?";"?"
"http://www.indeed.com/salary?q1=Vice+President&l1=Menlo+Park%2C+CA";"?";"197000000";"?";"13824927";"?";"170";"?";"whois";"source";"?";"?"
"http://www.indeed.com/cmp/Verint-Systems-Inc.";"?";"197000000";"?";"13824927";"?";"170";"?";"whois";"source";"?";"?"
"http://www.indeed.com/forum/cmp/Verint-Systems-Inc..html";"?";"197000000";"?";"13824927";"?";"170";"?";"whois";"source";"?";"?"
"http://www.indeed.com/rc/clk?jk=e246b18f27599e4f";"?";"197000000";"?";"13824927";"?";"170";"?";"whois";"source";"?";"?"
"http://www.indeed.com/q-Paragon-Dynamics-l-Aurora-CO-jobs.html";"?";"197000000";"?";"13824927";"?";"170";"?";"whois";"source";"?";"?"
"http://www.indeed.com/l-Aurora-CO-jobs.html";"?";"197000000";"?";"13824927";"?";"170";"?";"whois";"source";"?";"?"
"http://www.indeed.com/salary?q1=Java+Software+Developer&l1=Aurora%2C+CO";"?";"197000000";"?";"13824927";"?";"170";"?";"whois";"source";"?";"?"
"http://www.indeed.com/forum/loc/Aurora-Colorado.html";"?";"197000000";"?";"13824927";"?";"170";"?";"whois";"source";"?";"?"
"http://www.indeed.com/forum/cmp/Paragon-Dynamics.html";"?";"197000000";"?";"13824927";"?";"170";"?";"whois";"source";"?";"?"
"http://www.indeed.com/rc/clk?jk=27d83789b6108c2e";"?";"197000000";"?";"13824927";"?";"170";"?";"whois";"source";"?";"?"
"http://www.indeed.com/cmp/Digitalglobe/reviews";"?";"197000000";"?";"13824927";"?";"170";"?";"whois";"source";"?";"?"
"http://www.indeed.com/q-Digitalglobe-l-Longmont-CO-jobs.html";"?";"197000000";"?";"13824927";"?";"170";"?";"whois";"source";"?";"?"
"http://www.indeed.com/l-Longmont-CO-jobs.html";"?";"197000000";"?";"13824927";"?";"170";"?";"whois";"source";"?";"?"
"http://www.indeed.com/salary?q1=Senior+Staff+Software+Development+Engineer&l1=Longmont%2C+CO";"?";"197000000";"?";"13824927";"?";"170";"?";"whois";"source";"?";"?"
"http://www.indeed.com/cmp/Digitalglobe";"?";"197000000";"?";"13824927";"?";"170";"?";"whois";"source";"?";"?"
"http://www.indeed.com/forum/loc/Longmont-Colorado.html";"?";"197000000";"?";"13824927";"?";"170";"?";"whois";"source";"?";"?"
"http://www.indeed.com/forum/cmp/Digitalglobe.html";"?";"197000000";"?";"13824927";"?";"170";"?";"whois";"source";"?";"?"
"http://www.indeed.com/rc/clk?jk=0a961c734eb6bc81";"?";"197000000";"?";"13824927";"?";"170";"?";"whois";"source";"?";"?"
"http://www.indeed.com/q-Ipsoft-l-New-York-NY-jobs.html";"?";"197000000";"?";"13824927";"?";"170";"?";"whois";"source";"?";"?"
"http://www.indeed.com/salary?q1=Java+Developer&l1=New+York%2C+NY";"?";"197000000";"?";"13824927";"?";"170";"?";"whois";"source";"?";"?"
"http://www.indeed.com/cmp/Ipsoft-Inc.";"?";"197000000";"?";"13824927";"?";"170";"?";"whois";"source";"?";"?"
"http://www.indeed.com/forum/cmp/Ipsoft-Inc..html";"?";"197000000";"?";"13824927";"?";"170";"?";"whois";"source";"?";"?"
"http://www.indeed.com/rc/clk?jk=b383f6eac7f9bd53";"?";"197000000";"?";"13824927";"?";"170";"?";"whois";"source";"?";"?"
"http://www.indeed.com/cmp/Aquilent/reviews";"?";"197000000";"?";"13824927";"?";"170";"?";"whois";"source";"?";"?"
"http://www.indeed.com/q-Aquilent-l-Laurel-MD-jobs.html";"?";"197000000";"?";"13824927";"?";"170";"?";"whois";"source";"?";"?"
"http://www.indeed.com/l-Laurel-MD-jobs.html";"?";"197000000";"?";"13824927";"?";"170";"?";"whois";"source";"?";"?"
"http://www.indeed.com/salary?q1=Senior+Front+End+Developer&l1=Laurel%2C+MD";"?";"197000000";"?";"13824927";"?";"170";"?";"whois";"source";"?";"?"
"http://www.indeed.com/cmp/Aquilent";"?";"197000000";"?";"13824927";"?";"170";"?";"whois";"source";"?";"?"
"http://www.indeed.com/forum/loc/Laurel-Maryland.html";"?";"197000000";"?";"13824927";"?";"170";"?";"whois";"source";"?";"?"
"http://www.indeed.com/forum/cmp/Aquilent.html";"?";"197000000";"?";"13824927";"?";"170";"?";"whois";"source";"?";"?"
"http://www.indeed.com/rc/clk?jk=eeaf7fdfd396ddb7";"?";"197000000";"?";"13824927";"?";"170";"?";"whois";"source";"?";"?"
"http://www.indeed.com/q-Attask-l-Minneapolis-MN-jobs.html";"?";"197000000";"?";"13824927";"?";"170";"?";"whois";"source";"?";"?"
"http://www.indeed.com/salary?q1=Senior+Software+Engineer&l1=Minneapolis%2C+MN";"?";"197000000";"?";"13824927";"?";"170";"?";"whois";"source";"?";"?"
"http://www.indeed.com/cmp/Attask-Inc.";"?";"197000000";"?";"13824927";"?";"170";"?";"whois";"source";"?";"?"
"http://www.indeed.com/forum/cmp/Attask%2C-Inc..html";"?";"197000000";"?";"13824927";"?";"170";"?";"whois";"source";"?";"?"
"http://www.indeed.com/rc/clk?jk=fb7482418aa44f24";"?";"197000000";"?";"13824927";"?";"170";"?";"whois";"source";"?";"?"
"http://www.indeed.com/cmp/Six3-Systems/reviews";"?";"197000000";"?";"13824927";"?";"170";"?";"whois";"source";"?";"?"
"http://www.indeed.com/q-Systems-l-Aurora-CO-jobs.html";"?";"197000000";"?";"13824927";"?";"170";"?";"whois";"source";"?";"?"
"http://www.indeed.com/salary?q1=Mobile+Application+Developer&l1=Aurora%2C+CO";"?";"197000000";"?";"13824927";"?";"170";"?";"whois";"source";"?";"?"
"http://www.indeed.com/cmp/Six3-Systems";"?";"197000000";"?";"13824927";"?";"170";"?";"whois";"source";"?";"?"
"http://www.indeed.com/forum/cmp/Six3-Systems.html";"?";"197000000";"?";"13824927";"?";"170";"?";"whois";"source";"?";"?"
"http://www.indeed.com/rc/clk?jk=671a965f7a5dd0c5";"?";"197000000";"?";"13824927";"?";"170";"?";"whois";"source";"?";"?"
"http://www.indeed.com/cmp/Compass-Professional-Health-Services/reviews";"?";"197000000";"?";"13824927";"?";"170";"?";"whois";"source";"?";"?"
"http://www.indeed.com/jobs?q=Compass+Professional+Health+Services&l=Dallas+TX&nc=jasx";"?";"197000000";"?";"13824927";"?";"170";"?";"whois";"source";"?";"?"
"http://www.indeed.com/l-Dallas-TX-jobs.html";"?";"197000000";"?";"13824927";"?";"170";"?";"whois";"source";"?";"?"
"http://www.indeed.com/salary?q1=Software+Developer&l1=Dallas%2C+TX";"?";"197000000";"?";"13824927";"?";"170";"?";"whois";"source";"?";"?"
"http://www.indeed.com/cmp/Compass-Professional-Health-Services";"?";"197000000";"?";"13824927";"?";"170";"?";"whois";"source";"?";"?"
"http://www.indeed.com/forum/loc/Dallas-Texas.html";"?";"197000000";"?";"13824927";"?";"170";"?";"whois";"source";"?";"?"
"http://www.indeed.com/forum/cmp/Compass-Professional-Health-Services.html";"?";"197000000";"?";"13824927";"?";"170";"?";"whois";"source";"?";"?"
"http://www.indeed.com/rc/clk?jk=d86525b2f0737b43";"?";"197000000";"?";"13824927";"?";"170";"?";"whois";"source";"?";"?"
"http://www.indeed.com/cmp/Ariba/reviews";"?";"197000000";"?";"13824927";"?";"170";"?";"whois";"source";"?";"?"
"http://www.indeed.com/q-Ariba-l-Sunnyvale-CA-jobs.html";"?";"197000000";"?";"13824927";"?";"170";"?";"whois";"source";"?";"?"
"http://www.indeed.com/salary?q1=Senior+Developer&l1=Sunnyvale%2C+CA";"?";"197000000";"?";"13824927";"?";"170";"?";"whois";"source";"?";"?"
"http://www.indeed.com/cmp/Ariba";"?";"197000000";"?";"13824927";"?";"170";"?";"whois";"source";"?";"?"
"http://www.indeed.com/forum/job/Developer.html";"?";"197000000";"?";"13824927";"?";"170";"?";"whois";"source";"?";"?"
"http://www.indeed.com/forum/cmp/Ariba.html";"?";"197000000";"?";"13824927";"?";"170";"?";"whois";"source";"?";"?"
"http://www.indeed.com/rc/clk?jk=d0c944017684540f";"?";"197000000";"?";"13824927";"?";"170";"?";"whois";"source";"?";"?"
"http://www.indeed.com/q-Endurance-International-Group-l-Orem-UT-jobs.html";"?";"197000000";"?";"13824927";"?";"170";"?";"whois";"source";"?";"?"
"http://www.indeed.com/l-Orem-UT-jobs.html";"?";"197000000";"?";"13824927";"?";"170";"?";"whois";"source";"?";"?"
"http://www.indeed.com/salary?q1=Senior+Python+Developer&l1=Orem%2C+UT";"?";"197000000";"?";"13824927";"?";"170";"?";"whois";"source";"?";"?"
"http://www.indeed.com/cmp/Endurance-International-Group";"?";"197000000";"?";"13824927";"?";"170";"?";"whois";"source";"?";"?"
"http://www.indeed.com/forum/loc/Orem-Utah.html";"?";"197000000";"?";"13824927";"?";"170";"?";"whois";"source";"?";"?"
"http://www.indeed.com/forum/cmp/Endurance-International-Group.html";"?";"197000000";"?";"13824927";"?";"170";"?";"whois";"source";"?";"?"
"http://www.indeed.com/rc/clk?jk=4ac62bbb754deb2c";"?";"197000000";"?";"13824927";"?";"170";"?";"whois";"source";"?";"?"
"http://www.indeed.com/cmp/Workbridge-Associates/reviews";"?";"197000000";"?";"13824927";"?";"170";"?";"whois";"source";"?";"?"
"http://www.indeed.com/q-Workbridge-Associates-l-Santa-Monica-CA-jobs.html";"?";"197000000";"?";"13824927";"?";"170";"?";"whois";"source";"?";"?"
"http://www.indeed.com/salary?q1=Net+Developer&l1=Santa+Monica%2C+CA";"?";"197000000";"?";"13824927";"?";"170";"?";"whois";"source";"?";"?"
"http://www.indeed.com/cmp/Workbridge-Associates";"?";"197000000";"?";"13824927";"?";"170";"?";"whois";"source";"?";"?"
"http://www.indeed.com/forum/cmp/Workbridge-Associates.html";"?";"197000000";"?";"13824927";"?";"170";"?";"whois";"source";"?";"?"
"http://www.indeed.com/rc/clk?jk=133ebe33e9f10b35";"?";"197000000";"?";"13824927";"?";"170";"?";"whois";"source";"?";"?"
"http://www.indeed.com/q-Sphere-Consulting-l-Chicago-IL-jobs.html";"?";"197000000";"?";"13824927";"?";"170";"?";"whois";"source";"?";"?"
"http://www.indeed.com/l-Chicago-IL-jobs.html";"?";"197000000";"?";"13824927";"?";"170";"?";"whois";"source";"?";"?"
"http://www.indeed.com/salary?q1=Ruby+Rail+Developer&l1=Chicago%2C+IL";"?";"197000000";"?";"13824927";"?";"170";"?";"whois";"source";"?";"?"
"http://www.indeed.com/forum/loc/Chicago-Illinois.html";"?";"197000000";"?";"13824927";"?";"170";"?";"whois";"source";"?";"?"
"http://www.indeed.com/forum/cmp/Sphere-Consulting%2C-Inc.html";"?";"197000000";"?";"13824927";"?";"170";"?";"whois";"source";"?";"?"
"http://www.indeed.com/rc/clk?jk=fdb6277c799c7a75";"?";"197000000";"?";"13824927";"?";"170";"?";"whois";"source";"?";"?"
"http://www.indeed.com/cmp/Lockheed-Martin/reviews";"?";"197000000";"?";"13824927";"?";"170";"?";"whois";"source";"?";"?"
"http://www.indeed.com/q-Lockheed-Martin-l-Hanover-MD-jobs.html";"?";"197000000";"?";"13824927";"?";"170";"?";"whois";"source";"?";"?"
"http://www.indeed.com/l-Hanover-MD-jobs.html";"?";"197000000";"?";"13824927";"?";"170";"?";"whois";"source";"?";"?"
"http://www.indeed.com/salary?q1=Software+Engineer+Senior&l1=Hanover%2C+MD";"?";"197000000";"?";"13824927";"?";"170";"?";"whois";"source";"?";"?"
"http://www.indeed.com/cmp/Lockheed-Martin";"?";"197000000";"?";"13824927";"?";"170";"?";"whois";"source";"?";"?"
"http://www.indeed.com/forum/loc/Hanover-Maryland.html";"?";"197000000";"?";"13824927";"?";"170";"?";"whois";"source";"?";"?"
"http://www.indeed.com/forum/cmp/Lockheed-Martin.html";"?";"197000000";"?";"13824927";"?";"170";"?";"whois";"source";"?";"?"
"http://www.indeed.com/rc/clk?jk=082ce63950e2ce16";"?";"197000000";"?";"13824927";"?";"170";"?";"whois";"source";"?";"?"
"http://www.indeed.com/salary?q1=Build+Engineer&l1=Redmond%2C+WA";"?";"197000000";"?";"13824927";"?";"170";"?";"whois";"source";"?";"?"
"http://www.indeed.com/rc/clk?jk=20f414a8c0e575e2";"?";"197000000";"?";"13824927";"?";"170";"?";"whois";"source";"?";"?"
"http://www.indeed.com/salary?q1=Senior+Software+Developer+Tech+Lead&l1=Boston%2C+MA";"?";"197000000";"?";"13824927";"?";"170";"?";"whois";"source";"?";"?"
"http://www.indeed.com/rc/clk?jk=943f629e8e5ebbbb";"?";"197000000";"?";"13824927";"?";"170";"?";"whois";"source";"?";"?"
"http://www.indeed.com/q-Commvault-Americas-l-Oceanport-NJ-jobs.html";"?";"197000000";"?";"13824927";"?";"170";"?";"whois";"source";"?";"?"
"http://www.indeed.com/l-Oceanport-NJ-jobs.html";"?";"197000000";"?";"13824927";"?";"170";"?";"whois";"source";"?";"?"
"http://www.indeed.com/salary?q1=Software+Developer&l1=Oceanport%2C+NJ";"?";"197000000";"?";"13824927";"?";"170";"?";"whois";"source";"?";"?"
"http://www.indeed.com/forum/loc/Oceanport-New-Jersey.html";"?";"197000000";"?";"13824927";"?";"170";"?";"whois";"source";"?";"?"
"http://www.indeed.com/forum/cmp/Commvault-Americas%2C-Inc.html";"?";"197000000";"?";"13824927";"?";"170";"?";"whois";"source";"?";"?"
"http://www.indeed.com/rc/clk?jk=26890f889ea8015a";"?";"197000000";"?";"13824927";"?";"170";"?";"whois";"source";"?";"?"
"http://www.indeed.com/cmp/Vistaprint/reviews";"?";"197000000";"?";"13824927";"?";"170";"?";"whois";"source";"?";"?"
"http://www.indeed.com/q-Vistaprint-l-Lexington-MA-jobs.html";"?";"197000000";"?";"13824927";"?";"170";"?";"whois";"source";"?";"?"
"http://www.indeed.com/l-Lexington-MA-jobs.html";"?";"197000000";"?";"13824927";"?";"170";"?";"whois";"source";"?";"?"
"http://www.indeed.com/salary?q1=Senior+Lead+Software+Developer&l1=Lexington%2C+MA";"?";"197000000";"?";"13824927";"?";"170";"?";"whois";"source";"?";"?"
"http://www.indeed.com/cmp/Vistaprint";"?";"197000000";"?";"13824927";"?";"170";"?";"whois";"source";"?";"?"
"http://www.indeed.com/forum/job/Lead-Software-Engineer.html";"?";"197000000";"?";"13824927";"?";"170";"?";"whois";"source";"?";"?"
"http://www.indeed.com/forum/loc/Lexington-Massachusetts.html";"?";"197000000";"?";"13824927";"?";"170";"?";"whois";"source";"?";"?"
"http://www.indeed.com/forum/cmp/Vistaprint.html";"?";"197000000";"?";"13824927";"?";"170";"?";"whois";"source";"?";"?"
"http://www.indeed.com/rc/clk?jk=bea7891fa2e3e66a";"?";"197000000";"?";"13824927";"?";"170";"?";"whois";"source";"?";"?"
"http://www.indeed.com/q-Doubledutch-l-San-Francisco-CA-jobs.html";"?";"197000000";"?";"13824927";"?";"170";"?";"whois";"source";"?";"?"
"http://www.indeed.com/salary?q1=Senior+Web+Developer&l1=San+Francisco%2C+CA";"?";"197000000";"?";"13824927";"?";"170";"?";"whois";"source";"?";"?"
"http://www.indeed.com/cmp/Doubledutch";"?";"197000000";"?";"13824927";"?";"170";"?";"whois";"source";"?";"?"
"http://www.indeed.com/forum/job/Web-Developer.html";"?";"197000000";"?";"13824927";"?";"170";"?";"whois";"source";"?";"?"
"http://www.indeed.com/forum/cmp/Doubledutch.html";"?";"197000000";"?";"13824927";"?";"170";"?";"whois";"source";"?";"?"
"http://www.indeed.com/rc/clk?jk=9f23ab95b28468b9";"?";"197000000";"?";"13824927";"?";"170";"?";"whois";"source";"?";"?"
"http://www.indeed.com/jobs?q=Connections+of+New+York&l=New+York+NY&nc=jasx";"?";"197000000";"?";"13824927";"?";"170";"?";"whois";"source";"?";"?"
"http://www.indeed.com/salary?q1=Tick+Data+Programmer&l1=New+York%2C+NY";"?";"197000000";"?";"13824927";"?";"170";"?";"whois";"source";"?";"?"
"http://www.indeed.com/cmp/Connections-of-New-York";"?";"197000000";"?";"13824927";"?";"170";"?";"whois";"source";"?";"?"
"http://www.indeed.com/forum/cmp/Connections-of-New-York.html";"?";"197000000";"?";"13824927";"?";"170";"?";"whois";"source";"?";"?"
"http://www.indeed.com/rc/clk?jk=eec5b8ba7d78296d";"?";"197000000";"?";"13824927";"?";"170";"?";"whois";"source";"?";"?"
"http://www.indeed.com/q-Infinite-Resources-l-Chantilly-VA-jobs.html";"?";"197000000";"?";"13824927";"?";"170";"?";"whois";"source";"?";"?"
"http://www.indeed.com/cmp/Infinite-Resources-Inc.";"?";"197000000";"?";"13824927";"?";"170";"?";"whois";"source";"?";"?"
"http://www.indeed.com/forum/cmp/Infinite-Resources%2C-Inc..html";"?";"197000000";"?";"13824927";"?";"170";"?";"whois";"source";"?";"?"
"http://www.indeed.com/rc/clk?jk=4f4425dfd3780260";"?";"197000000";"?";"13824927";"?";"170";"?";"whois";"source";"?";"?"
"http://www.indeed.com/q-Accion-Labs-l-Pittsburgh-PA-jobs.html";"?";"197000000";"?";"13824927";"?";"170";"?";"whois";"source";"?";"?"
"http://www.indeed.com/salary?q1=Backfill+Position&l1=Pittsburgh%2C+PA";"?";"197000000";"?";"13824927";"?";"170";"?";"whois";"source";"?";"?"
"http://www.indeed.com/cmp/Accion-Labs";"?";"197000000";"?";"13824927";"?";"170";"?";"whois";"source";"?";"?"
"http://www.indeed.com/forum/cmp/Accion-Labs.html";"?";"197000000";"?";"13824927";"?";"170";"?";"whois";"source";"?";"?"
"http://www.indeed.com/rc/clk?jk=a269227b164c1654";"?";"197000000";"?";"13824927";"?";"170";"?";"whois";"source";"?";"?"
"http://www.indeed.com/cmp/Huawei/reviews";"?";"197000000";"?";"13824927";"?";"170";"?";"whois";"source";"?";"?"
"http://www.indeed.com/q-Huawei-l-Santa-Clara-CA-jobs.html";"?";"197000000";"?";"13824927";"?";"170";"?";"whois";"source";"?";"?"
"http://www.indeed.com/salary?q1=Big+Data+Platform+Engineer&l1=Santa+Clara%2C+CA";"?";"197000000";"?";"13824927";"?";"170";"?";"whois";"source";"?";"?"
"http://www.indeed.com/cmp/Huawei";"?";"197000000";"?";"13824927";"?";"170";"?";"whois";"source";"?";"?"
"http://www.indeed.com/forum/cmp/Huawei.html";"?";"197000000";"?";"13824927";"?";"170";"?";"whois";"source";"?";"?"
"http://www.indeed.com/rc/clk?jk=8c49ee8f41fc9645";"?";"197000000";"?";"13824927";"?";"170";"?";"whois";"source";"?";"?"
"http://www.indeed.com/cmp/Kpmg/reviews";"?";"197000000";"?";"13824927";"?";"170";"?";"whois";"source";"?";"?"
"http://www.indeed.com/q-Kpmg-l-New-York-NY-jobs.html";"?";"197000000";"?";"13824927";"?";"170";"?";"whois";"source";"?";"?"
"http://www.indeed.com/salary?q1=Senior+Application+Developer&l1=New+York%2C+NY";"?";"197000000";"?";"13824927";"?";"170";"?";"whois";"source";"?";"?"
"http://www.indeed.com/cmp/Kpmg";"?";"197000000";"?";"13824927";"?";"170";"?";"whois";"source";"?";"?"
"http://www.indeed.com/forum/cmp/Kpmg.html";"?";"197000000";"?";"13824927";"?";"170";"?";"whois";"source";"?";"?"
"http://www.indeed.com/rc/clk?jk=1c4993a72539f2f9";"?";"197000000";"?";"13824927";"?";"170";"?";"whois";"source";"?";"?"
"http://www.indeed.com/cmp/Citi/reviews";"?";"197000000";"?";"13824927";"?";"170";"?";"whois";"source";"?";"?"
"http://www.indeed.com/q-Citi-l-New-York-NY-jobs.html";"?";"197000000";"?";"13824927";"?";"170";"?";"whois";"source";"?";"?"
"http://www.indeed.com/salary?q1=Apps+Dev+Senior+Programmer+Analyst&l1=New+York%2C+NY";"?";"197000000";"?";"13824927";"?";"170";"?";"whois";"source";"?";"?"
"http://www.indeed.com/cmp/Citi";"?";"197000000";"?";"13824927";"?";"170";"?";"whois";"source";"?";"?"
"http://www.indeed.com/forum/cmp/Citi.html";"?";"197000000";"?";"13824927";"?";"170";"?";"whois";"source";"?";"?"
"http://www.indeed.com/rc/clk?jk=3d9b3a4c42000fed";"?";"197000000";"?";"13824927";"?";"170";"?";"whois";"source";"?";"?"
"http://www.indeed.com/cmp/Ascent-Services-Group/reviews";"?";"197000000";"?";"13824927";"?";"170";"?";"whois";"source";"?";"?"
"http://www.indeed.com/q-Ascent-Services-Group-l-Boulder-CO-jobs.html";"?";"197000000";"?";"13824927";"?";"170";"?";"whois";"source";"?";"?"
"http://www.indeed.com/salary?q1=Full+Stack+Net+Developer&l1=Boulder%2C+CO";"?";"197000000";"?";"13824927";"?";"170";"?";"whois";"source";"?";"?"
"http://www.indeed.com/cmp/Ascent-Services-Group";"?";"197000000";"?";"13824927";"?";"170";"?";"whois";"source";"?";"?"
"http://www.indeed.com/forum/cmp/Ascent-Services-Group.html";"?";"197000000";"?";"13824927";"?";"170";"?";"whois";"source";"?";"?"
"http://www.indeed.com/rc/clk?jk=98b3cd2e64039c1b";"?";"197000000";"?";"13824927";"?";"170";"?";"whois";"source";"?";"?"
"http://www.indeed.com/q-Diverse-Lynx-l-Bentonville-AR-jobs.html";"?";"197000000";"?";"13824927";"?";"170";"?";"whois";"source";"?";"?"
"http://www.indeed.com/l-Bentonville-AR-jobs.html";"?";"197000000";"?";"13824927";"?";"170";"?";"whois";"source";"?";"?"
"http://www.indeed.com/salary?q1=Tableau+Senior+Developer&l1=Bentonville%2C+AR";"?";"197000000";"?";"13824927";"?";"170";"?";"whois";"source";"?";"?"
"http://www.indeed.com/cmp/Diverse-Lynx";"?";"197000000";"?";"13824927";"?";"170";"?";"whois";"source";"?";"?"
"http://www.indeed.com/forum/loc/Bentonville-Arkansas.html";"?";"197000000";"?";"13824927";"?";"170";"?";"whois";"source";"?";"?"
"http://www.indeed.com/forum/cmp/Diverse-Lynx.html";"?";"197000000";"?";"13824927";"?";"170";"?";"whois";"source";"?";"?"
"http://www.indeed.com/jobs?q=software+developer+%28nosql+or+mongodb+or+cassandra+or+hadoop+or+hbase+or+clojure+or+haskell%29&jt=fulltime&limit=100&fromage=7&start=100";"?";"197000000";"?";"13824927";"?";"170";"?";"whois";"source";"?";"?"
"http://www.indeed.com/jobs?q=software+developer+%28nosql+or+mongodb+or+cassandra+or+hadoop+or+hbase+or+clojure+or+haskell%29&jt=fulltime&limit=100&fromage=7&start=200";"?";"197000000";"?";"13824927";"?";"170";"?";"whois";"source";"?";"?"
"http://www.indeed.com/jobs?q=software+developer+%28nosql+or+mongodb+or+cassandra+or+hadoop+or+hbase+or+clojure+or+haskell%29&jt=fulltime&limit=100&fromage=7&start=300";"?";"197000000";"?";"13824927";"?";"170";"?";"whois";"source";"?";"?"
"http://www.indeed.com/jobs?q=software+developer+%28nosql+or+mongodb+or+cassandra+or+hadoop+or+hbase+or+clojure+or+haskell%29&jt=fulltime&limit=100&fromage=7&start=400";"?";"197000000";"?";"13824927";"?";"170";"?";"whois";"source";"?";"?"
"http://www.indeed.com/jobs?q=software+developer+%28nosql+or+mongodb+or+cassandra+or+hadoop+or+hbase+or+clojure+or+haskell%29&jt=fulltime&limit=100&fromage=7&start=500";"?";"197000000";"?";"13824927";"?";"170";"?";"whois";"source";"?";"?"
"http://www.indeed.com/jobs?q=software+developer+%28nosql+or+mongodb+or+cassandra+or+hadoop+or+hbase+or+clojure+or+haskell%29&jt=fulltime&limit=100&fromage=7&start=600";"?";"197000000";"?";"13824927";"?";"170";"?";"whois";"source";"?";"?"
"http://www.indeed.com/jobs?q=software+developer+%28nosql+or+mongodb+or+cassandra+or+hadoop+or+hbase+or+clojure+or+haskell%29&jt=fulltime&limit=100&fromage=7&start=700";"?";"197000000";"?";"13824927";"?";"170";"?";"whois";"source";"?";"?"
"http://www.indeed.com/jobs?q=software+developer+%28nosql+or+mongodb+or+cassandra+or+hadoop+or+hbase+or+clojure+or+haskell%29&jt=fulltime&limit=100&fromage=7&start=800";"?";"197000000";"?";"13824927";"?";"170";"?";"whois";"source";"?";"?"
"http://www.indeed.com/salary?q1=Database+Developer&l1=";"?";"197000000";"?";"13824927";"?";"170";"?";"whois";"source";"?";"?"
"http://www.indeed.com/salary?q1=Test+Engineer&l1=";"?";"197000000";"?";"13824927";"?";"170";"?";"whois";"source";"?";"?"
"http://www.indeed.com/salary?q1=Architect&l1=";"?";"197000000";"?";"13824927";"?";"170";"?";"whois";"source";"?";"?"
"http://www.indeed.com/salary?q1=Net+Developer&l1=";"?";"197000000";"?";"13824927";"?";"170";"?";"whois";"source";"?";"?"
"http://www.indeed.com/salary?q1=PHP+Developer&l1=";"?";"197000000";"?";"13824927";"?";"170";"?";"whois";"source";"?";"?"
"http://www.indeed.com/salary?q1=Web+Developer&l1=";"?";"197000000";"?";"13824927";"?";"170";"?";"whois";"source";"?";"?"
"http://www.indeed.com/salary?q1=Application+Developer&l1=";"?";"197000000";"?";"13824927";"?";"170";"?";"whois";"source";"?";"?"
"http://www.indeed.com/salary?q1=Lead+Software+Engineer&l1=";"?";"197000000";"?";"13824927";"?";"170";"?";"whois";"source";"?";"?"
"http://www.indeed.com/salary?q1=Java+Developer&l1=";"?";"197000000";"?";"13824927";"?";"170";"?";"whois";"source";"?";"?"
"http://www.indeed.com/salary?q1=Software+Engineer&l1=";"?";"197000000";"?";"13824927";"?";"170";"?";"whois";"source";"?";"?"
"http://www.indeed.com/salary?q1=Developer&l1=";"?";"197000000";"?";"13824927";"?";"170";"?";"whois";"source";"?";"?"
"http://www.indeed.com/salary?q1=SQL+Developer&l1=";"?";"197000000";"?";"13824927";"?";"170";"?";"whois";"source";"?";"?"
"http://www.indeed.com/promo/gotajob";"?";"197000000";"?";"13824927";"?";"170";"?";"whois";"source";"?";"?"
"http://www.indeed.com/salary";"?";"197000000";"?";"13824927";"?";"170";"?";"whois";"source";"?";"?"
"http://www.indeed.com/jobtrends";"?";"197000000";"?";"13824927";"?";"170";"?";"whois";"source";"?";"?"
"http://www.indeed.com/forum";"?";"197000000";"?";"13824927";"?";"170";"?";"whois";"source";"?";"?"
"http://www.indeed.com/Best-Places-to-Work";"?";"197000000";"?";"13824927";"?";"170";"?";"whois";"source";"?";"?"
"http://www.indeed.com/find-jobs.jsp";"?";"197000000";"?";"13824927";"?";"170";"?";"whois";"source";"?";"?"
"http://www.indeed.com/tools/jobseeker/";"?";"197000000";"?";"13824927";"?";"170";"?";"whois";"source";"?";"?"
"http://www.indeed.com/intl/en/about.html";"?";"197000000";"?";"13824927";"?";"170";"?";"whois";"source";"?";"?"
"http://www.indeed.com/support";"?";"197000000";"?";"13824927";"?";"170";"?";"whois";"source";"?";"?"
"http://www.indeed.com/legal";"?";"197000000";"?";"13824927";"?";"170";"?";"whois";"source";"?";"?"
