"http://www.indeed.com/";"?";"197000000";"?";"13824927";"?";"170";"?";"whois";"source";"?";"?"
"http://www.indeed.com/resumes?isid=find-resumes&ikw=SERPtop&co=US&hl=en";"?";"197000000";"?";"13824927";"?";"170";"?";"whois";"source";"?";"?"
"http://www.indeed.com/promo/resume";"?";"197000000";"?";"13824927";"?";"170";"?";"whois";"source";"?";"?"
"http://www.indeed.com/account/login?dest=%2Fjobs%3Fas_and%3Dsoftware%2Bdeveloper%26as_phr%3D%26as_any%3Dkegerator%2B%2Bgym%2B%2B%2522ping%2Bpong%2522%2B%2Bfoosball%2Bor%2B%2522fitness%2Bcenter%2522%2Bor%2B%2522pool%2Btable%2522%2B%2B%2522catered%2Blunches%2522%26as_not%3D%26as_ttl%3D%26as_cmp%3D%26jt%3Dfulltime%26st%3D%26salary%3D%26radius%3D25%26fromage%3D7%26limit%3D100%26sort%3D%26psf%3Dadvsrc10";"?";"197000000";"?";"13824927";"?";"170";"?";"whois";"source";"?";"?"
"http://www.indeed.com/advanced_search?q=software+developer+%28kegerator+or+gym+or+%22ping+pong%22+or+foosball+or+%22fitness+center%22+or+%22pool+table%22+or+%22catered+lunches%22%29&jt=fulltime&limit=100&fromage=7";"?";"197000000";"?";"13824927";"?";"170";"?";"whois";"source";"?";"?"
"http://www.indeed.com/jobs?q=software+developer+%28nosql+or+mongodb+or+cassandra+or+hadoop+or+hbase+or+clojure+or+haskell%29&l=&limit=100&rs=1&fromage=last";"?";"197000000";"?";"13824927";"?";"170";"?";"whois";"source";"?";"?"
"http://www.indeed.com/jobs?q=software+engineer+%28genome+or+bioinformatics+or+poverty+or+%22world+a+better+place%22+or+%22green+energy%22+or+%22social+impact%22%29&l=&limit=100&rs=1&fromage=last";"?";"197000000";"?";"13824927";"?";"170";"?";"whois";"source";"?";"?"
"http://www.indeed.com/jobs?q=software+engineer&l=remote&rs=1&fromage=last";"?";"197000000";"?";"13824927";"?";"170";"?";"whois";"source";"?";"?"
"http://www.indeed.com/jobs?q=software+engineer+%28%22contributes+to+open+source%22+or+%22enthusiastic+about+open+source%22+or+%22we+contribute+to+open+source%22+or+%22open+source+stack%22+or+%22passion+for+open+source%22%29&l=&limit=100&rs=1&fromage=last";"?";"197000000";"?";"13824927";"?";"170";"?";"whois";"source";"?";"?"
"http://www.indeed.com/jobs?q=startup+%22software+engineer%22&l=&limit=100&rs=1&fromage=last";"?";"197000000";"?";"13824927";"?";"170";"?";"whois";"source";"?";"?"
"http://www.indeed.com/jobs?q=software+engineer+%28&l=&rs=1";"?";"197000000";"?";"13824927";"?";"170";"?";"whois";"source";"?";"?"
"http://www.indeed.com/jobs?q=software+engineer+%28nosql+or+mongodb+or+cassandra+or+hadoop+or+hbase+or+clojure+or+haskell%29&l=&limit=100&rs=1&fromage=last";"?";"197000000";"?";"13824927";"?";"170";"?";"whois";"source";"?";"?"
"http://www.indeed.com/jobs?q=software+developer+%28genome+or+bioinformatics+or+poverty+or+%22world+a+better+place%22+or+%22green+energy%22+or+%22social+impact%22%29&l=&rs=1&fromage=last";"?";"197000000";"?";"13824927";"?";"170";"?";"whois";"source";"?";"?"
"http://www.indeed.com/?cls";"?";"197000000";"?";"13824927";"?";"170";"?";"whois";"source";"?";"?"
"http://www.indeed.com/jobs?q=software+developer+%28kegerator+or+gym+or+%22ping+pong%22+or+foosball+or+%22fitness+center%22+or+%22pool+table%22+or+%22catered+lunches%22%29&jt=fulltime&limit=100&fromage=7&sort=date";"?";"197000000";"?";"13824927";"?";"170";"?";"whois";"source";"?";"?"
"http://www.indeed.com/jobs?q=software+developer+(kegerator+or+gym+or+%22ping+pong%22+or+foosball+or+%22fitness+center%22+or+%22pool+table%22+or+%22catered+lunches%22)&limit=100&fromage=7";"?";"197000000";"?";"13824927";"?";"170";"?";"whois";"source";"?";"?"
"http://www.indeed.com/jobs?q=software+developer+(kegerator+or+gym+or+%22ping+pong%22+or+foosball+or+%22fitness+center%22+or+%22pool+table%22+or+%22catered+lunches%22)+$50000&jt=fulltime&limit=100&fromage=7";"?";"197000000";"?";"13824927";"?";"170";"?";"whois";"source";"?";"?"
"http://www.indeed.com/jobs?q=software+developer+(kegerator+or+gym+or+%22ping+pong%22+or+foosball+or+%22fitness+center%22+or+%22pool+table%22+or+%22catered+lunches%22)+$70000&jt=fulltime&limit=100&fromage=7";"?";"197000000";"?";"13824927";"?";"170";"?";"whois";"source";"?";"?"
"http://www.indeed.com/jobs?q=software+developer+(kegerator+or+gym+or+%22ping+pong%22+or+foosball+or+%22fitness+center%22+or+%22pool+table%22+or+%22catered+lunches%22)+$90000&jt=fulltime&limit=100&fromage=7";"?";"197000000";"?";"13824927";"?";"170";"?";"whois";"source";"?";"?"
"http://www.indeed.com/jobs?q=software+developer+(kegerator+or+gym+or+%22ping+pong%22+or+foosball+or+%22fitness+center%22+or+%22pool+table%22+or+%22catered+lunches%22)+$110000&jt=fulltime&limit=100&fromage=7";"?";"197000000";"?";"13824927";"?";"170";"?";"whois";"source";"?";"?"
"http://www.indeed.com/jobs?q=software+developer+(kegerator+or+gym+or+%22ping+pong%22+or+foosball+or+%22fitness+center%22+or+%22pool+table%22+or+%22catered+lunches%22)+$130000&jt=fulltime&limit=100&fromage=7";"?";"197000000";"?";"13824927";"?";"170";"?";"whois";"source";"?";"?"
"http://www.indeed.com/jobs?q=software+developer+%28kegerator+or+gym+or+%22ping+pong%22+or+foosball+or+%22fitness+center%22+or+%22pool+table%22+or+%22catered+lunches%22%29&jt=fulltime&limit=100&fromage=last";"?";"197000000";"?";"13824927";"?";"170";"?";"whois";"source";"?";"?"
"http://www.indeed.com/rc/clk?jk=b0a31ff66a518406";"?";"197000000";"?";"13824927";"?";"170";"?";"whois";"source";"?";"?"
"http://www.indeed.com/cmp/Chase-Professionals/reviews";"?";"197000000";"?";"13824927";"?";"170";"?";"whois";"source";"?";"?"
"http://www.indeed.com/jobs?as_and=software+developer&as_phr=&as_any=kegerator++gym++%22ping+pong%22++foosball+or+%22fitness+center%22+or+%22pool+table%22++%22catered+lunches%22&as_not=&as_ttl=&as_cmp=&jt=fulltime&st=&salary=&radius=25&fromage=7&limit=100&sort=&psf=advsrc10";"?";"197000000";"0";"13824927";"?";"170";"?";"whois";"source";"?";"?"
"http://www.indeed.com/q-Chase-Professionals-l-Atlanta-GA-jobs.html";"?";"197000000";"?";"13824927";"?";"170";"?";"whois";"source";"?";"?"
"http://www.indeed.com/l-Atlanta-GA-jobs.html";"?";"197000000";"?";"13824927";"?";"170";"?";"whois";"source";"?";"?"
"http://www.indeed.com/salary?q1=Software+Developer&l1=Atlanta%2C+GA";"?";"197000000";"?";"13824927";"?";"170";"?";"whois";"source";"?";"?"
"http://www.indeed.com/cmp/Chase-Professionals";"?";"197000000";"?";"13824927";"?";"170";"?";"whois";"source";"?";"?"
"http://www.indeed.com/forum/job/Software-Engineer.html";"?";"197000000";"?";"13824927";"?";"170";"?";"whois";"source";"?";"?"
"http://www.indeed.com/forum/loc/Atlanta-Georgia.html";"?";"197000000";"?";"13824927";"?";"170";"?";"whois";"source";"?";"?"
"http://www.indeed.com/forum/cmp/Chase-Professionals.html";"?";"197000000";"?";"13824927";"?";"170";"?";"whois";"source";"?";"?"
"http://www.indeed.com/rc/clk?jk=887652de85a9ae9f";"?";"197000000";"?";"13824927";"?";"170";"?";"whois";"source";"?";"?"
"http://www.indeed.com/cmp/Allstate/reviews";"?";"197000000";"?";"13824927";"?";"170";"?";"whois";"source";"?";"?"
"http://www.indeed.com/q-Allstate-Corporate-l-Northbrook-IL-jobs.html";"?";"197000000";"?";"13824927";"?";"170";"?";"whois";"source";"?";"?"
"http://www.indeed.com/l-Northbrook-IL-jobs.html";"?";"197000000";"?";"13824927";"?";"170";"?";"whois";"source";"?";"?"
"http://www.indeed.com/salary?q1=Software+Asset+Management&l1=Northbrook%2C+IL";"?";"197000000";"?";"13824927";"?";"170";"?";"whois";"source";"?";"?"
"http://www.indeed.com/cmp/Allstate";"?";"197000000";"?";"13824927";"?";"170";"?";"whois";"source";"?";"?"
"http://www.indeed.com/forum/loc/Northbrook-Illinois.html";"?";"197000000";"?";"13824927";"?";"170";"?";"whois";"source";"?";"?"
"http://www.indeed.com/forum/cmp/Allstate.html";"?";"197000000";"?";"13824927";"?";"170";"?";"whois";"source";"?";"?"
"http://www.indeed.com/rc/clk?jk=da7583931410f6fc";"?";"197000000";"?";"13824927";"?";"170";"?";"whois";"source";"?";"?"
"http://www.indeed.com/q-Xceed-Career-Services-l-Watertown-MA-jobs.html";"?";"197000000";"?";"13824927";"?";"170";"?";"whois";"source";"?";"?"
"http://www.indeed.com/l-Watertown-MA-jobs.html";"?";"197000000";"?";"13824927";"?";"170";"?";"whois";"source";"?";"?"
"http://www.indeed.com/salary?q1=Software+Developer&l1=Watertown%2C+MA";"?";"197000000";"?";"13824927";"?";"170";"?";"whois";"source";"?";"?"
"http://www.indeed.com/forum/loc/Watertown-Massachusetts.html";"?";"197000000";"?";"13824927";"?";"170";"?";"whois";"source";"?";"?"
"http://www.indeed.com/forum/cmp/Xceed-Career-Services.html";"?";"197000000";"?";"13824927";"?";"170";"?";"whois";"source";"?";"?"
"http://www.indeed.com/rc/clk?jk=d11d77c0f0087fca";"?";"197000000";"?";"13824927";"?";"170";"?";"whois";"source";"?";"?"
"http://www.indeed.com/q-Visus-l-Santa-Barbara-CA-jobs.html";"?";"197000000";"?";"13824927";"?";"170";"?";"whois";"source";"?";"?"
"http://www.indeed.com/l-Santa-Barbara-CA-jobs.html";"?";"197000000";"?";"13824927";"?";"170";"?";"whois";"source";"?";"?"
"http://www.indeed.com/salary?q1=Junior+Web+Developer&l1=Santa+Barbara%2C+CA";"?";"197000000";"?";"13824927";"?";"170";"?";"whois";"source";"?";"?"
"http://www.indeed.com/forum/job/Web-Developer.html";"?";"197000000";"?";"13824927";"?";"170";"?";"whois";"source";"?";"?"
"http://www.indeed.com/forum/loc/Santa-Barbara-California.html";"?";"197000000";"?";"13824927";"?";"170";"?";"whois";"source";"?";"?"
"http://www.indeed.com/forum/cmp/Visus-LLC.html";"?";"197000000";"?";"13824927";"?";"170";"?";"whois";"source";"?";"?"
"http://www.indeed.com/rc/clk?jk=449e1a78874fb294";"?";"197000000";"?";"13824927";"?";"170";"?";"whois";"source";"?";"?"
"http://www.indeed.com/cmp/Higher-One/reviews";"?";"197000000";"?";"13824927";"?";"170";"?";"whois";"source";"?";"?"
"http://www.indeed.com/q-Higher-One-l-New-Haven-CT-jobs.html";"?";"197000000";"?";"13824927";"?";"170";"?";"whois";"source";"?";"?"
"http://www.indeed.com/l-New-Haven-CT-jobs.html";"?";"197000000";"?";"13824927";"?";"170";"?";"whois";"source";"?";"?"
"http://www.indeed.com/salary?q1=Director&l1=New+Haven%2C+CT";"?";"197000000";"?";"13824927";"?";"170";"?";"whois";"source";"?";"?"
"http://www.indeed.com/cmp/Higher-One";"?";"197000000";"?";"13824927";"?";"170";"?";"whois";"source";"?";"?"
"http://www.indeed.com/forum/loc/New-Haven-Connecticut.html";"?";"197000000";"?";"13824927";"?";"170";"?";"whois";"source";"?";"?"
"http://www.indeed.com/forum/cmp/Higher-One.html";"?";"197000000";"?";"13824927";"?";"170";"?";"whois";"source";"?";"?"
"http://www.indeed.com/rc/clk?jk=ba12069593f6ae7b";"?";"197000000";"?";"13824927";"?";"170";"?";"whois";"source";"?";"?"
"http://www.indeed.com/q-Sirsidynix-l-Lehi-UT-jobs.html";"?";"197000000";"?";"13824927";"?";"170";"?";"whois";"source";"?";"?"
"http://www.indeed.com/l-Lehi-UT-jobs.html";"?";"197000000";"?";"13824927";"?";"170";"?";"whois";"source";"?";"?"
"http://www.indeed.com/salary?q1=Junior+Software+Developer&l1=Lehi%2C+UT";"?";"197000000";"?";"13824927";"?";"170";"?";"whois";"source";"?";"?"
"http://www.indeed.com/cmp/Sirsidynix";"?";"197000000";"?";"13824927";"?";"170";"?";"whois";"source";"?";"?"
"http://www.indeed.com/forum/loc/Lehi-Utah.html";"?";"197000000";"?";"13824927";"?";"170";"?";"whois";"source";"?";"?"
"http://www.indeed.com/forum/cmp/Sirsidynix.html";"?";"197000000";"?";"13824927";"?";"170";"?";"whois";"source";"?";"?"
"http://www.indeed.com/rc/clk?jk=ee8d2d6d2f602ac4";"?";"197000000";"?";"13824927";"?";"170";"?";"whois";"source";"?";"?"
"http://www.indeed.com/rc/clk?jk=3c219dcee9c214ec";"?";"197000000";"?";"13824927";"?";"170";"?";"whois";"source";"?";"?"
"http://www.indeed.com/q-Netchemia-l-Prairie-Village-KS-jobs.html";"?";"197000000";"?";"13824927";"?";"170";"?";"whois";"source";"?";"?"
"http://www.indeed.com/l-Prairie-Village-KS-jobs.html";"?";"197000000";"?";"13824927";"?";"170";"?";"whois";"source";"?";"?"
"http://www.indeed.com/salary?q1=Internship&l1=Prairie+Village%2C+KS";"?";"197000000";"?";"13824927";"?";"170";"?";"whois";"source";"?";"?"
"http://www.indeed.com/forum/loc/Prairie-Village-Kansas.html";"?";"197000000";"?";"13824927";"?";"170";"?";"whois";"source";"?";"?"
"http://www.indeed.com/forum/cmp/Netchemia.html";"?";"197000000";"?";"13824927";"?";"170";"?";"whois";"source";"?";"?"
"http://www.indeed.com/rc/clk?jk=926565a7cece7aa2";"?";"197000000";"?";"13824927";"?";"170";"?";"whois";"source";"?";"?"
"http://www.indeed.com/q-Firespring-l-Lincoln-NE-jobs.html";"?";"197000000";"?";"13824927";"?";"170";"?";"whois";"source";"?";"?"
"http://www.indeed.com/l-Lincoln-NE-jobs.html";"?";"197000000";"?";"13824927";"?";"170";"?";"whois";"source";"?";"?"
"http://www.indeed.com/salary?q1=Web+Application+Engineer&l1=Lincoln%2C+NE";"?";"197000000";"?";"13824927";"?";"170";"?";"whois";"source";"?";"?"
"http://www.indeed.com/cmp/Firespring";"?";"197000000";"?";"13824927";"?";"170";"?";"whois";"source";"?";"?"
"http://www.indeed.com/forum/loc/Lincoln-Nebraska.html";"?";"197000000";"?";"13824927";"?";"170";"?";"whois";"source";"?";"?"
"http://www.indeed.com/forum/cmp/Firespring.html";"?";"197000000";"?";"13824927";"?";"170";"?";"whois";"source";"?";"?"
"http://www.indeed.com/rc/clk?jk=8cbd28c1d87ba3e6";"?";"197000000";"?";"13824927";"?";"170";"?";"whois";"source";"?";"?"
"http://www.indeed.com/salary?q1=Web+Developer&l1=Santa+Barbara%2C+CA";"?";"197000000";"?";"13824927";"?";"170";"?";"whois";"source";"?";"?"
"http://www.indeed.com/rc/clk?jk=b7f3654b7170a60a";"?";"197000000";"?";"13824927";"?";"170";"?";"whois";"source";"?";"?"
"http://www.indeed.com/jobs?q=software+developer+%28kegerator+or+gym+or+%22ping+pong%22+or+foosball+or+%22fitness+center%22+or+%22pool+table%22+or+%22catered+lunches%22%29&rbt=Frontend+Developer&rbc=Guidebook&jtid=2e0dc76e874bcf21&jcid=22c5eef2974cbe22&jt=fulltime&limit=100&fromage=7&grp=tcl";"?";"197000000";"?";"13824927";"?";"170";"?";"whois";"source";"?";"?"
"http://www.indeed.com/q-Guidebook-l-Palo-Alto-CA-jobs.html";"?";"197000000";"?";"13824927";"?";"170";"?";"whois";"source";"?";"?"
"http://www.indeed.com/l-Palo-Alto-CA-jobs.html";"?";"197000000";"?";"13824927";"?";"170";"?";"whois";"source";"?";"?"
"http://www.indeed.com/salary?q1=Frontend+Developer&l1=Palo+Alto%2C+CA";"?";"197000000";"?";"13824927";"?";"170";"?";"whois";"source";"?";"?"
"http://www.indeed.com/cmp/Guidebook";"?";"197000000";"?";"13824927";"?";"170";"?";"whois";"source";"?";"?"
"http://www.indeed.com/forum/loc/Palo-Alto-California.html";"?";"197000000";"?";"13824927";"?";"170";"?";"whois";"source";"?";"?"
"http://www.indeed.com/forum/cmp/Guidebook.html";"?";"197000000";"?";"13824927";"?";"170";"?";"whois";"source";"?";"?"
"http://www.indeed.com/rc/clk?jk=3825a7427bff45c6";"?";"197000000";"?";"13824927";"?";"170";"?";"whois";"source";"?";"?"
"http://www.indeed.com/q-Ccbill-Com-l-Tempe-AZ-jobs.html";"?";"197000000";"?";"13824927";"?";"170";"?";"whois";"source";"?";"?"
"http://www.indeed.com/l-Tempe-AZ-jobs.html";"?";"197000000";"?";"13824927";"?";"170";"?";"whois";"source";"?";"?"
"http://www.indeed.com/salary?q1=Software+Developer&l1=Tempe%2C+AZ";"?";"197000000";"?";"13824927";"?";"170";"?";"whois";"source";"?";"?"
"http://www.indeed.com/forum/loc/Tempe-Arizona.html";"?";"197000000";"?";"13824927";"?";"170";"?";"whois";"source";"?";"?"
"http://www.indeed.com/forum/cmp/Ccbill.com.html";"?";"197000000";"?";"13824927";"?";"170";"?";"whois";"source";"?";"?"
"http://www.indeed.com/rc/clk?jk=28771fed2986ea96";"?";"197000000";"?";"13824927";"?";"170";"?";"whois";"source";"?";"?"
"http://www.indeed.com/q-Poll-Everywhere-l-California-jobs.html";"?";"197000000";"?";"13824927";"?";"170";"?";"whois";"source";"?";"?"
"http://www.indeed.com/l-California-jobs.html";"?";"197000000";"?";"13824927";"?";"170";"?";"whois";"source";"?";"?"
"http://www.indeed.com/salary?q1=Customer+Support+Hustler&l1=California";"?";"197000000";"?";"13824927";"?";"170";"?";"whois";"source";"?";"?"
"http://www.indeed.com/cmp/Poll-Everywhere";"?";"197000000";"?";"13824927";"?";"170";"?";"whois";"source";"?";"?"
"http://www.indeed.com/forum/cmp/Poll-Everywhere.html";"?";"197000000";"?";"13824927";"?";"170";"?";"whois";"source";"?";"?"
"http://www.indeed.com/rc/clk?jk=4b51c590e5222a66";"?";"197000000";"?";"13824927";"?";"170";"?";"whois";"source";"?";"?"
"http://www.indeed.com/cmp/Pridestaff/reviews";"?";"197000000";"?";"13824927";"?";"170";"?";"whois";"source";"?";"?"
"http://www.indeed.com/q-Pridestaff-l-Temecula-CA-jobs.html";"?";"197000000";"?";"13824927";"?";"170";"?";"whois";"source";"?";"?"
"http://www.indeed.com/l-Temecula-CA-jobs.html";"?";"197000000";"?";"13824927";"?";"170";"?";"whois";"source";"?";"?"
"http://www.indeed.com/salary?q1=Net+Software+Developer&l1=Temecula%2C+CA";"?";"197000000";"?";"13824927";"?";"170";"?";"whois";"source";"?";"?"
"http://www.indeed.com/cmp/Pridestaff";"?";"197000000";"?";"13824927";"?";"170";"?";"whois";"source";"?";"?"
"http://www.indeed.com/forum/loc/Temecula-California.html";"?";"197000000";"?";"13824927";"?";"170";"?";"whois";"source";"?";"?"
"http://www.indeed.com/forum/cmp/Pridestaff.html";"?";"197000000";"?";"13824927";"?";"170";"?";"whois";"source";"?";"?"
"http://www.indeed.com/rc/clk?jk=d04eb4dabc6bd3d2";"?";"197000000";"?";"13824927";"?";"170";"?";"whois";"source";"?";"?"
"http://www.indeed.com/q-Spredfast-l-Austin-TX-jobs.html";"?";"197000000";"?";"13824927";"?";"170";"?";"whois";"source";"?";"?"
"http://www.indeed.com/l-Austin-TX-jobs.html";"?";"197000000";"?";"13824927";"?";"170";"?";"whois";"source";"?";"?"
"http://www.indeed.com/salary?q1=Mass+Relevance+Platform+Web+Engineer&l1=Austin%2C+TX";"?";"197000000";"?";"13824927";"?";"170";"?";"whois";"source";"?";"?"
"http://www.indeed.com/cmp/Spredfast";"?";"197000000";"?";"13824927";"?";"170";"?";"whois";"source";"?";"?"
"http://www.indeed.com/forum/loc/Austin-Texas.html";"?";"197000000";"?";"13824927";"?";"170";"?";"whois";"source";"?";"?"
"http://www.indeed.com/forum/cmp/Spredfast.html";"?";"197000000";"?";"13824927";"?";"170";"?";"whois";"source";"?";"?"
"http://www.indeed.com/rc/clk?jk=d4afb28c7222777f";"?";"197000000";"?";"13824927";"?";"170";"?";"whois";"source";"?";"?"
"http://www.indeed.com/cmp/Robert-Half/reviews";"?";"197000000";"?";"13824927";"?";"170";"?";"whois";"source";"?";"?"
"http://www.indeed.com/q-Robert-Half-Technology-l-Orlando-FL-jobs.html";"?";"197000000";"?";"13824927";"?";"170";"?";"whois";"source";"?";"?"
"http://www.indeed.com/l-Orlando-FL-jobs.html";"?";"197000000";"?";"13824927";"?";"170";"?";"whois";"source";"?";"?"
"http://www.indeed.com/salary?q1=Net+Software+Developer&l1=Orlando%2C+FL";"?";"197000000";"?";"13824927";"?";"170";"?";"whois";"source";"?";"?"
"http://www.indeed.com/cmp/Robert-Half";"?";"197000000";"?";"13824927";"?";"170";"?";"whois";"source";"?";"?"
"http://www.indeed.com/forum/loc/Orlando-Florida.html";"?";"197000000";"?";"13824927";"?";"170";"?";"whois";"source";"?";"?"
"http://www.indeed.com/forum/cmp/Robert-Half.html";"?";"197000000";"?";"13824927";"?";"170";"?";"whois";"source";"?";"?"
"http://www.indeed.com/rc/clk?jk=5f6868bd7e4dcc7c";"?";"197000000";"?";"13824927";"?";"170";"?";"whois";"source";"?";"?"
"http://www.indeed.com/q-Logmein-l-Boston-MA-jobs.html";"?";"197000000";"?";"13824927";"?";"170";"?";"whois";"source";"?";"?"
"http://www.indeed.com/l-Boston-MA-jobs.html";"?";"197000000";"?";"13824927";"?";"170";"?";"whois";"source";"?";"?"
"http://www.indeed.com/salary?q1=Senior+Software+Engineer&l1=Boston%2C+MA";"?";"197000000";"?";"13824927";"?";"170";"?";"whois";"source";"?";"?"
"http://www.indeed.com/cmp/Logmein-Inc.";"?";"197000000";"?";"13824927";"?";"170";"?";"whois";"source";"?";"?"
"http://www.indeed.com/forum/loc/Boston-Massachusetts.html";"?";"197000000";"?";"13824927";"?";"170";"?";"whois";"source";"?";"?"
"http://www.indeed.com/forum/cmp/Logmein%2C-Inc..html";"?";"197000000";"?";"13824927";"?";"170";"?";"whois";"source";"?";"?"
"http://www.indeed.com/rc/clk?jk=98e7b082f19d569b";"?";"197000000";"?";"13824927";"?";"170";"?";"whois";"source";"?";"?"
"http://www.indeed.com/q-Xceed-Career-Services-l-Marietta-GA-jobs.html";"?";"197000000";"?";"13824927";"?";"170";"?";"whois";"source";"?";"?"
"http://www.indeed.com/l-Marietta-GA-jobs.html";"?";"197000000";"?";"13824927";"?";"170";"?";"whois";"source";"?";"?"
"http://www.indeed.com/salary?q1=Ui+Net+Web+Developer&l1=Marietta%2C+GA";"?";"197000000";"?";"13824927";"?";"170";"?";"whois";"source";"?";"?"
"http://www.indeed.com/forum/loc/Marietta-Georgia.html";"?";"197000000";"?";"13824927";"?";"170";"?";"whois";"source";"?";"?"
"http://www.indeed.com/rc/clk?jk=3c02b26af5b5d5af";"?";"197000000";"?";"13824927";"?";"170";"?";"whois";"source";"?";"?"
"http://www.indeed.com/q-Ebsco-Information-Services-l-Ipswich-MA-jobs.html";"?";"197000000";"?";"13824927";"?";"170";"?";"whois";"source";"?";"?"
"http://www.indeed.com/l-Ipswich-MA-jobs.html";"?";"197000000";"?";"13824927";"?";"170";"?";"whois";"source";"?";"?"
"http://www.indeed.com/salary?q1=Technical+Product+Manager+Localization+Accessibility&l1=Ipswich%2C+MA";"?";"197000000";"?";"13824927";"?";"170";"?";"whois";"source";"?";"?"
"http://www.indeed.com/cmp/Ebsco-Information-Services";"?";"197000000";"?";"13824927";"?";"170";"?";"whois";"source";"?";"?"
"http://www.indeed.com/forum/loc/Ipswich-Massachusetts.html";"?";"197000000";"?";"13824927";"?";"170";"?";"whois";"source";"?";"?"
"http://www.indeed.com/forum/cmp/Ebsco-Information-Services.html";"?";"197000000";"?";"13824927";"?";"170";"?";"whois";"source";"?";"?"
"http://www.indeed.com/rc/clk?jk=59454bfd6a60a28e";"?";"197000000";"?";"13824927";"?";"170";"?";"whois";"source";"?";"?"
"http://www.indeed.com/cmp/Jobspring-Partners/reviews";"?";"197000000";"?";"13824927";"?";"170";"?";"whois";"source";"?";"?"
"http://www.indeed.com/q-Jobspring-Partners-l-McLean-VA-jobs.html";"?";"197000000";"?";"13824927";"?";"170";"?";"whois";"source";"?";"?"
"http://www.indeed.com/l-McLean-VA-jobs.html";"?";"197000000";"?";"13824927";"?";"170";"?";"whois";"source";"?";"?"
"http://www.indeed.com/salary?q1=Front+End+Developer&l1=McLean%2C+VA";"?";"197000000";"?";"13824927";"?";"170";"?";"whois";"source";"?";"?"
"http://www.indeed.com/cmp/Jobspring-Partners";"?";"197000000";"?";"13824927";"?";"170";"?";"whois";"source";"?";"?"
"http://www.indeed.com/forum/loc/Mclean-Virginia.html";"?";"197000000";"?";"13824927";"?";"170";"?";"whois";"source";"?";"?"
"http://www.indeed.com/forum/cmp/Jobspring-Partners.html";"?";"197000000";"?";"13824927";"?";"170";"?";"whois";"source";"?";"?"
"http://www.indeed.com/rc/clk?jk=1efb7e7969cac5c3";"?";"197000000";"?";"13824927";"?";"170";"?";"whois";"source";"?";"?"
"http://www.indeed.com/salary?q1=Business+Intelligence+Engineer&l1=Palo+Alto%2C+CA";"?";"197000000";"?";"13824927";"?";"170";"?";"whois";"source";"?";"?"
"http://www.indeed.com/rc/clk?jk=28c48c083fb0f238";"?";"197000000";"?";"13824927";"?";"170";"?";"whois";"source";"?";"?"
"http://www.indeed.com/cmp/Reynolds-&-Reynolds-Company/reviews";"?";"197000000";"?";"13824927";"?";"170";"?";"whois";"source";"?";"?"
"http://www.indeed.com/jobs?q=Reynolds+%26+Reynolds+Company&l=Dayton+OH&nc=jasx";"?";"197000000";"?";"13824927";"?";"170";"?";"whois";"source";"?";"?"
"http://www.indeed.com/l-Dayton-OH-jobs.html";"?";"197000000";"?";"13824927";"?";"170";"?";"whois";"source";"?";"?"
"http://www.indeed.com/salary?q1=Software+Developer&l1=Dayton%2C+OH";"?";"197000000";"?";"13824927";"?";"170";"?";"whois";"source";"?";"?"
"http://www.indeed.com/cmp/Reynolds-&-Reynolds-Company";"?";"197000000";"?";"13824927";"?";"170";"?";"whois";"source";"?";"?"
"http://www.indeed.com/forum/loc/Dayton-Ohio.html";"?";"197000000";"?";"13824927";"?";"170";"?";"whois";"source";"?";"?"
"http://www.indeed.com/forum/cmp/Reynolds-%26-Reynolds-Company.html";"?";"197000000";"?";"13824927";"?";"170";"?";"whois";"source";"?";"?"
"http://www.indeed.com/rc/clk?jk=7aa9eb8e3c297e4a";"?";"197000000";"?";"13824927";"?";"170";"?";"whois";"source";"?";"?"
"http://www.indeed.com/q-Cdphp-Health-Plan-l-Albany-NY-jobs.html";"?";"197000000";"?";"13824927";"?";"170";"?";"whois";"source";"?";"?"
"http://www.indeed.com/l-Albany-NY-jobs.html";"?";"197000000";"?";"13824927";"?";"170";"?";"whois";"source";"?";"?"
"http://www.indeed.com/salary?q1=ETL+Developer&l1=Albany%2C+NY";"?";"197000000";"?";"13824927";"?";"170";"?";"whois";"source";"?";"?"
"http://www.indeed.com/cmp/Cdphp-Health-Plan";"?";"197000000";"?";"13824927";"?";"170";"?";"whois";"source";"?";"?"
"http://www.indeed.com/forum/job/ETL-Developer.html";"?";"197000000";"?";"13824927";"?";"170";"?";"whois";"source";"?";"?"
"http://www.indeed.com/forum/loc/Albany-New-York.html";"?";"197000000";"?";"13824927";"?";"170";"?";"whois";"source";"?";"?"
"http://www.indeed.com/forum/cmp/Cdphp-Health-Plan.html";"?";"197000000";"?";"13824927";"?";"170";"?";"whois";"source";"?";"?"
"http://www.indeed.com/rc/clk?jk=c6b2889f9fc33a05";"?";"197000000";"?";"13824927";"?";"170";"?";"whois";"source";"?";"?"
"http://www.indeed.com/q-Jobspring-Partners-l-Falls-Church-VA-jobs.html";"?";"197000000";"?";"13824927";"?";"170";"?";"whois";"source";"?";"?"
"http://www.indeed.com/l-Falls-Church-VA-jobs.html";"?";"197000000";"?";"13824927";"?";"170";"?";"whois";"source";"?";"?"
"http://www.indeed.com/salary?q1=Mid+Level+Net+Developer&l1=Falls+Church%2C+VA";"?";"197000000";"?";"13824927";"?";"170";"?";"whois";"source";"?";"?"
"http://www.indeed.com/forum/job/Net-Developer.html";"?";"197000000";"?";"13824927";"?";"170";"?";"whois";"source";"?";"?"
"http://www.indeed.com/forum/loc/Falls-Church-Virginia.html";"?";"197000000";"?";"13824927";"?";"170";"?";"whois";"source";"?";"?"
"http://www.indeed.com/rc/clk?jk=142ba31a555bc0b6";"?";"197000000";"?";"13824927";"?";"170";"?";"whois";"source";"?";"?"
"http://www.indeed.com/salary?q1=Senior+Software+Developer&l1=Watertown%2C+MA";"?";"197000000";"?";"13824927";"?";"170";"?";"whois";"source";"?";"?"
"http://www.indeed.com/rc/clk?jk=c9e11893c6ad1137";"?";"197000000";"?";"13824927";"?";"170";"?";"whois";"source";"?";"?"
"http://www.indeed.com/cmp/Visionaire-Partners/reviews";"?";"197000000";"?";"13824927";"?";"170";"?";"whois";"source";"?";"?"
"http://www.indeed.com/q-Visionaire-Partners-l-Marietta-GA-jobs.html";"?";"197000000";"?";"13824927";"?";"170";"?";"whois";"source";"?";"?"
"http://www.indeed.com/cmp/Visionaire-Partners";"?";"197000000";"?";"13824927";"?";"170";"?";"whois";"source";"?";"?"
"http://www.indeed.com/forum/cmp/Visionaire-Partners.html";"?";"197000000";"?";"13824927";"?";"170";"?";"whois";"source";"?";"?"
"http://www.indeed.com/rc/clk?jk=6a51476ecf3c7398";"?";"197000000";"?";"13824927";"?";"170";"?";"whois";"source";"?";"?"
"http://www.indeed.com/salary?q1=Junior+Java+Developer&l1=Lehi%2C+UT";"?";"197000000";"?";"13824927";"?";"170";"?";"whois";"source";"?";"?"
"http://www.indeed.com/forum/job/Java-Developer.html";"?";"197000000";"?";"13824927";"?";"170";"?";"whois";"source";"?";"?"
"http://www.indeed.com/rc/clk?jk=219c7f2f17d6ab8b";"?";"197000000";"?";"13824927";"?";"170";"?";"whois";"source";"?";"?"
"http://www.indeed.com/q-Disys-l-Bloomington-MN-jobs.html";"?";"197000000";"?";"13824927";"?";"170";"?";"whois";"source";"?";"?"
"http://www.indeed.com/l-Bloomington-MN-jobs.html";"?";"197000000";"?";"13824927";"?";"170";"?";"whois";"source";"?";"?"
"http://www.indeed.com/salary?q1=Java+Developer&l1=Bloomington%2C+MN";"?";"197000000";"?";"13824927";"?";"170";"?";"whois";"source";"?";"?"
"http://www.indeed.com/forum/loc/Bloomington-Minnesota.html";"?";"197000000";"?";"13824927";"?";"170";"?";"whois";"source";"?";"?"
"http://www.indeed.com/forum/cmp/Disys---Houston-1.html";"?";"197000000";"?";"13824927";"?";"170";"?";"whois";"source";"?";"?"
"http://www.indeed.com/rc/clk?jk=3583ed07c7c1e215";"?";"197000000";"?";"13824927";"?";"170";"?";"whois";"source";"?";"?"
"http://www.indeed.com/cmp/Bjc-Health-System/reviews";"?";"197000000";"?";"13824927";"?";"170";"?";"whois";"source";"?";"?"
"http://www.indeed.com/q-Bjc-Healthcare-l-St.-Louis-MO-jobs.html";"?";"197000000";"?";"13824927";"?";"170";"?";"whois";"source";"?";"?"
"http://www.indeed.com/l-St.-Louis-MO-jobs.html";"?";"197000000";"?";"13824927";"?";"170";"?";"whois";"source";"?";"?"
"http://www.indeed.com/salary?q1=Peoplesoft+Developer&l1=St.+Louis%2C+MO";"?";"197000000";"?";"13824927";"?";"170";"?";"whois";"source";"?";"?"
"http://www.indeed.com/cmp/Bjc-Health-System";"?";"197000000";"?";"13824927";"?";"170";"?";"whois";"source";"?";"?"
"http://www.indeed.com/forum/job/Peoplesoft-Developer.html";"?";"197000000";"?";"13824927";"?";"170";"?";"whois";"source";"?";"?"
"http://www.indeed.com/forum/loc/St.-Louis-Missouri.html";"?";"197000000";"?";"13824927";"?";"170";"?";"whois";"source";"?";"?"
"http://www.indeed.com/forum/cmp/Bjc-Health-System.html";"?";"197000000";"?";"13824927";"?";"170";"?";"whois";"source";"?";"?"
"http://www.indeed.com/rc/clk?jk=9ce1fde1cbaa96e9";"?";"197000000";"?";"13824927";"?";"170";"?";"whois";"source";"?";"?"
"http://www.indeed.com/salary?q1=Senior+Web+Developer&l1=Santa+Barbara%2C+CA";"?";"197000000";"?";"13824927";"?";"170";"?";"whois";"source";"?";"?"
"http://www.indeed.com/rc/clk?jk=73fa7c4d2cb3a5d3";"?";"197000000";"?";"13824927";"?";"170";"?";"whois";"source";"?";"?"
"http://www.indeed.com/cmp/Arc-Solutions/reviews";"?";"197000000";"?";"13824927";"?";"170";"?";"whois";"source";"?";"?"
"http://www.indeed.com/q-Arc-Solutions-l-Austin-TX-jobs.html";"?";"197000000";"?";"13824927";"?";"170";"?";"whois";"source";"?";"?"
"http://www.indeed.com/salary?q1=Ui+Software+Developer&l1=Austin%2C+TX";"?";"197000000";"?";"13824927";"?";"170";"?";"whois";"source";"?";"?"
"http://www.indeed.com/cmp/Arc-Solutions";"?";"197000000";"?";"13824927";"?";"170";"?";"whois";"source";"?";"?"
"http://www.indeed.com/forum/cmp/Arc-Solutions.html";"?";"197000000";"?";"13824927";"?";"170";"?";"whois";"source";"?";"?"
"http://www.indeed.com/rc/clk?jk=38b6ffadbdfbfd2d";"?";"197000000";"?";"13824927";"?";"170";"?";"whois";"source";"?";"?"
"http://www.indeed.com/q-Coresecure-l-Cambridge-MA-jobs.html";"?";"197000000";"?";"13824927";"?";"170";"?";"whois";"source";"?";"?"
"http://www.indeed.com/l-Cambridge-MA-jobs.html";"?";"197000000";"?";"13824927";"?";"170";"?";"whois";"source";"?";"?"
"http://www.indeed.com/salary?q1=Aem+Developer&l1=Cambridge%2C+MA";"?";"197000000";"?";"13824927";"?";"170";"?";"whois";"source";"?";"?"
"http://www.indeed.com/cmp/Coresecure-Inc.";"?";"197000000";"?";"13824927";"?";"170";"?";"whois";"source";"?";"?"
"http://www.indeed.com/forum/loc/Cambridge-Massachusetts.html";"?";"197000000";"?";"13824927";"?";"170";"?";"whois";"source";"?";"?"
"http://www.indeed.com/forum/cmp/Coresecure%2C-Inc..html";"?";"197000000";"?";"13824927";"?";"170";"?";"whois";"source";"?";"?"
"http://www.indeed.com/rc/clk?jk=ea070652e4c8b53a";"?";"197000000";"?";"13824927";"?";"170";"?";"whois";"source";"?";"?"
"http://www.indeed.com/q-Peopleadmin-l-Austin-TX-jobs.html";"?";"197000000";"?";"13824927";"?";"170";"?";"whois";"source";"?";"?"
"http://www.indeed.com/salary?q1=Senior+Ruby+Rail+Developer&l1=Austin%2C+TX";"?";"197000000";"?";"13824927";"?";"170";"?";"whois";"source";"?";"?"
"http://www.indeed.com/cmp/Peopleadmin";"?";"197000000";"?";"13824927";"?";"170";"?";"whois";"source";"?";"?"
"http://www.indeed.com/forum/cmp/Peopleadmin.html";"?";"197000000";"?";"13824927";"?";"170";"?";"whois";"source";"?";"?"
"http://www.indeed.com/rc/clk?jk=b92a91e1b2c9a8e8";"?";"197000000";"?";"13824927";"?";"170";"?";"whois";"source";"?";"?"
"http://www.indeed.com/q-Stafftopia-l-San-Francisco-CA-jobs.html";"?";"197000000";"?";"13824927";"?";"170";"?";"whois";"source";"?";"?"
"http://www.indeed.com/l-San-Francisco-CA-jobs.html";"?";"197000000";"?";"13824927";"?";"170";"?";"whois";"source";"?";"?"
"http://www.indeed.com/salary?q1=Senior+Software+Engineer&l1=San+Francisco%2C+CA";"?";"197000000";"?";"13824927";"?";"170";"?";"whois";"source";"?";"?"
"http://www.indeed.com/cmp/Stafftopia";"?";"197000000";"?";"13824927";"?";"170";"?";"whois";"source";"?";"?"
"http://www.indeed.com/forum/loc/SAN-Francisco-California.html";"?";"197000000";"?";"13824927";"?";"170";"?";"whois";"source";"?";"?"
"http://www.indeed.com/forum/cmp/Stafftopia.html";"?";"197000000";"?";"13824927";"?";"170";"?";"whois";"source";"?";"?"
"http://www.indeed.com/rc/clk?jk=ff5083e4ecb3c21d";"?";"197000000";"?";"13824927";"?";"170";"?";"whois";"source";"?";"?"
"http://www.indeed.com/salary?q1=Senior+Front+End+Developer&l1=McLean%2C+VA";"?";"197000000";"?";"13824927";"?";"170";"?";"whois";"source";"?";"?"
"http://www.indeed.com/rc/clk?jk=e7ecc26f8c06e173";"?";"197000000";"?";"13824927";"?";"170";"?";"whois";"source";"?";"?"
"http://www.indeed.com/cmp/Mrinetwork/reviews";"?";"197000000";"?";"13824927";"?";"170";"?";"whois";"source";"?";"?"
"http://www.indeed.com/q-Management-Recruiters-l-Fond-du-Lac-WI-jobs.html";"?";"197000000";"?";"13824927";"?";"170";"?";"whois";"source";"?";"?"
"http://www.indeed.com/l-Fond-du-Lac-WI-jobs.html";"?";"197000000";"?";"13824927";"?";"170";"?";"whois";"source";"?";"?"
"http://www.indeed.com/salary?q1=Software+Developer&l1=Fond+du+Lac%2C+WI";"?";"197000000";"?";"13824927";"?";"170";"?";"whois";"source";"?";"?"
"http://www.indeed.com/cmp/Mrinetwork";"?";"197000000";"?";"13824927";"?";"170";"?";"whois";"source";"?";"?"
"http://www.indeed.com/forum/loc/Fond-Du-Lac-Wisconsin.html";"?";"197000000";"?";"13824927";"?";"170";"?";"whois";"source";"?";"?"
"http://www.indeed.com/forum/cmp/Mrinetwork.html";"?";"197000000";"?";"13824927";"?";"170";"?";"whois";"source";"?";"?"
"http://www.indeed.com/rc/clk?jk=bab0616dcd47a824";"?";"197000000";"?";"13824927";"?";"170";"?";"whois";"source";"?";"?"
"http://www.indeed.com/salary?q1=Senior+Application+Architecture+Design&l1=Northbrook%2C+IL";"?";"197000000";"?";"13824927";"?";"170";"?";"whois";"source";"?";"?"
"http://www.indeed.com/rc/clk?jk=07e23dbddd05bbf8";"?";"197000000";"?";"13824927";"?";"170";"?";"whois";"source";"?";"?"
"http://www.indeed.com/q-Higher-One-l-Oakland-CA-jobs.html";"?";"197000000";"?";"13824927";"?";"170";"?";"whois";"source";"?";"?"
"http://www.indeed.com/l-Oakland-CA-jobs.html";"?";"197000000";"?";"13824927";"?";"170";"?";"whois";"source";"?";"?"
"http://www.indeed.com/salary?q1=Technical+Writer&l1=Oakland%2C+CA";"?";"197000000";"?";"13824927";"?";"170";"?";"whois";"source";"?";"?"
"http://www.indeed.com/forum/job/Technical-Writer.html";"?";"197000000";"?";"13824927";"?";"170";"?";"whois";"source";"?";"?"
"http://www.indeed.com/forum/loc/Oakland-California.html";"?";"197000000";"?";"13824927";"?";"170";"?";"whois";"source";"?";"?"
"http://www.indeed.com/rc/clk?jk=f68b7dc29ffbb374";"?";"197000000";"?";"13824927";"?";"170";"?";"whois";"source";"?";"?"
"http://www.indeed.com/cmp/Macy%27s/reviews";"?";"197000000";"?";"13824927";"?";"170";"?";"whois";"source";"?";"?"
"http://www.indeed.com/jobs?q=Macy%27s&l=Johns+Creek+GA";"?";"197000000";"?";"13824927";"?";"170";"?";"whois";"source";"?";"?"
"http://www.indeed.com/l-Johns-Creek-GA-jobs.html";"?";"197000000";"?";"13824927";"?";"170";"?";"whois";"source";"?";"?"
"http://www.indeed.com/salary?q1=Tibco+Developer&l1=Johns+Creek%2C+GA";"?";"197000000";"?";"13824927";"?";"170";"?";"whois";"source";"?";"?"
"http://www.indeed.com/cmp/Macy%27s";"?";"197000000";"?";"13824927";"?";"170";"?";"whois";"source";"?";"?"
"http://www.indeed.com/forum/cmp/Macy%27s.html";"?";"197000000";"?";"13824927";"?";"170";"?";"whois";"source";"?";"?"
"http://www.indeed.com/rc/clk?jk=af748e77805acf67";"?";"197000000";"?";"13824927";"?";"170";"?";"whois";"source";"?";"?"
"http://www.indeed.com/q-Hirewell-l-Chicago-IL-jobs.html";"?";"197000000";"?";"13824927";"?";"170";"?";"whois";"source";"?";"?"
"http://www.indeed.com/l-Chicago-IL-jobs.html";"?";"197000000";"?";"13824927";"?";"170";"?";"whois";"source";"?";"?"
"http://www.indeed.com/salary?q1=Python&l1=Chicago%2C+IL";"?";"197000000";"?";"13824927";"?";"170";"?";"whois";"source";"?";"?"
"http://www.indeed.com/cmp/Hirewell";"?";"197000000";"?";"13824927";"?";"170";"?";"whois";"source";"?";"?"
"http://www.indeed.com/forum/loc/Chicago-Illinois.html";"?";"197000000";"?";"13824927";"?";"170";"?";"whois";"source";"?";"?"
"http://www.indeed.com/forum/cmp/Hirewell.html";"?";"197000000";"?";"13824927";"?";"170";"?";"whois";"source";"?";"?"
"http://www.indeed.com/rc/clk?jk=6da3a95cbb197d43";"?";"197000000";"?";"13824927";"?";"170";"?";"whois";"source";"?";"?"
"http://www.indeed.com/q-The-Edgewater-Group-l-New-York-NY-jobs.html";"?";"197000000";"?";"13824927";"?";"170";"?";"whois";"source";"?";"?"
"http://www.indeed.com/l-New-York-NY-jobs.html";"?";"197000000";"?";"13824927";"?";"170";"?";"whois";"source";"?";"?"
"http://www.indeed.com/salary?q1=C%2B%2B+Infrastructure+Developer&l1=New+York%2C+NY";"?";"197000000";"?";"13824927";"?";"170";"?";"whois";"source";"?";"?"
"http://www.indeed.com/cmp/The-Edgewater-Group-Inc";"?";"197000000";"?";"13824927";"?";"170";"?";"whois";"source";"?";"?"
"http://www.indeed.com/forum/loc/New-York-New-York.html";"?";"197000000";"?";"13824927";"?";"170";"?";"whois";"source";"?";"?"
"http://www.indeed.com/forum/cmp/The-Edgewater-Group%2C-Inc.html";"?";"197000000";"?";"13824927";"?";"170";"?";"whois";"source";"?";"?"
"http://www.indeed.com/rc/clk?jk=61105a7e71ea672b";"?";"197000000";"?";"13824927";"?";"170";"?";"whois";"source";"?";"?"
"http://www.indeed.com/salary?q1=Technical+Development+Lead&l1=Johns+Creek%2C+GA";"?";"197000000";"?";"13824927";"?";"170";"?";"whois";"source";"?";"?"
"http://www.indeed.com/rc/clk?jk=faa375422adb7710";"?";"197000000";"?";"13824927";"?";"170";"?";"whois";"source";"?";"?"
"http://www.indeed.com/q-Twilio-l-San-Francisco-CA-jobs.html";"?";"197000000";"?";"13824927";"?";"170";"?";"whois";"source";"?";"?"
"http://www.indeed.com/salary?q1=Technical+Lead&l1=San+Francisco%2C+CA";"?";"197000000";"?";"13824927";"?";"170";"?";"whois";"source";"?";"?"
"http://www.indeed.com/cmp/Twilio-Inc.";"?";"197000000";"?";"13824927";"?";"170";"?";"whois";"source";"?";"?"
"http://www.indeed.com/forum/cmp/Twilio-Inc..html";"?";"197000000";"?";"13824927";"?";"170";"?";"whois";"source";"?";"?"
"http://www.indeed.com/rc/clk?jk=ccea06579a06ba9e";"?";"197000000";"?";"13824927";"?";"170";"?";"whois";"source";"?";"?"
"http://www.indeed.com/q-Ridecharge-l-Alexandria-VA-jobs.html";"?";"197000000";"?";"13824927";"?";"170";"?";"whois";"source";"?";"?"
"http://www.indeed.com/l-Alexandria-VA-jobs.html";"?";"197000000";"?";"13824927";"?";"170";"?";"whois";"source";"?";"?"
"http://www.indeed.com/salary?q1=Mobile+Designer&l1=Alexandria%2C+VA";"?";"197000000";"?";"13824927";"?";"170";"?";"whois";"source";"?";"?"
"http://www.indeed.com/cmp/Ridecharge-Inc.";"?";"197000000";"?";"13824927";"?";"170";"?";"whois";"source";"?";"?"
"http://www.indeed.com/forum/loc/Alexandria-Virginia.html";"?";"197000000";"?";"13824927";"?";"170";"?";"whois";"source";"?";"?"
"http://www.indeed.com/forum/cmp/Ridecharge-Inc..html";"?";"197000000";"?";"13824927";"?";"170";"?";"whois";"source";"?";"?"
"http://www.indeed.com/rc/clk?jk=45ad4b2f920ba58a";"?";"197000000";"?";"13824927";"?";"170";"?";"whois";"source";"?";"?"
"http://www.indeed.com/salary?q1=Service+Engineer+Technician&l1=Northbrook%2C+IL";"?";"197000000";"?";"13824927";"?";"170";"?";"whois";"source";"?";"?"
"http://www.indeed.com/rc/clk?jk=e4c1d5b386197e45";"?";"197000000";"?";"13824927";"?";"170";"?";"whois";"source";"?";"?"
"http://www.indeed.com/q-Chase-Tech-Consultants-l-Framingham-MA-jobs.html";"?";"197000000";"?";"13824927";"?";"170";"?";"whois";"source";"?";"?"
"http://www.indeed.com/l-Framingham-MA-jobs.html";"?";"197000000";"?";"13824927";"?";"170";"?";"whois";"source";"?";"?"
"http://www.indeed.com/salary?q1=Java+Developer&l1=Framingham%2C+MA";"?";"197000000";"?";"13824927";"?";"170";"?";"whois";"source";"?";"?"
"http://www.indeed.com/cmp/Chase-Tech-Consultants";"?";"197000000";"?";"13824927";"?";"170";"?";"whois";"source";"?";"?"
"http://www.indeed.com/forum/loc/Framingham-Massachusetts.html";"?";"197000000";"?";"13824927";"?";"170";"?";"whois";"source";"?";"?"
"http://www.indeed.com/forum/cmp/Chase-Tech-Consultants.html";"?";"197000000";"?";"13824927";"?";"170";"?";"whois";"source";"?";"?"
"http://www.indeed.com/rc/clk?jk=ab4eb891f76a3283";"?";"197000000";"?";"13824927";"?";"170";"?";"whois";"source";"?";"?"
"http://www.indeed.com/cmp/Workbridge-Associates/reviews";"?";"197000000";"?";"13824927";"?";"170";"?";"whois";"source";"?";"?"
"http://www.indeed.com/q-Workbridge-Associates-l-New-York-NY-jobs.html";"?";"197000000";"?";"13824927";"?";"170";"?";"whois";"source";"?";"?"
"http://www.indeed.com/salary?q1=Net+Developer+Mvc+Experience+Cutting+Edge+Travel+Company&l1=New+York%2C+NY";"?";"197000000";"?";"13824927";"?";"170";"?";"whois";"source";"?";"?"
"http://www.indeed.com/cmp/Workbridge-Associates";"?";"197000000";"?";"13824927";"?";"170";"?";"whois";"source";"?";"?"
"http://www.indeed.com/forum/cmp/Workbridge-Associates.html";"?";"197000000";"?";"13824927";"?";"170";"?";"whois";"source";"?";"?"
"http://www.indeed.com/rc/clk?jk=316d0f3c29f407d5";"?";"197000000";"?";"13824927";"?";"170";"?";"whois";"source";"?";"?"
"http://www.indeed.com/cmp/Arc/reviews";"?";"197000000";"?";"13824927";"?";"170";"?";"whois";"source";"?";"?"
"http://www.indeed.com/q-Arc-l-Austin-TX-jobs.html";"?";"197000000";"?";"13824927";"?";"170";"?";"whois";"source";"?";"?"
"http://www.indeed.com/cmp/Arc";"?";"197000000";"?";"13824927";"?";"170";"?";"whois";"source";"?";"?"
"http://www.indeed.com/forum/cmp/Arc.html";"?";"197000000";"?";"13824927";"?";"170";"?";"whois";"source";"?";"?"
"http://www.indeed.com/rc/clk?jk=8ae99d779007f356";"?";"197000000";"?";"13824927";"?";"170";"?";"whois";"source";"?";"?"
"http://www.indeed.com/q-Robert-Half-Technology-l-Des-Peres-MO-jobs.html";"?";"197000000";"?";"13824927";"?";"170";"?";"whois";"source";"?";"?"
"http://www.indeed.com/l-Des-Peres-MO-jobs.html";"?";"197000000";"?";"13824927";"?";"170";"?";"whois";"source";"?";"?"
"http://www.indeed.com/salary?q1=Net+Web+Developer&l1=Des+Peres%2C+MO";"?";"197000000";"?";"13824927";"?";"170";"?";"whois";"source";"?";"?"
"http://www.indeed.com/forum/loc/Des-Peres-Missouri.html";"?";"197000000";"?";"13824927";"?";"170";"?";"whois";"source";"?";"?"
"http://www.indeed.com/rc/clk?jk=5db4638337e1ed25";"?";"197000000";"?";"13824927";"?";"170";"?";"whois";"source";"?";"?"
"http://www.indeed.com/q-Cwie-l-Tempe-AZ-jobs.html";"?";"197000000";"?";"13824927";"?";"170";"?";"whois";"source";"?";"?"
"http://www.indeed.com/salary?q1=Software+Development+Team+Lead&l1=Tempe%2C+AZ";"?";"197000000";"?";"13824927";"?";"170";"?";"whois";"source";"?";"?"
"http://www.indeed.com/cmp/Cwie";"?";"197000000";"?";"13824927";"?";"170";"?";"whois";"source";"?";"?"
"http://www.indeed.com/forum/cmp/Cwie.html";"?";"197000000";"?";"13824927";"?";"170";"?";"whois";"source";"?";"?"
"http://www.indeed.com/rc/clk?jk=7ffcd27ce0cde53c";"?";"197000000";"?";"13824927";"?";"170";"?";"whois";"source";"?";"?"
"http://www.indeed.com/salary?q1=Technical+Product+Manager+Product+Owner&l1=Ipswich%2C+MA";"?";"197000000";"?";"13824927";"?";"170";"?";"whois";"source";"?";"?"
"http://www.indeed.com/rc/clk?jk=c03321980e28481d";"?";"197000000";"?";"13824927";"?";"170";"?";"whois";"source";"?";"?"
"http://www.indeed.com/salary?q1=Hadoop+Administrator&l1=Northbrook%2C+IL";"?";"197000000";"?";"13824927";"?";"170";"?";"whois";"source";"?";"?"
"http://www.indeed.com/rc/clk?jk=716649945ff6dc05";"?";"197000000";"?";"13824927";"?";"170";"?";"whois";"source";"?";"?"
"http://www.indeed.com/q-Istaff-l-Georgia-jobs.html";"?";"197000000";"?";"13824927";"?";"170";"?";"whois";"source";"?";"?"
"http://www.indeed.com/l-Georgia-jobs.html";"?";"197000000";"?";"13824927";"?";"170";"?";"whois";"source";"?";"?"
"http://www.indeed.com/salary?q1=Junior+Java+Developer&l1=Georgia";"?";"197000000";"?";"13824927";"?";"170";"?";"whois";"source";"?";"?"
"http://www.indeed.com/cmp/Istaff";"?";"197000000";"?";"13824927";"?";"170";"?";"whois";"source";"?";"?"
"http://www.indeed.com/forum/cmp/Istaff.html";"?";"197000000";"?";"13824927";"?";"170";"?";"whois";"source";"?";"?"
"http://www.indeed.com/rc/clk?jk=d6dc8faad2c2aede";"?";"197000000";"?";"13824927";"?";"170";"?";"whois";"source";"?";"?"
"http://www.indeed.com/salary?q1=Mobile+User+Experience+Designer&l1=Alexandria%2C+VA";"?";"197000000";"?";"13824927";"?";"170";"?";"whois";"source";"?";"?"
"http://www.indeed.com/rc/clk?jk=bd49d27a5aac0b8d";"?";"197000000";"?";"13824927";"?";"170";"?";"whois";"source";"?";"?"
"http://www.indeed.com/salary?q1=Senior+QA+Automation+Engineer&l1=San+Francisco%2C+CA";"?";"197000000";"?";"13824927";"?";"170";"?";"whois";"source";"?";"?"
"http://www.indeed.com/rc/clk?jk=9546961360490d73";"?";"197000000";"?";"13824927";"?";"170";"?";"whois";"source";"?";"?"
"http://www.indeed.com/q-Silver-Key-l-San-Francisco-CA-jobs.html";"?";"197000000";"?";"13824927";"?";"170";"?";"whois";"source";"?";"?"
"http://www.indeed.com/salary?q1=Senior+Developer+Architect&l1=San+Francisco%2C+CA";"?";"197000000";"?";"13824927";"?";"170";"?";"whois";"source";"?";"?"
"http://www.indeed.com/cmp/Silver-Key";"?";"197000000";"?";"13824927";"?";"170";"?";"whois";"source";"?";"?"
"http://www.indeed.com/forum/cmp/Silver-Key.html";"?";"197000000";"?";"13824927";"?";"170";"?";"whois";"source";"?";"?"
"http://www.indeed.com/rc/clk?jk=d0549438f5781cbb";"?";"197000000";"?";"13824927";"?";"170";"?";"whois";"source";"?";"?"
"http://www.indeed.com/q-Sgn-l-Beverly-Hills-CA-jobs.html";"?";"197000000";"?";"13824927";"?";"170";"?";"whois";"source";"?";"?"
"http://www.indeed.com/l-Beverly-Hills-CA-jobs.html";"?";"197000000";"?";"13824927";"?";"170";"?";"whois";"source";"?";"?"
"http://www.indeed.com/salary?q1=Product+Manager&l1=Beverly+Hills%2C+CA";"?";"197000000";"?";"13824927";"?";"170";"?";"whois";"source";"?";"?"
"http://www.indeed.com/cmp/Sgn";"?";"197000000";"?";"13824927";"?";"170";"?";"whois";"source";"?";"?"
"http://www.indeed.com/forum/loc/Beverly-Hills-California.html";"?";"197000000";"?";"13824927";"?";"170";"?";"whois";"source";"?";"?"
"http://www.indeed.com/forum/cmp/Sgn.html";"?";"197000000";"?";"13824927";"?";"170";"?";"whois";"source";"?";"?"
"http://www.indeed.com/rc/clk?jk=80bbf604038fd3ca";"?";"197000000";"?";"13824927";"?";"170";"?";"whois";"source";"?";"?"
"http://www.indeed.com/q-Jobspring-Partners-l-Ambler-PA-jobs.html";"?";"197000000";"?";"13824927";"?";"170";"?";"whois";"source";"?";"?"
"http://www.indeed.com/l-Ambler-PA-jobs.html";"?";"197000000";"?";"13824927";"?";"170";"?";"whois";"source";"?";"?"
"http://www.indeed.com/salary?q1=Big+Data+Architect&l1=Ambler%2C+PA";"?";"197000000";"?";"13824927";"?";"170";"?";"whois";"source";"?";"?"
"http://www.indeed.com/forum/loc/Ambler-Pennsylvania.html";"?";"197000000";"?";"13824927";"?";"170";"?";"whois";"source";"?";"?"
"http://www.indeed.com/rc/clk?jk=21f10dc86c985e56";"?";"197000000";"?";"13824927";"?";"170";"?";"whois";"source";"?";"?"
"http://www.indeed.com/q-Smith-&-Keller-l-Washington-DC-jobs.html";"?";"197000000";"?";"13824927";"?";"170";"?";"whois";"source";"?";"?"
"http://www.indeed.com/l-Washington-DC-jobs.html";"?";"197000000";"?";"13824927";"?";"170";"?";"whois";"source";"?";"?"
"http://www.indeed.com/salary?q1=Lead+Front+End+Developer&l1=Washington%2C+DC";"?";"197000000";"?";"13824927";"?";"170";"?";"whois";"source";"?";"?"
"http://www.indeed.com/cmp/Smith-&-Keller";"?";"197000000";"?";"13824927";"?";"170";"?";"whois";"source";"?";"?"
"http://www.indeed.com/forum/loc/Washington-District-of-Columbia.html";"?";"197000000";"?";"13824927";"?";"170";"?";"whois";"source";"?";"?"
"http://www.indeed.com/forum/cmp/Smith-%26-Keller.html";"?";"197000000";"?";"13824927";"?";"170";"?";"whois";"source";"?";"?"
"http://www.indeed.com/rc/clk?jk=daf4f9461285412a";"?";"197000000";"?";"13824927";"?";"170";"?";"whois";"source";"?";"?"
"http://www.indeed.com/cmp/Stanley-Steemer-Int.-Inc./reviews";"?";"197000000";"?";"13824927";"?";"170";"?";"whois";"source";"?";"?"
"http://www.indeed.com/q-Stanley-Steemer-l-Dublin-OH-jobs.html";"?";"197000000";"?";"13824927";"?";"170";"?";"whois";"source";"?";"?"
"http://www.indeed.com/l-Dublin-OH-jobs.html";"?";"197000000";"?";"13824927";"?";"170";"?";"whois";"source";"?";"?"
"http://www.indeed.com/salary?q1=Software+Developer&l1=Dublin%2C+OH";"?";"197000000";"?";"13824927";"?";"170";"?";"whois";"source";"?";"?"
"http://www.indeed.com/cmp/Stanley-Steemer-Int.-Inc.";"?";"197000000";"?";"13824927";"?";"170";"?";"whois";"source";"?";"?"
"http://www.indeed.com/forum/loc/Dublin-Ohio.html";"?";"197000000";"?";"13824927";"?";"170";"?";"whois";"source";"?";"?"
"http://www.indeed.com/forum/cmp/Stanley-Steemer-Int.-Inc..html";"?";"197000000";"?";"13824927";"?";"170";"?";"whois";"source";"?";"?"
"http://www.indeed.com/rc/clk?jk=736bf16eed41d31f";"?";"197000000";"?";"13824927";"?";"170";"?";"whois";"source";"?";"?"
"http://www.indeed.com/q-Workbridge-Associates-l-Irvine-CA-jobs.html";"?";"197000000";"?";"13824927";"?";"170";"?";"whois";"source";"?";"?"
"http://www.indeed.com/l-Irvine-CA-jobs.html";"?";"197000000";"?";"13824927";"?";"170";"?";"whois";"source";"?";"?"
"http://www.indeed.com/salary?q1=Java+Architect&l1=Irvine%2C+CA";"?";"197000000";"?";"13824927";"?";"170";"?";"whois";"source";"?";"?"
"http://www.indeed.com/forum/job/Java-Architect.html";"?";"197000000";"?";"13824927";"?";"170";"?";"whois";"source";"?";"?"
"http://www.indeed.com/forum/loc/Irvine-California.html";"?";"197000000";"?";"13824927";"?";"170";"?";"whois";"source";"?";"?"
"http://www.indeed.com/rc/clk?jk=142fd6e40f8918da";"?";"197000000";"?";"13824927";"?";"170";"?";"whois";"source";"?";"?"
"http://www.indeed.com/salary?q1=Business+Intelligence+Analyst&l1=Northbrook%2C+IL";"?";"197000000";"?";"13824927";"?";"170";"?";"whois";"source";"?";"?"
"http://www.indeed.com/rc/clk?jk=2cc881e6f506bc28";"?";"197000000";"?";"13824927";"?";"170";"?";"whois";"source";"?";"?"
"http://www.indeed.com/salary?q1=Oracle+Database+Administrator&l1=Northbrook%2C+IL";"?";"197000000";"?";"13824927";"?";"170";"?";"whois";"source";"?";"?"
"http://www.indeed.com/forum/job/Oracle-Database-Administrator.html";"?";"197000000";"?";"13824927";"?";"170";"?";"whois";"source";"?";"?"
"http://www.indeed.com/rc/clk?jk=63e4c6cf52e8c0c7";"?";"197000000";"?";"13824927";"?";"170";"?";"whois";"source";"?";"?"
"http://www.indeed.com/q-Cvent-l-McLean-VA-jobs.html";"?";"197000000";"?";"13824927";"?";"170";"?";"whois";"source";"?";"?"
"http://www.indeed.com/salary?q1=Senior+Web+Application+Security+Engineer&l1=McLean%2C+VA";"?";"197000000";"?";"13824927";"?";"170";"?";"whois";"source";"?";"?"
"http://www.indeed.com/cmp/Cvent";"?";"197000000";"?";"13824927";"?";"170";"?";"whois";"source";"?";"?"
"http://www.indeed.com/forum/cmp/Cvent.html";"?";"197000000";"?";"13824927";"?";"170";"?";"whois";"source";"?";"?"
"http://www.indeed.com/rc/clk?jk=cd470b59334d044e";"?";"197000000";"?";"13824927";"?";"170";"?";"whois";"source";"?";"?"
"http://www.indeed.com/q-Viewpost-l-Maitland-FL-jobs.html";"?";"197000000";"?";"13824927";"?";"170";"?";"whois";"source";"?";"?"
"http://www.indeed.com/l-Maitland-FL-jobs.html";"?";"197000000";"?";"13824927";"?";"170";"?";"whois";"source";"?";"?"
"http://www.indeed.com/salary?q1=ASP+Net+Csharp+Saas+Developer&l1=Maitland%2C+FL";"?";"197000000";"?";"13824927";"?";"170";"?";"whois";"source";"?";"?"
"http://www.indeed.com/forum/loc/Maitland-Florida.html";"?";"197000000";"?";"13824927";"?";"170";"?";"whois";"source";"?";"?"
"http://www.indeed.com/forum/cmp/Viewpost.html";"?";"197000000";"?";"13824927";"?";"170";"?";"whois";"source";"?";"?"
"http://www.indeed.com/rc/clk?jk=668366d8cf5f3658";"?";"197000000";"?";"13824927";"?";"170";"?";"whois";"source";"?";"?"
"http://www.indeed.com/salary?q1=Marketing+Campaign+Specialist&l1=San+Francisco%2C+CA";"?";"197000000";"?";"13824927";"?";"170";"?";"whois";"source";"?";"?"
"http://www.indeed.com/rc/clk?jk=70dd508fb6fe7ef9";"?";"197000000";"?";"13824927";"?";"170";"?";"whois";"source";"?";"?"
"http://www.indeed.com/cmp/American-College-of-Physicians/reviews";"?";"197000000";"?";"13824927";"?";"170";"?";"whois";"source";"?";"?"
"http://www.indeed.com/jobs?q=American+College+of+Physicians&l=Philadelphia+PA&nc=jasx";"?";"197000000";"?";"13824927";"?";"170";"?";"whois";"source";"?";"?"
"http://www.indeed.com/l-Philadelphia-PA-jobs.html";"?";"197000000";"?";"13824927";"?";"170";"?";"whois";"source";"?";"?"
"http://www.indeed.com/salary?q1=System+Analyst+Developer&l1=Philadelphia%2C+PA";"?";"197000000";"?";"13824927";"?";"170";"?";"whois";"source";"?";"?"
"http://www.indeed.com/cmp/American-College-of-Physicians";"?";"197000000";"?";"13824927";"?";"170";"?";"whois";"source";"?";"?"
"http://www.indeed.com/forum/loc/Philadelphia-Pennsylvania.html";"?";"197000000";"?";"13824927";"?";"170";"?";"whois";"source";"?";"?"
"http://www.indeed.com/forum/cmp/American-College-of-Physicians.html";"?";"197000000";"?";"13824927";"?";"170";"?";"whois";"source";"?";"?"
"http://www.indeed.com/rc/clk?jk=0447f0da1d7d2ee8";"?";"197000000";"?";"13824927";"?";"170";"?";"whois";"source";"?";"?"
"http://www.indeed.com/cmp/Intersys-Consulting/reviews";"?";"197000000";"?";"13824927";"?";"170";"?";"whois";"source";"?";"?"
"http://www.indeed.com/q-Intersys-Consulting-l-Mountain-View-CA-jobs.html";"?";"197000000";"?";"13824927";"?";"170";"?";"whois";"source";"?";"?"
"http://www.indeed.com/l-Mountain-View-CA-jobs.html";"?";"197000000";"?";"13824927";"?";"170";"?";"whois";"source";"?";"?"
"http://www.indeed.com/salary?q1=Senior+Software+Engineer&l1=Mountain+View%2C+CA";"?";"197000000";"?";"13824927";"?";"170";"?";"whois";"source";"?";"?"
"http://www.indeed.com/cmp/Intersys-Consulting";"?";"197000000";"?";"13824927";"?";"170";"?";"whois";"source";"?";"?"
"http://www.indeed.com/forum/loc/Mountain-View-California.html";"?";"197000000";"?";"13824927";"?";"170";"?";"whois";"source";"?";"?"
"http://www.indeed.com/forum/cmp/Intersys-Consulting.html";"?";"197000000";"?";"13824927";"?";"170";"?";"whois";"source";"?";"?"
"http://www.indeed.com/rc/clk?jk=19da3490873ce696";"?";"197000000";"?";"13824927";"?";"170";"?";"whois";"source";"?";"?"
"http://www.indeed.com/q-Workbridge-Associates-l-Lake-Forest-CA-jobs.html";"?";"197000000";"?";"13824927";"?";"170";"?";"whois";"source";"?";"?"
"http://www.indeed.com/l-Lake-Forest-CA-jobs.html";"?";"197000000";"?";"13824927";"?";"170";"?";"whois";"source";"?";"?"
"http://www.indeed.com/salary?q1=Principal+Java+Engineer&l1=Lake+Forest%2C+CA";"?";"197000000";"?";"13824927";"?";"170";"?";"whois";"source";"?";"?"
"http://www.indeed.com/forum/loc/Lake-Forest-California.html";"?";"197000000";"?";"13824927";"?";"170";"?";"whois";"source";"?";"?"
"http://www.indeed.com/rc/clk?jk=68ae35defe8d3b86";"?";"197000000";"?";"13824927";"?";"170";"?";"whois";"source";"?";"?"
"http://www.indeed.com/q-Workbridge-Associates-l-San-Francisco-CA-jobs.html";"?";"197000000";"?";"13824927";"?";"170";"?";"whois";"source";"?";"?"
"http://www.indeed.com/salary?q1=Quality+Assurance+Automation+Engineer&l1=San+Francisco%2C+CA";"?";"197000000";"?";"13824927";"?";"170";"?";"whois";"source";"?";"?"
"http://www.indeed.com/rc/clk?jk=120692e2938ae184";"?";"197000000";"?";"13824927";"?";"170";"?";"whois";"source";"?";"?"
"http://www.indeed.com/q-Workbridge-Associates-l-San-Mateo-CA-jobs.html";"?";"197000000";"?";"13824927";"?";"170";"?";"whois";"source";"?";"?"
"http://www.indeed.com/l-San-Mateo-CA-jobs.html";"?";"197000000";"?";"13824927";"?";"170";"?";"whois";"source";"?";"?"
"http://www.indeed.com/salary?q1=Quality+Assurance+Automation+Engineer&l1=San+Mateo%2C+CA";"?";"197000000";"?";"13824927";"?";"170";"?";"whois";"source";"?";"?"
"http://www.indeed.com/forum/loc/SAN-Mateo-California.html";"?";"197000000";"?";"13824927";"?";"170";"?";"whois";"source";"?";"?"
"http://www.indeed.com/rc/clk?jk=b56890be5870776d";"?";"197000000";"?";"13824927";"?";"170";"?";"whois";"source";"?";"?"
"http://www.indeed.com/q-Pixafy-l-New-York-NY-jobs.html";"?";"197000000";"?";"13824927";"?";"170";"?";"whois";"source";"?";"?"
"http://www.indeed.com/salary?q1=Project+Manager+Opportunity&l1=New+York%2C+NY";"?";"197000000";"?";"13824927";"?";"170";"?";"whois";"source";"?";"?"
"http://www.indeed.com/forum/cmp/Pixafy.html";"?";"197000000";"?";"13824927";"?";"170";"?";"whois";"source";"?";"?"
"http://www.indeed.com/rc/clk?jk=382e35122870be98";"?";"197000000";"?";"13824927";"?";"170";"?";"whois";"source";"?";"?"
"http://www.indeed.com/cmp/GE-Capital/reviews";"?";"197000000";"?";"13824927";"?";"170";"?";"whois";"source";"?";"?"
"http://www.indeed.com/q-GE-Capital-l-Charter-Township-of-Van-Buren-MI-jobs.html";"?";"197000000";"?";"13824927";"?";"170";"?";"whois";"source";"?";"?"
"http://www.indeed.com/l-Charter-Township-of-Van-Buren-MI-jobs.html";"?";"197000000";"?";"13824927";"?";"170";"?";"whois";"source";"?";"?"
"http://www.indeed.com/salary?q1=Tibco+Developer&l1=Charter+Township+of+Van+Buren%2C+MI";"?";"197000000";"?";"13824927";"?";"170";"?";"whois";"source";"?";"?"
"http://www.indeed.com/cmp/GE-Capital";"?";"197000000";"?";"13824927";"?";"170";"?";"whois";"source";"?";"?"
"http://www.indeed.com/forum/cmp/GE-Capital.html";"?";"197000000";"?";"13824927";"?";"170";"?";"whois";"source";"?";"?"
"http://www.indeed.com/rc/clk?jk=28963dc4ab4aae45";"?";"197000000";"?";"13824927";"?";"170";"?";"whois";"source";"?";"?"
"http://www.indeed.com/q-Highwinds-l-Phoenix-AZ-jobs.html";"?";"197000000";"?";"13824927";"?";"170";"?";"whois";"source";"?";"?"
"http://www.indeed.com/l-Phoenix-AZ-jobs.html";"?";"197000000";"?";"13824927";"?";"170";"?";"whois";"source";"?";"?"
"http://www.indeed.com/salary?q1=Senior+PHP+Web+Backend+Developer&l1=Phoenix%2C+AZ";"?";"197000000";"?";"13824927";"?";"170";"?";"whois";"source";"?";"?"
"http://www.indeed.com/cmp/Highwinds";"?";"197000000";"?";"13824927";"?";"170";"?";"whois";"source";"?";"?"
"http://www.indeed.com/forum/loc/Phoenix-Arizona.html";"?";"197000000";"?";"13824927";"?";"170";"?";"whois";"source";"?";"?"
"http://www.indeed.com/forum/cmp/Highwinds.html";"?";"197000000";"?";"13824927";"?";"170";"?";"whois";"source";"?";"?"
"http://www.indeed.com/rc/clk?jk=b41a0383d9eee3ee";"?";"197000000";"?";"13824927";"?";"170";"?";"whois";"source";"?";"?"
"http://www.indeed.com/q-Six-Spoke-Media-l-New-York-NY-jobs.html";"?";"197000000";"?";"13824927";"?";"170";"?";"whois";"source";"?";"?"
"http://www.indeed.com/salary?q1=Digital+Marketing+Associate+Account+Manager&l1=New+York%2C+NY";"?";"197000000";"?";"13824927";"?";"170";"?";"whois";"source";"?";"?"
"http://www.indeed.com/forum/cmp/Six-Spoke-Media.html";"?";"197000000";"?";"13824927";"?";"170";"?";"whois";"source";"?";"?"
"http://www.indeed.com/rc/clk?jk=77525303ed84f286";"?";"197000000";"?";"13824927";"?";"170";"?";"whois";"source";"?";"?"
"http://www.indeed.com/cmp/The-Advisory-Board-Company/reviews";"?";"197000000";"?";"13824927";"?";"170";"?";"whois";"source";"?";"?"
"http://www.indeed.com/jobs?q=The+Advisory+Board+Company&l=Chicago+IL&nc=jasx";"?";"197000000";"?";"13824927";"?";"170";"?";"whois";"source";"?";"?"
"http://www.indeed.com/salary?q1=Senior+Software+Engineer&l1=Chicago%2C+IL";"?";"197000000";"?";"13824927";"?";"170";"?";"whois";"source";"?";"?"
"http://www.indeed.com/cmp/The-Advisory-Board-Company";"?";"197000000";"?";"13824927";"?";"170";"?";"whois";"source";"?";"?"
"http://www.indeed.com/forum/cmp/The-Advisory-Board-Company.html";"?";"197000000";"?";"13824927";"?";"170";"?";"whois";"source";"?";"?"
"http://www.indeed.com/rc/clk?jk=13bc82b99a6912d5";"?";"197000000";"?";"13824927";"?";"170";"?";"whois";"source";"?";"?"
"http://www.indeed.com/q-Parkwhiz-l-Chicago-IL-jobs.html";"?";"197000000";"?";"13824927";"?";"170";"?";"whois";"source";"?";"?"
"http://www.indeed.com/salary?q1=Senior+Ruby+Software+Engineer&l1=Chicago%2C+IL";"?";"197000000";"?";"13824927";"?";"170";"?";"whois";"source";"?";"?"
"http://www.indeed.com/cmp/Parkwhiz-LLC";"?";"197000000";"?";"13824927";"?";"170";"?";"whois";"source";"?";"?"
"http://www.indeed.com/forum/cmp/Parkwhiz-LLC.html";"?";"197000000";"?";"13824927";"?";"170";"?";"whois";"source";"?";"?"
"http://www.indeed.com/rc/clk?jk=f9a0087589a9a410";"?";"197000000";"?";"13824927";"?";"170";"?";"whois";"source";"?";"?"
"http://www.indeed.com/q-Blackline-Systems-l-Woodland-Hills-CA-jobs.html";"?";"197000000";"?";"13824927";"?";"170";"?";"whois";"source";"?";"?"
"http://www.indeed.com/l-Woodland-Hills-CA-jobs.html";"?";"197000000";"?";"13824927";"?";"170";"?";"whois";"source";"?";"?"
"http://www.indeed.com/salary?q1=Engineering+Manager&l1=Woodland+Hills%2C+CA";"?";"197000000";"?";"13824927";"?";"170";"?";"whois";"source";"?";"?"
"http://www.indeed.com/cmp/Blackline-Systems";"?";"197000000";"?";"13824927";"?";"170";"?";"whois";"source";"?";"?"
"http://www.indeed.com/forum/job/Engineering-Manager.html";"?";"197000000";"?";"13824927";"?";"170";"?";"whois";"source";"?";"?"
"http://www.indeed.com/forum/loc/Woodland-Hills-California.html";"?";"197000000";"?";"13824927";"?";"170";"?";"whois";"source";"?";"?"
"http://www.indeed.com/forum/cmp/Blackline-Systems.html";"?";"197000000";"?";"13824927";"?";"170";"?";"whois";"source";"?";"?"
"http://www.indeed.com/rc/clk?jk=1652a06c64e704ea";"?";"197000000";"?";"13824927";"?";"170";"?";"whois";"source";"?";"?"
"http://www.indeed.com/cmp/Defense-Point-Security/reviews";"?";"197000000";"?";"13824927";"?";"170";"?";"whois";"source";"?";"?"
"http://www.indeed.com/q-Defense-Point-Security-l-Washington-DC-jobs.html";"?";"197000000";"?";"13824927";"?";"170";"?";"whois";"source";"?";"?"
"http://www.indeed.com/salary?q1=Information+System+Security+Officer&l1=Washington%2C+DC";"?";"197000000";"?";"13824927";"?";"170";"?";"whois";"source";"?";"?"
"http://www.indeed.com/cmp/Defense-Point-Security";"?";"197000000";"?";"13824927";"?";"170";"?";"whois";"source";"?";"?"
"http://www.indeed.com/forum/cmp/Defense-Point-Security.html";"?";"197000000";"?";"13824927";"?";"170";"?";"whois";"source";"?";"?"
"http://www.indeed.com/rc/clk?jk=a743d7256055e870";"?";"197000000";"?";"13824927";"?";"170";"?";"whois";"source";"?";"?"
"http://www.indeed.com/salary?q1=General+Counsel&l1=San+Francisco%2C+CA";"?";"197000000";"?";"13824927";"?";"170";"?";"whois";"source";"?";"?"
"http://www.indeed.com/forum/job/General-Counsel.html";"?";"197000000";"?";"13824927";"?";"170";"?";"whois";"source";"?";"?"
"http://www.indeed.com/rc/clk?jk=c153650da853fcdf";"?";"197000000";"?";"13824927";"?";"170";"?";"whois";"source";"?";"?"
"http://www.indeed.com/cmp/Baudville-Inc./reviews";"?";"197000000";"?";"13824927";"?";"170";"?";"whois";"source";"?";"?"
"http://www.indeed.com/q-Baudville-l-Grand-Rapids-MI-jobs.html";"?";"197000000";"?";"13824927";"?";"170";"?";"whois";"source";"?";"?"
"http://www.indeed.com/l-Grand-Rapids-MI-jobs.html";"?";"197000000";"?";"13824927";"?";"170";"?";"whois";"source";"?";"?"
"http://www.indeed.com/salary?q1=Developer+Programmer&l1=Grand+Rapids%2C+MI";"?";"197000000";"?";"13824927";"?";"170";"?";"whois";"source";"?";"?"
"http://www.indeed.com/cmp/Baudville-Inc.";"?";"197000000";"?";"13824927";"?";"170";"?";"whois";"source";"?";"?"
"http://www.indeed.com/forum/loc/Grand-Rapids-Michigan.html";"?";"197000000";"?";"13824927";"?";"170";"?";"whois";"source";"?";"?"
"http://www.indeed.com/forum/cmp/Baudville%2C-Inc..html";"?";"197000000";"?";"13824927";"?";"170";"?";"whois";"source";"?";"?"
"http://www.indeed.com/rc/clk?jk=0fe5ab92d146808e";"?";"197000000";"?";"13824927";"?";"170";"?";"whois";"source";"?";"?"
"http://www.indeed.com/cmp/Factset-Research-Systems/reviews";"?";"197000000";"?";"13824927";"?";"170";"?";"whois";"source";"?";"?"
"http://www.indeed.com/q-Factset-Research-Systems-l-New-York-NY-jobs.html";"?";"197000000";"?";"13824927";"?";"170";"?";"whois";"source";"?";"?"
"http://www.indeed.com/salary?q1=Senior+Product+Manager&l1=New+York%2C+NY";"?";"197000000";"?";"13824927";"?";"170";"?";"whois";"source";"?";"?"
"http://www.indeed.com/cmp/Factset-Research-Systems";"?";"197000000";"?";"13824927";"?";"170";"?";"whois";"source";"?";"?"
"http://www.indeed.com/forum/cmp/Factset-Research-Systems.html";"?";"197000000";"?";"13824927";"?";"170";"?";"whois";"source";"?";"?"
"http://www.indeed.com/rc/clk?jk=3eb78eb925467ed1";"?";"197000000";"?";"13824927";"?";"170";"?";"whois";"source";"?";"?"
"http://www.indeed.com/cmp/Matrix-Resources/reviews";"?";"197000000";"?";"13824927";"?";"170";"?";"whois";"source";"?";"?"
"http://www.indeed.com/q-Matrix-Resources-l-Scottsdale-AZ-jobs.html";"?";"197000000";"?";"13824927";"?";"170";"?";"whois";"source";"?";"?"
"http://www.indeed.com/l-Scottsdale-AZ-jobs.html";"?";"197000000";"?";"13824927";"?";"170";"?";"whois";"source";"?";"?"
"http://www.indeed.com/salary?q1=Database+Developer&l1=Scottsdale%2C+AZ";"?";"197000000";"?";"13824927";"?";"170";"?";"whois";"source";"?";"?"
"http://www.indeed.com/cmp/Matrix-Resources";"?";"197000000";"?";"13824927";"?";"170";"?";"whois";"source";"?";"?"
"http://www.indeed.com/forum/job/Database-Developer.html";"?";"197000000";"?";"13824927";"?";"170";"?";"whois";"source";"?";"?"
"http://www.indeed.com/forum/loc/Scottsdale-Arizona.html";"?";"197000000";"?";"13824927";"?";"170";"?";"whois";"source";"?";"?"
"http://www.indeed.com/forum/cmp/Matrix-Resources.html";"?";"197000000";"?";"13824927";"?";"170";"?";"whois";"source";"?";"?"
"http://www.indeed.com/rc/clk?jk=164e7e0e8ed5d527";"?";"197000000";"?";"13824927";"?";"170";"?";"whois";"source";"?";"?"
"http://www.indeed.com/q-Influitive-l-Boston-MA-jobs.html";"?";"197000000";"?";"13824927";"?";"170";"?";"whois";"source";"?";"?"
"http://www.indeed.com/salary?q1=Software+Craftsman&l1=Boston%2C+MA";"?";"197000000";"?";"13824927";"?";"170";"?";"whois";"source";"?";"?"
"http://www.indeed.com/forum/cmp/Influitive.html";"?";"197000000";"?";"13824927";"?";"170";"?";"whois";"source";"?";"?"
"http://www.indeed.com/rc/clk?jk=75a2a06ca0b3f46c";"?";"197000000";"?";"13824927";"?";"170";"?";"whois";"source";"?";"?"
"http://www.indeed.com/salary?q1=Reserving+Senior+Actuarial+Assistant&l1=Northbrook%2C+IL";"?";"197000000";"?";"13824927";"?";"170";"?";"whois";"source";"?";"?"
"http://www.indeed.com/rc/clk?jk=b8480a1ce14eba72";"?";"197000000";"?";"13824927";"?";"170";"?";"whois";"source";"?";"?"
"http://www.indeed.com/q-Glasses-Com-l-Draper-UT-jobs.html";"?";"197000000";"?";"13824927";"?";"170";"?";"whois";"source";"?";"?"
"http://www.indeed.com/l-Draper-UT-jobs.html";"?";"197000000";"?";"13824927";"?";"170";"?";"whois";"source";"?";"?"
"http://www.indeed.com/salary?q1=Senior+Software+Engineer&l1=Draper%2C+UT";"?";"197000000";"?";"13824927";"?";"170";"?";"whois";"source";"?";"?"
"http://www.indeed.com/cmp/Glasses.com";"?";"197000000";"?";"13824927";"?";"170";"?";"whois";"source";"?";"?"
"http://www.indeed.com/forum/loc/Draper-Utah.html";"?";"197000000";"?";"13824927";"?";"170";"?";"whois";"source";"?";"?"
"http://www.indeed.com/forum/cmp/Glasses.com.html";"?";"197000000";"?";"13824927";"?";"170";"?";"whois";"source";"?";"?"
"http://www.indeed.com/rc/clk?jk=c94c6002e5ae49d9";"?";"197000000";"?";"13824927";"?";"170";"?";"whois";"source";"?";"?"
"http://www.indeed.com/q-Digital-River-l-Minnetonka-MN-jobs.html";"?";"197000000";"?";"13824927";"?";"170";"?";"whois";"source";"?";"?"
"http://www.indeed.com/l-Minnetonka-MN-jobs.html";"?";"197000000";"?";"13824927";"?";"170";"?";"whois";"source";"?";"?"
"http://www.indeed.com/salary?q1=Technical+Project+Manager&l1=Minnetonka%2C+MN";"?";"197000000";"?";"13824927";"?";"170";"?";"whois";"source";"?";"?"
"http://www.indeed.com/cmp/Digital-River-Inc.";"?";"197000000";"?";"13824927";"?";"170";"?";"whois";"source";"?";"?"
"http://www.indeed.com/forum/job/Technical-Project-Manager.html";"?";"197000000";"?";"13824927";"?";"170";"?";"whois";"source";"?";"?"
"http://www.indeed.com/forum/loc/Minnetonka-Minnesota.html";"?";"197000000";"?";"13824927";"?";"170";"?";"whois";"source";"?";"?"
"http://www.indeed.com/forum/cmp/Digital-River%2C-Inc..html";"?";"197000000";"?";"13824927";"?";"170";"?";"whois";"source";"?";"?"
"http://www.indeed.com/rc/clk?jk=bddf158cbc8a6999";"?";"197000000";"?";"13824927";"?";"170";"?";"whois";"source";"?";"?"
"http://www.indeed.com/q-Matrix-Resources-l-Marietta-GA-jobs.html";"?";"197000000";"?";"13824927";"?";"170";"?";"whois";"source";"?";"?"
"http://www.indeed.com/salary?q1=Junior+Mid+Level+Net+Developer&l1=Marietta%2C+GA";"?";"197000000";"?";"13824927";"?";"170";"?";"whois";"source";"?";"?"
"http://www.indeed.com/rc/clk?jk=5a2fbddb64180508";"?";"197000000";"?";"13824927";"?";"170";"?";"whois";"source";"?";"?"
"http://www.indeed.com/cmp/Cybercoders/reviews";"?";"197000000";"?";"13824927";"?";"170";"?";"whois";"source";"?";"?"
"http://www.indeed.com/q-Cybercoders-l-Orlando-FL-jobs.html";"?";"197000000";"?";"13824927";"?";"170";"?";"whois";"source";"?";"?"
"http://www.indeed.com/salary?q1=Junior+Net+Developer&l1=Orlando%2C+FL";"?";"197000000";"?";"13824927";"?";"170";"?";"whois";"source";"?";"?"
"http://www.indeed.com/cmp/Cybercoders";"?";"197000000";"?";"13824927";"?";"170";"?";"whois";"source";"?";"?"
"http://www.indeed.com/forum/cmp/Cybercoders.html";"?";"197000000";"?";"13824927";"?";"170";"?";"whois";"source";"?";"?"
"http://www.indeed.com/rc/clk?jk=0bedf70a76fe3170";"?";"197000000";"?";"13824927";"?";"170";"?";"whois";"source";"?";"?"
"http://www.indeed.com/cmp/Rally-Software-Development/reviews";"?";"197000000";"?";"13824927";"?";"170";"?";"whois";"source";"?";"?"
"http://www.indeed.com/q-Rally-Software-Development-l-Boulder-CO-jobs.html";"?";"197000000";"?";"13824927";"?";"170";"?";"whois";"source";"?";"?"
"http://www.indeed.com/l-Boulder-CO-jobs.html";"?";"197000000";"?";"13824927";"?";"170";"?";"whois";"source";"?";"?"
"http://www.indeed.com/salary?q1=Code&l1=Boulder%2C+CO";"?";"197000000";"?";"13824927";"?";"170";"?";"whois";"source";"?";"?"
"http://www.indeed.com/cmp/Rally-Software-Development";"?";"197000000";"?";"13824927";"?";"170";"?";"whois";"source";"?";"?"
"http://www.indeed.com/forum/loc/Boulder-Colorado.html";"?";"197000000";"?";"13824927";"?";"170";"?";"whois";"source";"?";"?"
"http://www.indeed.com/forum/cmp/Rally-Software-Development.html";"?";"197000000";"?";"13824927";"?";"170";"?";"whois";"source";"?";"?"
"http://www.indeed.com/rc/clk?jk=b3ce4532e5f88879";"?";"197000000";"?";"13824927";"?";"170";"?";"whois";"source";"?";"?"
"http://www.indeed.com/q-Advisory-Board-l-Evanston-IL-jobs.html";"?";"197000000";"?";"13824927";"?";"170";"?";"whois";"source";"?";"?"
"http://www.indeed.com/l-Evanston-IL-jobs.html";"?";"197000000";"?";"13824927";"?";"170";"?";"whois";"source";"?";"?"
"http://www.indeed.com/salary?q1=Senior+Software+Engineer&l1=Evanston%2C+IL";"?";"197000000";"?";"13824927";"?";"170";"?";"whois";"source";"?";"?"
"http://www.indeed.com/forum/loc/Evanston-Illinois.html";"?";"197000000";"?";"13824927";"?";"170";"?";"whois";"source";"?";"?"
"http://www.indeed.com/forum/cmp/Advisory-Board-Co.html";"?";"197000000";"?";"13824927";"?";"170";"?";"whois";"source";"?";"?"
"http://www.indeed.com/rc/clk?jk=cd90cdf76b7ba553";"?";"197000000";"?";"13824927";"?";"170";"?";"whois";"source";"?";"?"
"http://www.indeed.com/cmp/Marketecture/reviews";"?";"197000000";"?";"13824927";"?";"170";"?";"whois";"source";"?";"?"
"http://www.indeed.com/q-Marketecture-l-American-Fork-UT-jobs.html";"?";"197000000";"?";"13824927";"?";"170";"?";"whois";"source";"?";"?"
"http://www.indeed.com/l-American-Fork-UT-jobs.html";"?";"197000000";"?";"13824927";"?";"170";"?";"whois";"source";"?";"?"
"http://www.indeed.com/salary?q1=PHP+Developer&l1=American+Fork%2C+UT";"?";"197000000";"?";"13824927";"?";"170";"?";"whois";"source";"?";"?"
"http://www.indeed.com/cmp/Marketecture";"?";"197000000";"?";"13824927";"?";"170";"?";"whois";"source";"?";"?"
"http://www.indeed.com/forum/job/PHP-Developer.html";"?";"197000000";"?";"13824927";"?";"170";"?";"whois";"source";"?";"?"
"http://www.indeed.com/forum/loc/American-Fork-Utah.html";"?";"197000000";"?";"13824927";"?";"170";"?";"whois";"source";"?";"?"
"http://www.indeed.com/forum/cmp/Marketecture.html";"?";"197000000";"?";"13824927";"?";"170";"?";"whois";"source";"?";"?"
"http://www.indeed.com/rc/clk?jk=0551f1f35ad1ea42";"?";"197000000";"?";"13824927";"?";"170";"?";"whois";"source";"?";"?"
"http://www.indeed.com/salary?q1=Software+Engineer&l1=Boston%2C+MA";"?";"197000000";"?";"13824927";"?";"170";"?";"whois";"source";"?";"?"
"http://www.indeed.com/rc/clk?jk=5178adf352939a8b";"?";"197000000";"?";"13824927";"?";"170";"?";"whois";"source";"?";"?"
"http://www.indeed.com/q-Redbeacon-l-San-Mateo-CA-jobs.html";"?";"197000000";"?";"13824927";"?";"170";"?";"whois";"source";"?";"?"
"http://www.indeed.com/salary?q1=Software+Engineer&l1=San+Mateo%2C+CA";"?";"197000000";"?";"13824927";"?";"170";"?";"whois";"source";"?";"?"
"http://www.indeed.com/forum/cmp/Redbeacon-%28a-Subsidiary-of-the-Home-Depot%29.html";"?";"197000000";"?";"13824927";"?";"170";"?";"whois";"source";"?";"?"
"http://www.indeed.com/cmp/CastleBranch/jobs/Senior-Software-Developer-41595e9d20749153?r=1";"?";"197000000";"?";"13824927";"?";"170";"?";"whois";"source";"?";"?"
"http://www.indeed.com/q-Castlebranch-l-Wilmington-NC-jobs.html";"?";"197000000";"?";"13824927";"?";"170";"?";"whois";"source";"?";"?"
"http://www.indeed.com/l-Wilmington-NC-jobs.html";"?";"197000000";"?";"13824927";"?";"170";"?";"whois";"source";"?";"?"
"http://www.indeed.com/salary?q1=Senior+Software+Developer&l1=Wilmington%2C+NC";"?";"197000000";"?";"13824927";"?";"170";"?";"whois";"source";"?";"?"
"http://www.indeed.com/forum/loc/Wilmington-North-Carolina.html";"?";"197000000";"?";"13824927";"?";"170";"?";"whois";"source";"?";"?"
"http://www.indeed.com/forum/cmp/Castlebranch-1.html";"?";"197000000";"?";"13824927";"?";"170";"?";"whois";"source";"?";"?"
"http://www.indeed.com/rc/clk?jk=7f271e45f4637e4a";"?";"197000000";"?";"13824927";"?";"170";"?";"whois";"source";"?";"?"
"http://www.indeed.com/q-Point-Inside-l-Bellevue-WA-jobs.html";"?";"197000000";"?";"13824927";"?";"170";"?";"whois";"source";"?";"?"
"http://www.indeed.com/l-Bellevue-WA-jobs.html";"?";"197000000";"?";"13824927";"?";"170";"?";"whois";"source";"?";"?"
"http://www.indeed.com/salary?q1=Senior+Software+Engineer+iPhone+Developer&l1=Bellevue%2C+WA";"?";"197000000";"?";"13824927";"?";"170";"?";"whois";"source";"?";"?"
"http://www.indeed.com/cmp/Point-Inside-Inc.";"?";"197000000";"?";"13824927";"?";"170";"?";"whois";"source";"?";"?"
"http://www.indeed.com/forum/loc/Bellevue-Washington.html";"?";"197000000";"?";"13824927";"?";"170";"?";"whois";"source";"?";"?"
"http://www.indeed.com/forum/cmp/Point-Inside%2C-Inc..html";"?";"197000000";"?";"13824927";"?";"170";"?";"whois";"source";"?";"?"
"http://www.indeed.com/rc/clk?jk=3195b4434cbeaab7";"?";"197000000";"?";"13824927";"?";"170";"?";"whois";"source";"?";"?"
"http://www.indeed.com/q-Tubemogul-l-Emeryville-CA-jobs.html";"?";"197000000";"?";"13824927";"?";"170";"?";"whois";"source";"?";"?"
"http://www.indeed.com/l-Emeryville-CA-jobs.html";"?";"197000000";"?";"13824927";"?";"170";"?";"whois";"source";"?";"?"
"http://www.indeed.com/salary?q1=Principal+Software+Engineer&l1=Emeryville%2C+CA";"?";"197000000";"?";"13824927";"?";"170";"?";"whois";"source";"?";"?"
"http://www.indeed.com/cmp/Tubemogul-Inc.";"?";"197000000";"?";"13824927";"?";"170";"?";"whois";"source";"?";"?"
"http://www.indeed.com/forum/job/Principal-Software-Engineer.html";"?";"197000000";"?";"13824927";"?";"170";"?";"whois";"source";"?";"?"
"http://www.indeed.com/forum/loc/Emeryville-California.html";"?";"197000000";"?";"13824927";"?";"170";"?";"whois";"source";"?";"?"
"http://www.indeed.com/forum/cmp/Tubemogul%2C-Inc..html";"?";"197000000";"?";"13824927";"?";"170";"?";"whois";"source";"?";"?"
"http://www.indeed.com/rc/clk?jk=f4bcf17400cf1bbb";"?";"197000000";"?";"13824927";"?";"170";"?";"whois";"source";"?";"?"
"http://www.indeed.com/q-Elementum-l-Mountain-View-CA-jobs.html";"?";"197000000";"?";"13824927";"?";"170";"?";"whois";"source";"?";"?"
"http://www.indeed.com/salary?q1=Senior+Ios+Developer&l1=Mountain+View%2C+CA";"?";"197000000";"?";"13824927";"?";"170";"?";"whois";"source";"?";"?"
"http://www.indeed.com/forum/cmp/Elementum.html";"?";"197000000";"?";"13824927";"?";"170";"?";"whois";"source";"?";"?"
"http://www.indeed.com/rc/clk?jk=95f45456f1e50a71";"?";"197000000";"?";"13824927";"?";"170";"?";"whois";"source";"?";"?"
"http://www.indeed.com/q-Fild-l-New-York-NY-jobs.html";"?";"197000000";"?";"13824927";"?";"170";"?";"whois";"source";"?";"?"
"http://www.indeed.com/salary?q1=Lead+Android+Developer+Work+Most+Popular+Video+Social+Network&l1=New+York%2C+NY";"?";"197000000";"?";"13824927";"?";"170";"?";"whois";"source";"?";"?"
"http://www.indeed.com/forum/cmp/Fild.html";"?";"197000000";"?";"13824927";"?";"170";"?";"whois";"source";"?";"?"
"http://www.indeed.com/rc/clk?jk=40b07edbf427487e";"?";"197000000";"?";"13824927";"?";"170";"?";"whois";"source";"?";"?"
"http://www.indeed.com/q-Cybercoders-l-Providence-RI-jobs.html";"?";"197000000";"?";"13824927";"?";"170";"?";"whois";"source";"?";"?"
"http://www.indeed.com/l-Providence-RI-jobs.html";"?";"197000000";"?";"13824927";"?";"170";"?";"whois";"source";"?";"?"
"http://www.indeed.com/salary?q1=Ruby+Rail+Developer&l1=Providence%2C+RI";"?";"197000000";"?";"13824927";"?";"170";"?";"whois";"source";"?";"?"
"http://www.indeed.com/forum/loc/Providence-Rhode-Island.html";"?";"197000000";"?";"13824927";"?";"170";"?";"whois";"source";"?";"?"
"http://www.indeed.com/jobs?q=software+developer+%28kegerator+or+gym+or+%22ping+pong%22+or+foosball+or+%22fitness+center%22+or+%22pool+table%22+or+%22catered+lunches%22%29&jt=fulltime&limit=100&fromage=7&start=100";"?";"197000000";"?";"13824927";"?";"170";"?";"whois";"source";"?";"?"
"http://www.indeed.com/salary?q1=Database+Developer&l1=";"?";"197000000";"?";"13824927";"?";"170";"?";"whois";"source";"?";"?"
"http://www.indeed.com/salary?q1=Java+Architect&l1=";"?";"197000000";"?";"13824927";"?";"170";"?";"whois";"source";"?";"?"
"http://www.indeed.com/salary?q1=Engineering+Manager&l1=";"?";"197000000";"?";"13824927";"?";"170";"?";"whois";"source";"?";"?"
"http://www.indeed.com/salary?q1=Principal+Software+Engineer&l1=";"?";"197000000";"?";"13824927";"?";"170";"?";"whois";"source";"?";"?"
"http://www.indeed.com/salary?q1=Software+Engineer&l1=";"?";"197000000";"?";"13824927";"?";"170";"?";"whois";"source";"?";"?"
"http://www.indeed.com/salary?q1=Technical+Project+Manager&l1=";"?";"197000000";"?";"13824927";"?";"170";"?";"whois";"source";"?";"?"
"http://www.indeed.com/salary?q1=ETL+Developer&l1=";"?";"197000000";"?";"13824927";"?";"170";"?";"whois";"source";"?";"?"
"http://www.indeed.com/salary?q1=PHP+Developer&l1=";"?";"197000000";"?";"13824927";"?";"170";"?";"whois";"source";"?";"?"
"http://www.indeed.com/salary?q1=Net+Developer&l1=";"?";"197000000";"?";"13824927";"?";"170";"?";"whois";"source";"?";"?"
"http://www.indeed.com/salary?q1=Technical+Writer&l1=";"?";"197000000";"?";"13824927";"?";"170";"?";"whois";"source";"?";"?"
"http://www.indeed.com/salary?q1=General+Counsel&l1=";"?";"197000000";"?";"13824927";"?";"170";"?";"whois";"source";"?";"?"
"http://www.indeed.com/salary?q1=Web+Developer&l1=";"?";"197000000";"?";"13824927";"?";"170";"?";"whois";"source";"?";"?"
"http://www.indeed.com/salary?q1=Oracle+Database+Administrator&l1=";"?";"197000000";"?";"13824927";"?";"170";"?";"whois";"source";"?";"?"
"http://www.indeed.com/salary?q1=Java+Developer&l1=";"?";"197000000";"?";"13824927";"?";"170";"?";"whois";"source";"?";"?"
"http://www.indeed.com/salary?q1=Peoplesoft+Developer&l1=";"?";"197000000";"?";"13824927";"?";"170";"?";"whois";"source";"?";"?"
"http://www.indeed.com/promo/gotajob";"?";"197000000";"?";"13824927";"?";"170";"?";"whois";"source";"?";"?"
"http://www.indeed.com/salary";"?";"197000000";"?";"13824927";"?";"170";"?";"whois";"source";"?";"?"
"http://www.indeed.com/jobtrends";"?";"197000000";"?";"13824927";"?";"170";"?";"whois";"source";"?";"?"
"http://www.indeed.com/forum";"?";"197000000";"?";"13824927";"?";"170";"?";"whois";"source";"?";"?"
"http://www.indeed.com/Best-Places-to-Work";"?";"197000000";"?";"13824927";"?";"170";"?";"whois";"source";"?";"?"
"http://www.indeed.com/find-jobs.jsp";"?";"197000000";"?";"13824927";"?";"170";"?";"whois";"source";"?";"?"
"http://www.indeed.com/tools/jobseeker/";"?";"197000000";"?";"13824927";"?";"170";"?";"whois";"source";"?";"?"
"http://www.indeed.com/intl/en/about.html";"?";"197000000";"?";"13824927";"?";"170";"?";"whois";"source";"?";"?"
"http://www.indeed.com/support";"?";"197000000";"?";"13824927";"?";"170";"?";"whois";"source";"?";"?"
"http://www.indeed.com/legal";"?";"197000000";"?";"13824927";"?";"170";"?";"whois";"source";"?";"?"
