"http://www.indeed.com/";"?";"197000000";"?";"13824927";"?";"170";"?";"whois";"source";"?";"?"
"http://www.indeed.com/resumes?isid=find-resumes&ikw=SERPtop&co=US&hl=en";"?";"197000000";"?";"13824927";"?";"170";"?";"whois";"source";"?";"?"
"http://www.indeed.com/promo/resume";"?";"197000000";"?";"13824927";"?";"170";"?";"whois";"source";"?";"?"
"http://www.indeed.com/account/login?dest=%2Fjobs%3Fq%3Dsoftware%2Bengineer%2B%28genome%2Bor%2Bbioinformatics%2Bor%2Bpoverty%2Bor%2B%2522world%2Ba%2Bbetter%2Bplace%2522%2Bor%2B%2522green%2Benergy%2522%2Bor%2B%2522social%2Bimpact%2522%29%26jt%3Dfulltime%26fromage%3D7%26limit%3D100";"?";"197000000";"?";"13824927";"?";"170";"?";"whois";"source";"?";"?"
"http://www.indeed.com/advanced_search?q=software+engineer+%28genome+or+bioinformatics+or+poverty+or+%22world+a+better+place%22+or+%22green+energy%22+or+%22social+impact%22%29&jt=fulltime&limit=100&fromage=7";"?";"197000000";"?";"13824927";"?";"170";"?";"whois";"source";"?";"?"
"http://www.indeed.com/jobs?q=software+engineer&l=remote&rs=1&fromage=last";"?";"197000000";"?";"13824927";"?";"170";"?";"whois";"source";"?";"?"
"http://www.indeed.com/jobs?q=software+engineer+%28%22contributes+to+open+source%22+or+%22enthusiastic+about+open+source%22+or+%22we+contribute+to+open+source%22+or+%22open+source+stack%22+or+%22passion+for+open+source%22%29&l=&limit=100&rs=1&fromage=last";"?";"197000000";"?";"13824927";"?";"170";"?";"whois";"source";"?";"?"
"http://www.indeed.com/jobs?q=startup+%22software+engineer%22&l=&limit=100&rs=1&fromage=last";"?";"197000000";"?";"13824927";"?";"170";"?";"whois";"source";"?";"?"
"http://www.indeed.com/jobs?q=software+developer+%28kegerator+or+gym+or+%22ping+pong%22+or+foosball+or+%22fitness+center%22+or+%22pool+table%22+or+%22catered+lunches%22%29&l=&limit=100&rs=1&fromage=last";"?";"197000000";"?";"13824927";"?";"170";"?";"whois";"source";"?";"?"
"http://www.indeed.com/jobs?q=software+developer+%28nosql+or+mongodb+or+cassandra+or+hadoop+or+hbase+or+clojure+or+haskell%29&l=&limit=100&rs=1&fromage=last";"?";"197000000";"?";"13824927";"?";"170";"?";"whois";"source";"?";"?"
"http://www.indeed.com/jobs?q=software+engineer+%28&l=&rs=1";"?";"197000000";"?";"13824927";"?";"170";"?";"whois";"source";"?";"?"
"http://www.indeed.com/jobs?q=software+engineer+%28nosql+or+mongodb+or+cassandra+or+hadoop+or+hbase+or+clojure+or+haskell%29&l=&limit=100&rs=1&fromage=last";"?";"197000000";"?";"13824927";"?";"170";"?";"whois";"source";"?";"?"
"http://www.indeed.com/jobs?q=software+developer+%28genome+or+bioinformatics+or+poverty+or+%22world+a+better+place%22+or+%22green+energy%22+or+%22social+impact%22%29&l=&rs=1&fromage=last";"?";"197000000";"?";"13824927";"?";"170";"?";"whois";"source";"?";"?"
"http://www.indeed.com/?cls";"?";"197000000";"?";"13824927";"?";"170";"?";"whois";"source";"?";"?"
"http://www.indeed.com/jobs?q=software+engineer+%28genome+or+bioinformatics+or+poverty+or+%22world+a+better+place%22+or+%22green+energy%22+or+%22social+impact%22%29&jt=fulltime&limit=100&fromage=7&sort=date";"?";"197000000";"?";"13824927";"?";"170";"?";"whois";"source";"?";"?"
"http://www.indeed.com/jobs?q=software+engineer+(genome+or+bioinformatics+or+poverty+or+%22world+a+better+place%22+or+%22green+energy%22+or+%22social+impact%22)&limit=100&fromage=7";"?";"197000000";"?";"13824927";"?";"170";"?";"whois";"source";"?";"?"
"http://www.indeed.com/jobs?q=software+engineer+(genome+or+bioinformatics+or+poverty+or+%22world+a+better+place%22+or+%22green+energy%22+or+%22social+impact%22)+$50000&jt=fulltime&limit=100&fromage=7";"?";"197000000";"?";"13824927";"?";"170";"?";"whois";"source";"?";"?"
"http://www.indeed.com/jobs?q=software+engineer+(genome+or+bioinformatics+or+poverty+or+%22world+a+better+place%22+or+%22green+energy%22+or+%22social+impact%22)+$70000&jt=fulltime&limit=100&fromage=7";"?";"197000000";"?";"13824927";"?";"170";"?";"whois";"source";"?";"?"
"http://www.indeed.com/jobs?q=software+engineer+(genome+or+bioinformatics+or+poverty+or+%22world+a+better+place%22+or+%22green+energy%22+or+%22social+impact%22)+$90000&jt=fulltime&limit=100&fromage=7";"?";"197000000";"?";"13824927";"?";"170";"?";"whois";"source";"?";"?"
"http://www.indeed.com/jobs?q=software+engineer+(genome+or+bioinformatics+or+poverty+or+%22world+a+better+place%22+or+%22green+energy%22+or+%22social+impact%22)+$110000&jt=fulltime&limit=100&fromage=7";"?";"197000000";"?";"13824927";"?";"170";"?";"whois";"source";"?";"?"
"http://www.indeed.com/jobs?q=software+engineer+(genome+or+bioinformatics+or+poverty+or+%22world+a+better+place%22+or+%22green+energy%22+or+%22social+impact%22)+$130000&jt=fulltime&limit=100&fromage=7";"?";"197000000";"?";"13824927";"?";"170";"?";"whois";"source";"?";"?"
"http://www.indeed.com/jobs?q=software+engineer+%28genome+or+bioinformatics+or+poverty+or+%22world+a+better+place%22+or+%22green+energy%22+or+%22social+impact%22%29&jt=fulltime&limit=100&fromage=last";"?";"197000000";"?";"13824927";"?";"170";"?";"whois";"source";"?";"?"
"http://www.indeed.com/rc/clk?jk=0c5dc788bd451f9b";"?";"197000000";"?";"13824927";"?";"170";"?";"whois";"source";"?";"?"
"http://www.indeed.com/jobs?q=software+engineer+(genome+or+bioinformatics+or+poverty+or+%22world+a+better+place%22+or+%22green+energy%22+or+%22social+impact%22)&jt=fulltime&fromage=7&limit=100";"?";"197000000";"0";"13824927";"?";"170";"?";"whois";"source";"?";"?"
"http://www.indeed.com/jobs?q=Medical+Science+%26+Computing&l=Bethesda+MD&nc=jasx";"?";"197000000";"?";"13824927";"?";"170";"?";"whois";"source";"?";"?"
"http://www.indeed.com/l-Bethesda-MD-jobs.html";"?";"197000000";"?";"13824927";"?";"170";"?";"whois";"source";"?";"?"
"http://www.indeed.com/salary?q1=Software+Engineer&l1=Bethesda%2C+MD";"?";"197000000";"?";"13824927";"?";"170";"?";"whois";"source";"?";"?"
"http://www.indeed.com/forum/job/Software-Engineer.html";"?";"197000000";"?";"13824927";"?";"170";"?";"whois";"source";"?";"?"
"http://www.indeed.com/forum/loc/Bethesda-Maryland.html";"?";"197000000";"?";"13824927";"?";"170";"?";"whois";"source";"?";"?"
"http://www.indeed.com/forum/cmp/Medical-Science-%26-Computing%2C-Inc..html";"?";"197000000";"?";"13824927";"?";"170";"?";"whois";"source";"?";"?"
"http://www.indeed.com/rc/clk?jk=7fe5c4adeaf4aea9";"?";"197000000";"?";"13824927";"?";"170";"?";"whois";"source";"?";"?"
"http://www.indeed.com/l-Plymouth-MI-jobs.html";"?";"197000000";"?";"13824927";"?";"170";"?";"whois";"source";"?";"?"
"http://www.indeed.com/salary?q1=Software+Engineer&l1=Plymouth%2C+MI";"?";"197000000";"?";"13824927";"?";"170";"?";"whois";"source";"?";"?"
"http://www.indeed.com/forum/loc/Plymouth-Michigan.html";"?";"197000000";"?";"13824927";"?";"170";"?";"whois";"source";"?";"?"
"http://www.indeed.com/rc/clk?jk=1653488b5c8f6e59";"?";"197000000";"?";"13824927";"?";"170";"?";"whois";"source";"?";"?"
"http://www.indeed.com/cmp/Rosetta-Stone/reviews";"?";"197000000";"?";"13824927";"?";"170";"?";"whois";"source";"?";"?"
"http://www.indeed.com/jobs?q=software+engineer+%28genome+or+bioinformatics+or+poverty+or+%22world+a+better+place%22+or+%22green+energy%22+or+%22social+impact%22%29&rbt=Senior+Server+Side+Engineer&rbc=Rosetta+Stone&jtid=14df53437b592c9c&jcid=158df04186780730&jt=fulltime&limit=100&fromage=7&grp=tcl";"?";"197000000";"?";"13824927";"?";"170";"?";"whois";"source";"?";"?"
"http://www.indeed.com/q-Rosetta-Stone-l-San-Francisco-CA-jobs.html";"?";"197000000";"?";"13824927";"?";"170";"?";"whois";"source";"?";"?"
"http://www.indeed.com/l-San-Francisco-CA-jobs.html";"?";"197000000";"?";"13824927";"?";"170";"?";"whois";"source";"?";"?"
"http://www.indeed.com/salary?q1=Senior+Server+Side+Engineer&l1=San+Francisco%2C+CA";"?";"197000000";"?";"13824927";"?";"170";"?";"whois";"source";"?";"?"
"http://www.indeed.com/cmp/Rosetta-Stone";"?";"197000000";"?";"13824927";"?";"170";"?";"whois";"source";"?";"?"
"http://www.indeed.com/forum/loc/SAN-Francisco-California.html";"?";"197000000";"?";"13824927";"?";"170";"?";"whois";"source";"?";"?"
"http://www.indeed.com/forum/cmp/Rosetta-Stone.html";"?";"197000000";"?";"13824927";"?";"170";"?";"whois";"source";"?";"?"
"http://www.indeed.com/rc/clk?jk=d5e52aa051766517";"?";"197000000";"?";"13824927";"?";"170";"?";"whois";"source";"?";"?"
"http://www.indeed.com/cmp/Yale-University/reviews";"?";"197000000";"?";"13824927";"?";"170";"?";"whois";"source";"?";"?"
"http://www.indeed.com/q-Yale-University-l-New-Haven-CT-jobs.html";"?";"197000000";"?";"13824927";"?";"170";"?";"whois";"source";"?";"?"
"http://www.indeed.com/l-New-Haven-CT-jobs.html";"?";"197000000";"?";"13824927";"?";"170";"?";"whois";"source";"?";"?"
"http://www.indeed.com/salary?q1=Software+Engineer&l1=New+Haven%2C+CT";"?";"197000000";"?";"13824927";"?";"170";"?";"whois";"source";"?";"?"
"http://www.indeed.com/cmp/Yale-University";"?";"197000000";"?";"13824927";"?";"170";"?";"whois";"source";"?";"?"
"http://www.indeed.com/forum/loc/New-Haven-Connecticut.html";"?";"197000000";"?";"13824927";"?";"170";"?";"whois";"source";"?";"?"
"http://www.indeed.com/forum/cmp/Yale-University.html";"?";"197000000";"?";"13824927";"?";"170";"?";"whois";"source";"?";"?"
"http://www.indeed.com/rc/clk?jk=fdcd76c8e97d0460";"?";"197000000";"?";"13824927";"?";"170";"?";"whois";"source";"?";"?"
"http://www.indeed.com/l-Cambridge-MA-jobs.html";"?";"197000000";"?";"13824927";"?";"170";"?";"whois";"source";"?";"?"
"http://www.indeed.com/salary?q1=Bioinformatic+Software+Engineer&l1=Cambridge%2C+MA";"?";"197000000";"?";"13824927";"?";"170";"?";"whois";"source";"?";"?"
"http://www.indeed.com/forum/loc/Cambridge-Massachusetts.html";"?";"197000000";"?";"13824927";"?";"170";"?";"whois";"source";"?";"?"
"http://www.indeed.com/forum/cmp/Gen9bio.html";"?";"197000000";"?";"13824927";"?";"170";"?";"whois";"source";"?";"?"
"http://www.indeed.com/rc/clk?jk=47c1703d4b258e7b";"?";"197000000";"?";"13824927";"?";"170";"?";"whois";"source";"?";"?"
"http://www.indeed.com/cmp/Bayer-Corporation/reviews";"?";"197000000";"?";"13824927";"?";"170";"?";"whois";"source";"?";"?"
"http://www.indeed.com/q-Bayer-l-Indianola-PA-jobs.html";"?";"197000000";"?";"13824927";"?";"170";"?";"whois";"source";"?";"?"
"http://www.indeed.com/l-Indianola-PA-jobs.html";"?";"197000000";"?";"13824927";"?";"170";"?";"whois";"source";"?";"?"
"http://www.indeed.com/salary?q1=Software+Project+Engineer&l1=Indianola%2C+PA";"?";"197000000";"?";"13824927";"?";"170";"?";"whois";"source";"?";"?"
"http://www.indeed.com/cmp/Bayer-Corporation";"?";"197000000";"?";"13824927";"?";"170";"?";"whois";"source";"?";"?"
"http://www.indeed.com/forum/cmp/Bayer-Corporation.html";"?";"197000000";"?";"13824927";"?";"170";"?";"whois";"source";"?";"?"
"http://www.indeed.com/rc/clk?jk=9a60dae131f71ca5";"?";"197000000";"?";"13824927";"?";"170";"?";"whois";"source";"?";"?"
"http://www.indeed.com/cmp/Walmart/reviews";"?";"197000000";"?";"13824927";"?";"170";"?";"whois";"source";"?";"?"
"http://www.indeed.com/q-Walmart-l-Mountain-View-CA-jobs.html";"?";"197000000";"?";"13824927";"?";"170";"?";"whois";"source";"?";"?"
"http://www.indeed.com/l-Mountain-View-CA-jobs.html";"?";"197000000";"?";"13824927";"?";"170";"?";"whois";"source";"?";"?"
"http://www.indeed.com/salary?q1=Software+Engineer&l1=Mountain+View%2C+CA";"?";"197000000";"?";"13824927";"?";"170";"?";"whois";"source";"?";"?"
"http://www.indeed.com/cmp/Walmart";"?";"197000000";"?";"13824927";"?";"170";"?";"whois";"source";"?";"?"
"http://www.indeed.com/forum/loc/Mountain-View-California.html";"?";"197000000";"?";"13824927";"?";"170";"?";"whois";"source";"?";"?"
"http://www.indeed.com/forum/cmp/Walmart.html";"?";"197000000";"?";"13824927";"?";"170";"?";"whois";"source";"?";"?"
"http://www.indeed.com/rc/clk?jk=7f30e9c130692e18";"?";"197000000";"?";"13824927";"?";"170";"?";"whois";"source";"?";"?"
"http://www.indeed.com/cmp/Apple/reviews";"?";"197000000";"?";"13824927";"?";"170";"?";"whois";"source";"?";"?"
"http://www.indeed.com/q-Apple-l-Santa-Clara-Valley-CA-jobs.html";"?";"197000000";"?";"13824927";"?";"170";"?";"whois";"source";"?";"?"
"http://www.indeed.com/l-Santa-Clara-Valley-CA-jobs.html";"?";"197000000";"?";"13824927";"?";"170";"?";"whois";"source";"?";"?"
"http://www.indeed.com/salary?q1=Ios+Software+Accessibility+Engineer&l1=Santa+Clara+Valley%2C+CA";"?";"197000000";"?";"13824927";"?";"170";"?";"whois";"source";"?";"?"
"http://www.indeed.com/cmp/Apple";"?";"197000000";"?";"13824927";"?";"170";"?";"whois";"source";"?";"?"
"http://www.indeed.com/forum/cmp/Apple.html";"?";"197000000";"?";"13824927";"?";"170";"?";"whois";"source";"?";"?"
"http://www.indeed.com/rc/clk?jk=4fa18ee389a9e3f2";"?";"197000000";"?";"13824927";"?";"170";"?";"whois";"source";"?";"?"
"http://www.indeed.com/cmp/Merck/reviews";"?";"197000000";"?";"13824927";"?";"170";"?";"whois";"source";"?";"?"
"http://www.indeed.com/q-Merck-l-Boston-MA-jobs.html";"?";"197000000";"?";"13824927";"?";"170";"?";"whois";"source";"?";"?"
"http://www.indeed.com/l-Boston-MA-jobs.html";"?";"197000000";"?";"13824927";"?";"170";"?";"whois";"source";"?";"?"
"http://www.indeed.com/salary?q1=Senior+Software+Engineer&l1=Boston%2C+MA";"?";"197000000";"?";"13824927";"?";"170";"?";"whois";"source";"?";"?"
"http://www.indeed.com/cmp/Merck";"?";"197000000";"?";"13824927";"?";"170";"?";"whois";"source";"?";"?"
"http://www.indeed.com/forum/loc/Boston-Massachusetts.html";"?";"197000000";"?";"13824927";"?";"170";"?";"whois";"source";"?";"?"
"http://www.indeed.com/forum/cmp/Merck.html";"?";"197000000";"?";"13824927";"?";"170";"?";"whois";"source";"?";"?"
"http://www.indeed.com/rc/clk?jk=0ef383fa13003e20";"?";"197000000";"?";"13824927";"?";"170";"?";"whois";"source";"?";"?"
"http://www.indeed.com/cmp/Conservation-Services-Group/reviews";"?";"197000000";"?";"13824927";"?";"170";"?";"whois";"source";"?";"?"
"http://www.indeed.com/q-Conservation-Services-Group-l-Westborough-MA-jobs.html";"?";"197000000";"?";"13824927";"?";"170";"?";"whois";"source";"?";"?"
"http://www.indeed.com/l-Westborough-MA-jobs.html";"?";"197000000";"?";"13824927";"?";"170";"?";"whois";"source";"?";"?"
"http://www.indeed.com/salary?q1=Software+Configuration+Engineer&l1=Westborough%2C+MA";"?";"197000000";"?";"13824927";"?";"170";"?";"whois";"source";"?";"?"
"http://www.indeed.com/cmp/Conservation-Services-Group";"?";"197000000";"?";"13824927";"?";"170";"?";"whois";"source";"?";"?"
"http://www.indeed.com/forum/loc/Westborough-Massachusetts.html";"?";"197000000";"?";"13824927";"?";"170";"?";"whois";"source";"?";"?"
"http://www.indeed.com/forum/cmp/Conservation-Services-Group.html";"?";"197000000";"?";"13824927";"?";"170";"?";"whois";"source";"?";"?"
"http://www.indeed.com/rc/clk?jk=efb72898cb6930d5";"?";"197000000";"?";"13824927";"?";"170";"?";"whois";"source";"?";"?"
"http://www.indeed.com/cmp/Dell/reviews";"?";"197000000";"?";"13824927";"?";"170";"?";"whois";"source";"?";"?"
"http://www.indeed.com/q-Dell-l-San-Jose-CA-jobs.html";"?";"197000000";"?";"13824927";"?";"170";"?";"whois";"source";"?";"?"
"http://www.indeed.com/l-San-Jose-CA-jobs.html";"?";"197000000";"?";"13824927";"?";"170";"?";"whois";"source";"?";"?"
"http://www.indeed.com/salary?q1=Sonicwall+Senior+Software+Engineer&l1=San+Jose%2C+CA";"?";"197000000";"?";"13824927";"?";"170";"?";"whois";"source";"?";"?"
"http://www.indeed.com/cmp/Dell";"?";"197000000";"?";"13824927";"?";"170";"?";"whois";"source";"?";"?"
"http://www.indeed.com/forum/loc/SAN-Jose-California.html";"?";"197000000";"?";"13824927";"?";"170";"?";"whois";"source";"?";"?"
"http://www.indeed.com/forum/cmp/Dell.html";"?";"197000000";"?";"13824927";"?";"170";"?";"whois";"source";"?";"?"
"http://www.indeed.com/rc/clk?jk=d09e5e762559c330";"?";"197000000";"?";"13824927";"?";"170";"?";"whois";"source";"?";"?"
"http://www.indeed.com/q-Counsyl-l-San-Francisco-CA-jobs.html";"?";"197000000";"?";"13824927";"?";"170";"?";"whois";"source";"?";"?"
"http://www.indeed.com/salary?q1=Automation+Engineer&l1=San+Francisco%2C+CA";"?";"197000000";"?";"13824927";"?";"170";"?";"whois";"source";"?";"?"
"http://www.indeed.com/cmp/Counsyl";"?";"197000000";"?";"13824927";"?";"170";"?";"whois";"source";"?";"?"
"http://www.indeed.com/forum/job/Automation-Engineer.html";"?";"197000000";"?";"13824927";"?";"170";"?";"whois";"source";"?";"?"
"http://www.indeed.com/forum/cmp/Counsyl.html";"?";"197000000";"?";"13824927";"?";"170";"?";"whois";"source";"?";"?"
"http://www.indeed.com/rc/clk?jk=5eeb945b85185399";"?";"197000000";"?";"13824927";"?";"170";"?";"whois";"source";"?";"?"
"http://www.indeed.com/cmp/Workbridge-Associates/reviews";"?";"197000000";"?";"13824927";"?";"170";"?";"whois";"source";"?";"?"
"http://www.indeed.com/q-Workbridge-Associates-l-Gaithersburg-MD-jobs.html";"?";"197000000";"?";"13824927";"?";"170";"?";"whois";"source";"?";"?"
"http://www.indeed.com/l-Gaithersburg-MD-jobs.html";"?";"197000000";"?";"13824927";"?";"170";"?";"whois";"source";"?";"?"
"http://www.indeed.com/salary?q1=Java+Engineer&l1=Gaithersburg%2C+MD";"?";"197000000";"?";"13824927";"?";"170";"?";"whois";"source";"?";"?"
"http://www.indeed.com/cmp/Workbridge-Associates";"?";"197000000";"?";"13824927";"?";"170";"?";"whois";"source";"?";"?"
"http://www.indeed.com/forum/loc/Gaithersburg-Maryland.html";"?";"197000000";"?";"13824927";"?";"170";"?";"whois";"source";"?";"?"
"http://www.indeed.com/forum/cmp/Workbridge-Associates.html";"?";"197000000";"?";"13824927";"?";"170";"?";"whois";"source";"?";"?"
"http://www.indeed.com/rc/clk?jk=d41ffdf57a410699";"?";"197000000";"?";"13824927";"?";"170";"?";"whois";"source";"?";"?"
"http://www.indeed.com/cmp/Qiagen/reviews";"?";"197000000";"?";"13824927";"?";"170";"?";"whois";"source";"?";"?"
"http://www.indeed.com/q-Qiagen-l-Redwood-City-CA-jobs.html";"?";"197000000";"?";"13824927";"?";"170";"?";"whois";"source";"?";"?"
"http://www.indeed.com/l-Redwood-City-CA-jobs.html";"?";"197000000";"?";"13824927";"?";"170";"?";"whois";"source";"?";"?"
"http://www.indeed.com/salary?q1=Senior+Java+Software+Engineer&l1=Redwood+City%2C+CA";"?";"197000000";"?";"13824927";"?";"170";"?";"whois";"source";"?";"?"
"http://www.indeed.com/cmp/Qiagen";"?";"197000000";"?";"13824927";"?";"170";"?";"whois";"source";"?";"?"
"http://www.indeed.com/forum/job/Java-Software-Engineer.html";"?";"197000000";"?";"13824927";"?";"170";"?";"whois";"source";"?";"?"
"http://www.indeed.com/forum/loc/Redwood-City-California.html";"?";"197000000";"?";"13824927";"?";"170";"?";"whois";"source";"?";"?"
"http://www.indeed.com/forum/cmp/Qiagen.html";"?";"197000000";"?";"13824927";"?";"170";"?";"whois";"source";"?";"?"
"http://www.indeed.com/rc/clk?jk=246a00a0fd2e632b";"?";"197000000";"?";"13824927";"?";"170";"?";"whois";"source";"?";"?"
"http://www.indeed.com/q-Frontlinesms-l-Washington-DC-jobs.html";"?";"197000000";"?";"13824927";"?";"170";"?";"whois";"source";"?";"?"
"http://www.indeed.com/l-Washington-DC-jobs.html";"?";"197000000";"?";"13824927";"?";"170";"?";"whois";"source";"?";"?"
"http://www.indeed.com/salary?q1=Lead+Developer+Frontlinecloud&l1=Washington%2C+DC";"?";"197000000";"?";"13824927";"?";"170";"?";"whois";"source";"?";"?"
"http://www.indeed.com/cmp/Frontlinesms";"?";"197000000";"?";"13824927";"?";"170";"?";"whois";"source";"?";"?"
"http://www.indeed.com/forum/loc/Washington-District-of-Columbia.html";"?";"197000000";"?";"13824927";"?";"170";"?";"whois";"source";"?";"?"
"http://www.indeed.com/forum/cmp/Frontlinesms.html";"?";"197000000";"?";"13824927";"?";"170";"?";"whois";"source";"?";"?"
"http://www.indeed.com/rc/clk?jk=36b1d221a808e945";"?";"197000000";"?";"13824927";"?";"170";"?";"whois";"source";"?";"?"
"http://www.indeed.com/salary?q1=Research+Laboratory+Scientist&l1=San+Francisco%2C+CA";"?";"197000000";"?";"13824927";"?";"170";"?";"whois";"source";"?";"?"
"http://www.indeed.com/rc/clk?jk=3b8759d592c5f5f2";"?";"197000000";"?";"13824927";"?";"170";"?";"whois";"source";"?";"?"
"http://www.indeed.com/jobs?q=software+engineer+%28genome+or+bioinformatics+or+poverty+or+%22world+a+better+place%22+or+%22green+energy%22+or+%22social+impact%22%29&rbt=Algorithm+Development+Engineer&rbc=Resolvit%2C+LLC&jtid=26140313936d96d5&jcid=faa7db32646b6ffc&jt=fulltime&limit=100&fromage=7&grp=tcl";"?";"197000000";"?";"13824927";"?";"170";"?";"whois";"source";"?";"?"
"http://www.indeed.com/q-Resolvit-l-San-Francisco-CA-jobs.html";"?";"197000000";"?";"13824927";"?";"170";"?";"whois";"source";"?";"?"
"http://www.indeed.com/salary?q1=Algorithm+Development+Engineer&l1=San+Francisco%2C+CA";"?";"197000000";"?";"13824927";"?";"170";"?";"whois";"source";"?";"?"
"http://www.indeed.com/cmp/Resolvit-LLC";"?";"197000000";"?";"13824927";"?";"170";"?";"whois";"source";"?";"?"
"http://www.indeed.com/forum/cmp/Resolvit%2C-LLC.html";"?";"197000000";"?";"13824927";"?";"170";"?";"whois";"source";"?";"?"
"http://www.indeed.com/rc/clk?jk=1a7d03c1a5ecd4b4";"?";"197000000";"?";"13824927";"?";"170";"?";"whois";"source";"?";"?"
"http://www.indeed.com/q-Bootstrap-Incubation-l-San-Diego-CA-jobs.html";"?";"197000000";"?";"13824927";"?";"170";"?";"whois";"source";"?";"?"
"http://www.indeed.com/l-San-Diego-CA-jobs.html";"?";"197000000";"?";"13824927";"?";"170";"?";"whois";"source";"?";"?"
"http://www.indeed.com/salary?q1=Product+Engineer&l1=San+Diego%2C+CA";"?";"197000000";"?";"13824927";"?";"170";"?";"whois";"source";"?";"?"
"http://www.indeed.com/forum/job/Product-Engineer.html";"?";"197000000";"?";"13824927";"?";"170";"?";"whois";"source";"?";"?"
"http://www.indeed.com/forum/loc/SAN-Diego-California.html";"?";"197000000";"?";"13824927";"?";"170";"?";"whois";"source";"?";"?"
"http://www.indeed.com/forum/cmp/Bootstrap-Incubation.html";"?";"197000000";"?";"13824927";"?";"170";"?";"whois";"source";"?";"?"
"http://www.indeed.com/rc/clk?jk=4f8bbf74fd313c2a";"?";"197000000";"?";"13824927";"?";"170";"?";"whois";"source";"?";"?"
"http://www.indeed.com/cmp/Baylor-College-of-Medicine/reviews";"?";"197000000";"?";"13824927";"?";"170";"?";"whois";"source";"?";"?"
"http://www.indeed.com/jobs?q=Baylor+College+of+Medicine&l=Houston+TX&nc=jasx";"?";"197000000";"?";"13824927";"?";"170";"?";"whois";"source";"?";"?"
"http://www.indeed.com/l-Houston-TX-jobs.html";"?";"197000000";"?";"13824927";"?";"170";"?";"whois";"source";"?";"?"
"http://www.indeed.com/salary?q1=Senior+Java+Developer&l1=Houston%2C+TX";"?";"197000000";"?";"13824927";"?";"170";"?";"whois";"source";"?";"?"
"http://www.indeed.com/cmp/Baylor-College-of-Medicine";"?";"197000000";"?";"13824927";"?";"170";"?";"whois";"source";"?";"?"
"http://www.indeed.com/forum/job/Java-Developer.html";"?";"197000000";"?";"13824927";"?";"170";"?";"whois";"source";"?";"?"
"http://www.indeed.com/forum/loc/Houston-Texas.html";"?";"197000000";"?";"13824927";"?";"170";"?";"whois";"source";"?";"?"
"http://www.indeed.com/forum/cmp/Baylor-College-of-Medicine.html";"?";"197000000";"?";"13824927";"?";"170";"?";"whois";"source";"?";"?"
"http://www.indeed.com/rc/clk?jk=4886de1677427770";"?";"197000000";"?";"13824927";"?";"170";"?";"whois";"source";"?";"?"
"http://www.indeed.com/cmp/Kiva/reviews";"?";"197000000";"?";"13824927";"?";"170";"?";"whois";"source";"?";"?"
"http://www.indeed.com/q-Kiva-l-San-Francisco-CA-jobs.html";"?";"197000000";"?";"13824927";"?";"170";"?";"whois";"source";"?";"?"
"http://www.indeed.com/salary?q1=Product+Manager&l1=San+Francisco%2C+CA";"?";"197000000";"?";"13824927";"?";"170";"?";"whois";"source";"?";"?"
"http://www.indeed.com/cmp/Kiva";"?";"197000000";"?";"13824927";"?";"170";"?";"whois";"source";"?";"?"
"http://www.indeed.com/forum/cmp/Kiva.html";"?";"197000000";"?";"13824927";"?";"170";"?";"whois";"source";"?";"?"
"http://www.indeed.com/rc/clk?jk=3eda03100125ff08";"?";"197000000";"?";"13824927";"?";"170";"?";"whois";"source";"?";"?"
"http://www.indeed.com/salary?q1=Automation+Service+Engineer&l1=San+Francisco%2C+CA";"?";"197000000";"?";"13824927";"?";"170";"?";"whois";"source";"?";"?"
"http://www.indeed.com/rc/clk?jk=288633d94a3d5c69";"?";"197000000";"?";"13824927";"?";"170";"?";"whois";"source";"?";"?"
"http://www.indeed.com/salary?q1=Automation+Specialist&l1=San+Francisco%2C+CA";"?";"197000000";"?";"13824927";"?";"170";"?";"whois";"source";"?";"?"
"http://www.indeed.com/rc/clk?jk=29f5c274a24d9947";"?";"197000000";"?";"13824927";"?";"170";"?";"whois";"source";"?";"?"
"http://www.indeed.com/cmp/SRA-International/reviews";"?";"197000000";"?";"13824927";"?";"170";"?";"whois";"source";"?";"?"
"http://www.indeed.com/q-SRA-International-l-Atlanta-GA-jobs.html";"?";"197000000";"?";"13824927";"?";"170";"?";"whois";"source";"?";"?"
"http://www.indeed.com/l-Atlanta-GA-jobs.html";"?";"197000000";"?";"13824927";"?";"170";"?";"whois";"source";"?";"?"
"http://www.indeed.com/salary?q1=Senior+Bioinformatic+Scientist&l1=Atlanta%2C+GA";"?";"197000000";"?";"13824927";"?";"170";"?";"whois";"source";"?";"?"
"http://www.indeed.com/cmp/SRA-International";"?";"197000000";"?";"13824927";"?";"170";"?";"whois";"source";"?";"?"
"http://www.indeed.com/forum/loc/Atlanta-Georgia.html";"?";"197000000";"?";"13824927";"?";"170";"?";"whois";"source";"?";"?"
"http://www.indeed.com/forum/cmp/SRA-International.html";"?";"197000000";"?";"13824927";"?";"170";"?";"whois";"source";"?";"?"
"http://www.indeed.com/rc/clk?jk=885dbdc42008d24f";"?";"197000000";"?";"13824927";"?";"170";"?";"whois";"source";"?";"?"
"http://www.indeed.com/q-Groundswell-l-Washington-DC-jobs.html";"?";"197000000";"?";"13824927";"?";"170";"?";"whois";"source";"?";"?"
"http://www.indeed.com/salary?q1=Product+Manager&l1=Washington%2C+DC";"?";"197000000";"?";"13824927";"?";"170";"?";"whois";"source";"?";"?"
"http://www.indeed.com/forum/job/Product-Manager.html";"?";"197000000";"?";"13824927";"?";"170";"?";"whois";"source";"?";"?"
"http://www.indeed.com/forum/cmp/Groundswell.html";"?";"197000000";"?";"13824927";"?";"170";"?";"whois";"source";"?";"?"
"http://www.indeed.com/rc/clk?jk=3db3e0e64a8b788c";"?";"197000000";"?";"13824927";"?";"170";"?";"whois";"source";"?";"?"
"http://www.indeed.com/rc/clk?jk=f01af7033edaa404";"?";"197000000";"?";"13824927";"?";"170";"?";"whois";"source";"?";"?"
"http://www.indeed.com/cmp/Novartis-Pharma/reviews";"?";"197000000";"?";"13824927";"?";"170";"?";"whois";"source";"?";"?"
"http://www.indeed.com/q-Novartis-Pharma-l-Cambridge-MA-jobs.html";"?";"197000000";"?";"13824927";"?";"170";"?";"whois";"source";"?";"?"
"http://www.indeed.com/salary?q1=Asc+Director&l1=Cambridge%2C+MA";"?";"197000000";"?";"13824927";"?";"170";"?";"whois";"source";"?";"?"
"http://www.indeed.com/cmp/Novartis-Pharma";"?";"197000000";"?";"13824927";"?";"170";"?";"whois";"source";"?";"?"
"http://www.indeed.com/forum/cmp/Novartis-Pharma.html";"?";"197000000";"?";"13824927";"?";"170";"?";"whois";"source";"?";"?"
"http://www.indeed.com/rc/clk?jk=e0505f37c0ee0c6b";"?";"197000000";"?";"13824927";"?";"170";"?";"whois";"source";"?";"?"
"http://www.indeed.com/q-University-of-Maryland-l-Baltimore-MD-jobs.html";"?";"197000000";"?";"13824927";"?";"170";"?";"whois";"source";"?";"?"
"http://www.indeed.com/l-Baltimore-MD-jobs.html";"?";"197000000";"?";"13824927";"?";"170";"?";"whois";"source";"?";"?"
"http://www.indeed.com/salary?q1=Information+System+Engineer&l1=Baltimore%2C+MD";"?";"197000000";"?";"13824927";"?";"170";"?";"whois";"source";"?";"?"
"http://www.indeed.com/cmp/University-of-Maryland-Baltimore";"?";"197000000";"?";"13824927";"?";"170";"?";"whois";"source";"?";"?"
"http://www.indeed.com/forum/loc/Baltimore-Maryland.html";"?";"197000000";"?";"13824927";"?";"170";"?";"whois";"source";"?";"?"
"http://www.indeed.com/forum/cmp/University-of-Maryland%2C-Baltimore.html";"?";"197000000";"?";"13824927";"?";"170";"?";"whois";"source";"?";"?"
"http://www.indeed.com/rc/clk?jk=68b053c9f3423afa";"?";"197000000";"?";"13824927";"?";"170";"?";"whois";"source";"?";"?"
"http://www.indeed.com/q-Entrepreneurial-Finance-Lab-l-Washington-DC-jobs.html";"?";"197000000";"?";"13824927";"?";"170";"?";"whois";"source";"?";"?"
"http://www.indeed.com/salary?q1=Sysop+Devop+Engineer&l1=Washington%2C+DC";"?";"197000000";"?";"13824927";"?";"170";"?";"whois";"source";"?";"?"
"http://www.indeed.com/forum/cmp/Entrepreneurial-Finance-Lab-%28efl%29.html";"?";"197000000";"?";"13824927";"?";"170";"?";"whois";"source";"?";"?"
"http://www.indeed.com/rc/clk?jk=a18ed4031ef8cc74";"?";"197000000";"?";"13824927";"?";"170";"?";"whois";"source";"?";"?"
"http://www.indeed.com/q-Hub-Technology-Group-l-Boston-MA-jobs.html";"?";"197000000";"?";"13824927";"?";"170";"?";"whois";"source";"?";"?"
"http://www.indeed.com/salary?q1=Application+Support+Engineer&l1=Boston%2C+MA";"?";"197000000";"?";"13824927";"?";"170";"?";"whois";"source";"?";"?"
"http://www.indeed.com/cmp/Hub-Technology-Group";"?";"197000000";"?";"13824927";"?";"170";"?";"whois";"source";"?";"?"
"http://www.indeed.com/forum/cmp/Hub-Technology-Group.html";"?";"197000000";"?";"13824927";"?";"170";"?";"whois";"source";"?";"?"
"http://www.indeed.com/rc/clk?jk=cf52f0d28277f6f9";"?";"197000000";"?";"13824927";"?";"170";"?";"whois";"source";"?";"?"
"http://www.indeed.com/salary?q1=Senior+Biostatistician&l1=Cambridge%2C+MA";"?";"197000000";"?";"13824927";"?";"170";"?";"whois";"source";"?";"?"
"http://www.indeed.com/rc/clk?jk=3f56bf1d82947c08";"?";"197000000";"?";"13824927";"?";"170";"?";"whois";"source";"?";"?"
"http://www.indeed.com/cmp/Ancestry.com/reviews";"?";"197000000";"?";"13824927";"?";"170";"?";"whois";"source";"?";"?"
"http://www.indeed.com/q-Ancestry-Com-l-San-Francisco-CA-jobs.html";"?";"197000000";"?";"13824927";"?";"170";"?";"whois";"source";"?";"?"
"http://www.indeed.com/salary?q1=Computational+Biologist&l1=San+Francisco%2C+CA";"?";"197000000";"?";"13824927";"?";"170";"?";"whois";"source";"?";"?"
"http://www.indeed.com/cmp/Ancestry.com";"?";"197000000";"?";"13824927";"?";"170";"?";"whois";"source";"?";"?"
"http://www.indeed.com/forum/cmp/Ancestry.com.html";"?";"197000000";"?";"13824927";"?";"170";"?";"whois";"source";"?";"?"
"http://www.indeed.com/rc/clk?jk=f1760d53799d9752";"?";"197000000";"?";"13824927";"?";"170";"?";"whois";"source";"?";"?"
"http://www.indeed.com/q-The-Hexagon-Lavish-l-Leesburg-GA-jobs.html";"?";"197000000";"?";"13824927";"?";"170";"?";"whois";"source";"?";"?"
"http://www.indeed.com/l-Leesburg-GA-jobs.html";"?";"197000000";"?";"13824927";"?";"170";"?";"whois";"source";"?";"?"
"http://www.indeed.com/salary?q1=Staff+Research+Scientist&l1=Leesburg%2C+GA";"?";"197000000";"?";"13824927";"?";"170";"?";"whois";"source";"?";"?"
"http://www.indeed.com/forum/job/Research-Scientist.html";"?";"197000000";"?";"13824927";"?";"170";"?";"whois";"source";"?";"?"
"http://www.indeed.com/forum/loc/Leesburg-Georgia.html";"?";"197000000";"?";"13824927";"?";"170";"?";"whois";"source";"?";"?"
"http://www.indeed.com/forum/cmp/The-Hexagon-Lavish.html";"?";"197000000";"?";"13824927";"?";"170";"?";"whois";"source";"?";"?"
"http://www.indeed.com/rc/clk?jk=afc70cd6e5bb7168";"?";"197000000";"?";"13824927";"?";"170";"?";"whois";"source";"?";"?"
"http://www.indeed.com/q-Inrix-l-Kirkland-WA-jobs.html";"?";"197000000";"?";"13824927";"?";"170";"?";"whois";"source";"?";"?"
"http://www.indeed.com/l-Kirkland-WA-jobs.html";"?";"197000000";"?";"13824927";"?";"170";"?";"whois";"source";"?";"?"
"http://www.indeed.com/salary?q1=Dev+Lead&l1=Kirkland%2C+WA";"?";"197000000";"?";"13824927";"?";"170";"?";"whois";"source";"?";"?"
"http://www.indeed.com/cmp/Inrix";"?";"197000000";"?";"13824927";"?";"170";"?";"whois";"source";"?";"?"
"http://www.indeed.com/forum/loc/Kirkland-Washington.html";"?";"197000000";"?";"13824927";"?";"170";"?";"whois";"source";"?";"?"
"http://www.indeed.com/forum/cmp/Inrix.html";"?";"197000000";"?";"13824927";"?";"170";"?";"whois";"source";"?";"?"
"http://www.indeed.com/rc/clk?jk=d70b2ea1c86c8aea";"?";"197000000";"?";"13824927";"?";"170";"?";"whois";"source";"?";"?"
"http://www.indeed.com/q-Tandem-Recruiting-Group-l-San-Jose-CA-jobs.html";"?";"197000000";"?";"13824927";"?";"170";"?";"whois";"source";"?";"?"
"http://www.indeed.com/salary?q1=Senior+Software+Engineer&l1=San+Jose%2C+CA";"?";"197000000";"?";"13824927";"?";"170";"?";"whois";"source";"?";"?"
"http://www.indeed.com/cmp/Tandem-Recruiting-Group";"?";"197000000";"?";"13824927";"?";"170";"?";"whois";"source";"?";"?"
"http://www.indeed.com/forum/cmp/Tandem-Recruiting-Group.html";"?";"197000000";"?";"13824927";"?";"170";"?";"whois";"source";"?";"?"
"http://www.indeed.com/rc/clk?jk=817dca59f9887696";"?";"197000000";"?";"13824927";"?";"170";"?";"whois";"source";"?";"?"
"http://www.indeed.com/q-Ceres-l-Thousand-Oaks-CA-jobs.html";"?";"197000000";"?";"13824927";"?";"170";"?";"whois";"source";"?";"?"
"http://www.indeed.com/l-Thousand-Oaks-CA-jobs.html";"?";"197000000";"?";"13824927";"?";"170";"?";"whois";"source";"?";"?"
"http://www.indeed.com/salary?q1=Software+Sales+Marketing+Manager&l1=Thousand+Oaks%2C+CA";"?";"197000000";"?";"13824927";"?";"170";"?";"whois";"source";"?";"?"
"http://www.indeed.com/forum/loc/Thousand-Oaks-California.html";"?";"197000000";"?";"13824927";"?";"170";"?";"whois";"source";"?";"?"
"http://www.indeed.com/forum/cmp/Ceres%2C-Inc..html";"?";"197000000";"?";"13824927";"?";"170";"?";"whois";"source";"?";"?"
"http://www.indeed.com/rc/clk?jk=4dec8671d96fba55";"?";"197000000";"?";"13824927";"?";"170";"?";"whois";"source";"?";"?"
"http://www.indeed.com/cmp/Battelle/reviews";"?";"197000000";"?";"13824927";"?";"170";"?";"whois";"source";"?";"?"
"http://www.indeed.com/q-Battelle-Memorial-Institute-l-Arlington-VA-jobs.html";"?";"197000000";"?";"13824927";"?";"170";"?";"whois";"source";"?";"?"
"http://www.indeed.com/l-Arlington-VA-jobs.html";"?";"197000000";"?";"13824927";"?";"170";"?";"whois";"source";"?";"?"
"http://www.indeed.com/salary?q1=Software+Engineer&l1=Arlington%2C+VA";"?";"197000000";"?";"13824927";"?";"170";"?";"whois";"source";"?";"?"
"http://www.indeed.com/cmp/Battelle";"?";"197000000";"?";"13824927";"?";"170";"?";"whois";"source";"?";"?"
"http://www.indeed.com/forum/loc/Arlington-Virginia.html";"?";"197000000";"?";"13824927";"?";"170";"?";"whois";"source";"?";"?"
"http://www.indeed.com/forum/cmp/Battelle.html";"?";"197000000";"?";"13824927";"?";"170";"?";"whois";"source";"?";"?"
"http://www.indeed.com/rc/clk?jk=da66fe5abd9b6945";"?";"197000000";"?";"13824927";"?";"170";"?";"whois";"source";"?";"?"
"http://www.indeed.com/q-Oxyprime-l-Kalamazoo-MI-jobs.html";"?";"197000000";"?";"13824927";"?";"170";"?";"whois";"source";"?";"?"
"http://www.indeed.com/l-Kalamazoo-MI-jobs.html";"?";"197000000";"?";"13824927";"?";"170";"?";"whois";"source";"?";"?"
"http://www.indeed.com/salary?q1=Technical+Business+Analyst&l1=Kalamazoo%2C+MI";"?";"197000000";"?";"13824927";"?";"170";"?";"whois";"source";"?";"?"
"http://www.indeed.com/forum/job/IT-Business-Analyst.html";"?";"197000000";"?";"13824927";"?";"170";"?";"whois";"source";"?";"?"
"http://www.indeed.com/forum/loc/Kalamazoo-Michigan.html";"?";"197000000";"?";"13824927";"?";"170";"?";"whois";"source";"?";"?"
"http://www.indeed.com/forum/cmp/Oxyprime-LLC.html";"?";"197000000";"?";"13824927";"?";"170";"?";"whois";"source";"?";"?"
"http://www.indeed.com/rc/clk?jk=3b07288ac0c30436";"?";"197000000";"?";"13824927";"?";"170";"?";"whois";"source";"?";"?"
"http://www.indeed.com/cmp/At--tech/reviews";"?";"197000000";"?";"13824927";"?";"170";"?";"whois";"source";"?";"?"
"http://www.indeed.com/jobs?q=At-tech&l=Redwood+City+CA";"?";"197000000";"?";"13824927";"?";"170";"?";"whois";"source";"?";"?"
"http://www.indeed.com/salary?q1=Senior+Java+Server+Engineer&l1=Redwood+City%2C+CA";"?";"197000000";"?";"13824927";"?";"170";"?";"whois";"source";"?";"?"
"http://www.indeed.com/cmp/At--tech";"?";"197000000";"?";"13824927";"?";"170";"?";"whois";"source";"?";"?"
"http://www.indeed.com/forum/cmp/At--tech.html";"?";"197000000";"?";"13824927";"?";"170";"?";"whois";"source";"?";"?"
"http://www.indeed.com/rc/clk?jk=b76afabdbe9fdaa9";"?";"197000000";"?";"13824927";"?";"170";"?";"whois";"source";"?";"?"
"http://www.indeed.com/q-Personalis-l-Menlo-Park-CA-jobs.html";"?";"197000000";"?";"13824927";"?";"170";"?";"whois";"source";"?";"?"
"http://www.indeed.com/l-Menlo-Park-CA-jobs.html";"?";"197000000";"?";"13824927";"?";"170";"?";"whois";"source";"?";"?"
"http://www.indeed.com/salary?q1=Senior+Software+Engineer&l1=Menlo+Park%2C+CA";"?";"197000000";"?";"13824927";"?";"170";"?";"whois";"source";"?";"?"
"http://www.indeed.com/forum/loc/Menlo-Park-California.html";"?";"197000000";"?";"13824927";"?";"170";"?";"whois";"source";"?";"?"
"http://www.indeed.com/forum/cmp/Personalis.html";"?";"197000000";"?";"13824927";"?";"170";"?";"whois";"source";"?";"?"
"http://www.indeed.com/rc/clk?jk=84a85b2fea32b16c";"?";"197000000";"?";"13824927";"?";"170";"?";"whois";"source";"?";"?"
"http://www.indeed.com/salary?q1=Senior+Java+Back+End+Developer&l1=Redwood+City%2C+CA";"?";"197000000";"?";"13824927";"?";"170";"?";"whois";"source";"?";"?"
"http://www.indeed.com/cmp/Europ-Assistance--USA/jobs/Junior-Engineer-492e36cdee201f61?r=1";"?";"197000000";"?";"13824927";"?";"170";"?";"whois";"source";"?";"?"
"http://www.indeed.com/q-Advanced-Practice-Strategies-l-Boston-MA-jobs.html";"?";"197000000";"?";"13824927";"?";"170";"?";"whois";"source";"?";"?"
"http://www.indeed.com/salary?q1=Junior+Engineer&l1=Boston%2C+MA";"?";"197000000";"?";"13824927";"?";"170";"?";"whois";"source";"?";"?"
"http://www.indeed.com/forum/job/Engineer.html";"?";"197000000";"?";"13824927";"?";"170";"?";"whois";"source";"?";"?"
"http://www.indeed.com/forum/cmp/Europ-Assistance--usa-1.html";"?";"197000000";"?";"13824927";"?";"170";"?";"whois";"source";"?";"?"
"http://www.indeed.com/rc/clk?jk=c88a4fd797495b6b";"?";"197000000";"?";"13824927";"?";"170";"?";"whois";"source";"?";"?"
"http://www.indeed.com/cmp/Zendesk/reviews";"?";"197000000";"?";"13824927";"?";"170";"?";"whois";"source";"?";"?"
"http://www.indeed.com/q-Zendesk-l-San-Francisco-CA-jobs.html";"?";"197000000";"?";"13824927";"?";"170";"?";"whois";"source";"?";"?"
"http://www.indeed.com/salary?q1=Ruby+Software+Engineer&l1=San+Francisco%2C+CA";"?";"197000000";"?";"13824927";"?";"170";"?";"whois";"source";"?";"?"
"http://www.indeed.com/cmp/Zendesk";"?";"197000000";"?";"13824927";"?";"170";"?";"whois";"source";"?";"?"
"http://www.indeed.com/forum/cmp/Zendesk.html";"?";"197000000";"?";"13824927";"?";"170";"?";"whois";"source";"?";"?"
"http://www.indeed.com/rc/clk?jk=59c05db73d7e8ebe";"?";"197000000";"?";"13824927";"?";"170";"?";"whois";"source";"?";"?"
"http://www.indeed.com/cmp/University-of-Washington/reviews";"?";"197000000";"?";"13824927";"?";"170";"?";"whois";"source";"?";"?"
"http://www.indeed.com/q-University-of-Washington-l-Seattle-WA-jobs.html";"?";"197000000";"?";"13824927";"?";"170";"?";"whois";"source";"?";"?"
"http://www.indeed.com/l-Seattle-WA-jobs.html";"?";"197000000";"?";"13824927";"?";"170";"?";"whois";"source";"?";"?"
"http://www.indeed.com/salary?q1=Sofware+Engineer+Nickerson+Lab&l1=Seattle%2C+WA";"?";"197000000";"?";"13824927";"?";"170";"?";"whois";"source";"?";"?"
"http://www.indeed.com/cmp/University-of-Washington";"?";"197000000";"?";"13824927";"?";"170";"?";"whois";"source";"?";"?"
"http://www.indeed.com/forum/loc/Seattle-Washington.html";"?";"197000000";"?";"13824927";"?";"170";"?";"whois";"source";"?";"?"
"http://www.indeed.com/forum/cmp/University-of-Washington.html";"?";"197000000";"?";"13824927";"?";"170";"?";"whois";"source";"?";"?"
"http://www.indeed.com/rc/clk?jk=6aca57f624abdf54";"?";"197000000";"?";"13824927";"?";"170";"?";"whois";"source";"?";"?"
"http://www.indeed.com/cmp/Cybercoders/reviews";"?";"197000000";"?";"13824927";"?";"170";"?";"whois";"source";"?";"?"
"http://www.indeed.com/q-Cybercoders-l-San-Carlos-CA-jobs.html";"?";"197000000";"?";"13824927";"?";"170";"?";"whois";"source";"?";"?"
"http://www.indeed.com/l-San-Carlos-CA-jobs.html";"?";"197000000";"?";"13824927";"?";"170";"?";"whois";"source";"?";"?"
"http://www.indeed.com/salary?q1=Java+Engineer&l1=San+Carlos%2C+CA";"?";"197000000";"?";"13824927";"?";"170";"?";"whois";"source";"?";"?"
"http://www.indeed.com/cmp/Cybercoders";"?";"197000000";"?";"13824927";"?";"170";"?";"whois";"source";"?";"?"
"http://www.indeed.com/forum/loc/SAN-Carlos-California.html";"?";"197000000";"?";"13824927";"?";"170";"?";"whois";"source";"?";"?"
"http://www.indeed.com/forum/cmp/Cybercoders.html";"?";"197000000";"?";"13824927";"?";"170";"?";"whois";"source";"?";"?"
"http://www.indeed.com/rc/clk?jk=59587966b2f10a1f";"?";"197000000";"?";"13824927";"?";"170";"?";"whois";"source";"?";"?"
"http://www.indeed.com/q-Human-Longevity-l-La-Jolla-CA-jobs.html";"?";"197000000";"?";"13824927";"?";"170";"?";"whois";"source";"?";"?"
"http://www.indeed.com/l-La-Jolla-CA-jobs.html";"?";"197000000";"?";"13824927";"?";"170";"?";"whois";"source";"?";"?"
"http://www.indeed.com/salary?q1=Senior+Software+Engineer&l1=La+Jolla%2C+CA";"?";"197000000";"?";"13824927";"?";"170";"?";"whois";"source";"?";"?"
"http://www.indeed.com/forum/loc/La-Jolla-California.html";"?";"197000000";"?";"13824927";"?";"170";"?";"whois";"source";"?";"?"
"http://www.indeed.com/forum/cmp/Human-Longevity%2C-Inc..html";"?";"197000000";"?";"13824927";"?";"170";"?";"whois";"source";"?";"?"
"http://www.indeed.com/cmp/BioLite/jobs/Mechatronic-Engineer-5d68dc804d8e4de7?r=1";"?";"197000000";"?";"13824927";"?";"170";"?";"whois";"source";"?";"?"
"http://www.indeed.com/q-Biolite-l-Brooklyn-NY-jobs.html";"?";"197000000";"?";"13824927";"?";"170";"?";"whois";"source";"?";"?"
"http://www.indeed.com/l-Brooklyn-NY-jobs.html";"?";"197000000";"?";"13824927";"?";"170";"?";"whois";"source";"?";"?"
"http://www.indeed.com/salary?q1=Mechatronic+Engineer&l1=Brooklyn%2C+NY";"?";"197000000";"?";"13824927";"?";"170";"?";"whois";"source";"?";"?"
"http://www.indeed.com/forum/loc/Brooklyn-New-York.html";"?";"197000000";"?";"13824927";"?";"170";"?";"whois";"source";"?";"?"
"http://www.indeed.com/forum/cmp/Biolite-2.html";"?";"197000000";"?";"13824927";"?";"170";"?";"whois";"source";"?";"?"
"http://www.indeed.com/rc/clk?jk=5f57f004d81cd55b";"?";"197000000";"?";"13824927";"?";"170";"?";"whois";"source";"?";"?"
"http://www.indeed.com/cmp/Shermco-Industries/reviews";"?";"197000000";"?";"13824927";"?";"170";"?";"whois";"source";"?";"?"
"http://www.indeed.com/jobs?q=software+engineer+%28genome+or+bioinformatics+or+poverty+or+%22world+a+better+place%22+or+%22green+energy%22+or+%22social+impact%22%29&rbt=Electrical+Engineer%2C+Power+Systems+%28Dallas%2C+TX%29&rbc=Shermco+Industries&jtid=3acde7e2a2348e9f&jcid=6ddc6c37569c503d&jt=fulltime&limit=100&fromage=7&grp=tcl";"?";"197000000";"?";"13824927";"?";"170";"?";"whois";"source";"?";"?"
"http://www.indeed.com/q-Shermco-Industries-l-Dallas-TX-jobs.html";"?";"197000000";"?";"13824927";"?";"170";"?";"whois";"source";"?";"?"
"http://www.indeed.com/l-Dallas-TX-jobs.html";"?";"197000000";"?";"13824927";"?";"170";"?";"whois";"source";"?";"?"
"http://www.indeed.com/salary?q1=Electrical+Engineer&l1=Dallas%2C+TX";"?";"197000000";"?";"13824927";"?";"170";"?";"whois";"source";"?";"?"
"http://www.indeed.com/cmp/Shermco-Industries";"?";"197000000";"?";"13824927";"?";"170";"?";"whois";"source";"?";"?"
"http://www.indeed.com/forum/loc/Dallas-Texas.html";"?";"197000000";"?";"13824927";"?";"170";"?";"whois";"source";"?";"?"
"http://www.indeed.com/forum/cmp/Shermco-Industries.html";"?";"197000000";"?";"13824927";"?";"170";"?";"whois";"source";"?";"?"
"http://www.indeed.com/rc/clk?jk=7cba160203778773";"?";"197000000";"?";"13824927";"?";"170";"?";"whois";"source";"?";"?"
"http://www.indeed.com/cmp/Matrix-Resources/reviews";"?";"197000000";"?";"13824927";"?";"170";"?";"whois";"source";"?";"?"
"http://www.indeed.com/q-Matrix-Resources-l-Dallas-TX-jobs.html";"?";"197000000";"?";"13824927";"?";"170";"?";"whois";"source";"?";"?"
"http://www.indeed.com/salary?q1=Senior+Ruby+Developer&l1=Dallas%2C+TX";"?";"197000000";"?";"13824927";"?";"170";"?";"whois";"source";"?";"?"
"http://www.indeed.com/cmp/Matrix-Resources";"?";"197000000";"?";"13824927";"?";"170";"?";"whois";"source";"?";"?"
"http://www.indeed.com/forum/cmp/Matrix-Resources.html";"?";"197000000";"?";"13824927";"?";"170";"?";"whois";"source";"?";"?"
"http://www.indeed.com/rc/clk?jk=f9f9ee69fde850de";"?";"197000000";"?";"13824927";"?";"170";"?";"whois";"source";"?";"?"
"http://www.indeed.com/q-The-Bowdoin-Group-l-Lexington-MA-jobs.html";"?";"197000000";"?";"13824927";"?";"170";"?";"whois";"source";"?";"?"
"http://www.indeed.com/l-Lexington-MA-jobs.html";"?";"197000000";"?";"13824927";"?";"170";"?";"whois";"source";"?";"?"
"http://www.indeed.com/salary?q1=Principal+Senior+Java+Software+Engineer&l1=Lexington%2C+MA";"?";"197000000";"?";"13824927";"?";"170";"?";"whois";"source";"?";"?"
"http://www.indeed.com/cmp/The-Bowdoin-Group";"?";"197000000";"?";"13824927";"?";"170";"?";"whois";"source";"?";"?"
"http://www.indeed.com/forum/loc/Lexington-Massachusetts.html";"?";"197000000";"?";"13824927";"?";"170";"?";"whois";"source";"?";"?"
"http://www.indeed.com/forum/cmp/The-Bowdoin-Group.html";"?";"197000000";"?";"13824927";"?";"170";"?";"whois";"source";"?";"?"
"http://www.indeed.com/cmp/Recombine/jobs/Medical-Billing-Specialist-1d84e6ed4b88a67f?r=1";"?";"197000000";"?";"13824927";"?";"170";"?";"whois";"source";"?";"?"
"http://www.indeed.com/q-Recombine-l-New-York-NY-jobs.html";"?";"197000000";"?";"13824927";"?";"170";"?";"whois";"source";"?";"?"
"http://www.indeed.com/l-New-York-NY-jobs.html";"?";"197000000";"?";"13824927";"?";"170";"?";"whois";"source";"?";"?"
"http://www.indeed.com/salary?q1=Medical+Billing+Specialist&l1=New+York%2C+NY";"?";"197000000";"?";"13824927";"?";"170";"?";"whois";"source";"?";"?"
"http://www.indeed.com/cmp/Recombine";"?";"197000000";"?";"13824927";"?";"170";"?";"whois";"source";"?";"?"
"http://www.indeed.com/forum/job/Medical-Billing-Specialist.html";"?";"197000000";"?";"13824927";"?";"170";"?";"whois";"source";"?";"?"
"http://www.indeed.com/forum/loc/New-York-New-York.html";"?";"197000000";"?";"13824927";"?";"170";"?";"whois";"source";"?";"?"
"http://www.indeed.com/forum/cmp/Recombine.html";"?";"197000000";"?";"13824927";"?";"170";"?";"whois";"source";"?";"?"
"http://www.indeed.com/cmp/BioLite/jobs/Electrical-Engineer-681a1d80699f8829?r=1";"?";"197000000";"?";"13824927";"?";"170";"?";"whois";"source";"?";"?"
"http://www.indeed.com/salary?q1=Electrical+Engineer&l1=Brooklyn%2C+NY";"?";"197000000";"?";"13824927";"?";"170";"?";"whois";"source";"?";"?"
"http://www.indeed.com/forum/job/Electrical-Engineer.html";"?";"197000000";"?";"13824927";"?";"170";"?";"whois";"source";"?";"?"
"http://www.indeed.com/rc/clk?jk=a3a594671a5e3003";"?";"197000000";"?";"13824927";"?";"170";"?";"whois";"source";"?";"?"
"http://www.indeed.com/q-Winterwyman-l-Boston-MA-jobs.html";"?";"197000000";"?";"13824927";"?";"170";"?";"whois";"source";"?";"?"
"http://www.indeed.com/salary?q1=Ror+Developer&l1=Boston%2C+MA";"?";"197000000";"?";"13824927";"?";"170";"?";"whois";"source";"?";"?"
"http://www.indeed.com/forum/cmp/Winterwyman.html";"?";"197000000";"?";"13824927";"?";"170";"?";"whois";"source";"?";"?"
"http://www.indeed.com/rc/clk?jk=facd33e0d86927cd";"?";"197000000";"?";"13824927";"?";"170";"?";"whois";"source";"?";"?"
"http://www.indeed.com/salary?q1=Assistant+Associate+Lab+Director&l1=San+Francisco%2C+CA";"?";"197000000";"?";"13824927";"?";"170";"?";"whois";"source";"?";"?"
"http://www.indeed.com/rc/clk?jk=1664fa4c84a77aaa";"?";"197000000";"?";"13824927";"?";"170";"?";"whois";"source";"?";"?"
"http://www.indeed.com/q-Big-Resourcing-l-Boston-MA-jobs.html";"?";"197000000";"?";"13824927";"?";"170";"?";"whois";"source";"?";"?"
"http://www.indeed.com/salary?q1=Nosql+Developer&l1=Boston%2C+MA";"?";"197000000";"?";"13824927";"?";"170";"?";"whois";"source";"?";"?"
"http://www.indeed.com/forum/cmp/Big-Resourcing%2C-LLC.html";"?";"197000000";"?";"13824927";"?";"170";"?";"whois";"source";"?";"?"
"http://www.indeed.com/rc/clk?jk=8349b7bb63eec47b";"?";"197000000";"?";"13824927";"?";"170";"?";"whois";"source";"?";"?"
"http://www.indeed.com/q-Big-Resourcing-l-Cambridge-MA-jobs.html";"?";"197000000";"?";"13824927";"?";"170";"?";"whois";"source";"?";"?"
"http://www.indeed.com/salary?q1=Senior+Oracle+Database+Architect&l1=Cambridge%2C+MA";"?";"197000000";"?";"13824927";"?";"170";"?";"whois";"source";"?";"?"
"http://www.indeed.com/rc/clk?jk=9c54950275529b3a";"?";"197000000";"?";"13824927";"?";"170";"?";"whois";"source";"?";"?"
"http://www.indeed.com/q-Aspera-l-Emeryville-CA-jobs.html";"?";"197000000";"?";"13824927";"?";"170";"?";"whois";"source";"?";"?"
"http://www.indeed.com/l-Emeryville-CA-jobs.html";"?";"197000000";"?";"13824927";"?";"170";"?";"whois";"source";"?";"?"
"http://www.indeed.com/salary?q1=Software+Engineer&l1=Emeryville%2C+CA";"?";"197000000";"?";"13824927";"?";"170";"?";"whois";"source";"?";"?"
"http://www.indeed.com/cmp/Aspera";"?";"197000000";"?";"13824927";"?";"170";"?";"whois";"source";"?";"?"
"http://www.indeed.com/forum/loc/Emeryville-California.html";"?";"197000000";"?";"13824927";"?";"170";"?";"whois";"source";"?";"?"
"http://www.indeed.com/forum/cmp/Aspera.html";"?";"197000000";"?";"13824927";"?";"170";"?";"whois";"source";"?";"?"
"http://www.indeed.com/rc/clk?jk=4ad26644dea2ed97";"?";"197000000";"?";"13824927";"?";"170";"?";"whois";"source";"?";"?"
"http://www.indeed.com/salary?q1=Senior+Software+Engineer&l1=Emeryville%2C+CA";"?";"197000000";"?";"13824927";"?";"170";"?";"whois";"source";"?";"?"
"http://www.indeed.com/rc/clk?jk=9608f88603f1276d";"?";"197000000";"?";"13824927";"?";"170";"?";"whois";"source";"?";"?"
"http://www.indeed.com/q-Oroeco-l-San-Francisco-CA-jobs.html";"?";"197000000";"?";"13824927";"?";"170";"?";"whois";"source";"?";"?"
"http://www.indeed.com/salary?q1=Lead+Software+Engineer&l1=San+Francisco%2C+CA";"?";"197000000";"?";"13824927";"?";"170";"?";"whois";"source";"?";"?"
"http://www.indeed.com/cmp/Oroeco";"?";"197000000";"?";"13824927";"?";"170";"?";"whois";"source";"?";"?"
"http://www.indeed.com/forum/job/Lead-Software-Engineer.html";"?";"197000000";"?";"13824927";"?";"170";"?";"whois";"source";"?";"?"
"http://www.indeed.com/forum/cmp/Oroeco.html";"?";"197000000";"?";"13824927";"?";"170";"?";"whois";"source";"?";"?"
"http://www.indeed.com/rc/clk?jk=b0185916a45a27a2";"?";"197000000";"?";"13824927";"?";"170";"?";"whois";"source";"?";"?"
"http://www.indeed.com/salary?q1=Operation+Project+Manager&l1=Kirkland%2C+WA";"?";"197000000";"?";"13824927";"?";"170";"?";"whois";"source";"?";"?"
"http://www.indeed.com/forum/job/Operations-Project-Manager.html";"?";"197000000";"?";"13824927";"?";"170";"?";"whois";"source";"?";"?"
"http://www.indeed.com/rc/clk?jk=7054cf2da9bbca47";"?";"197000000";"?";"13824927";"?";"170";"?";"whois";"source";"?";"?"
"http://www.indeed.com/cmp/Flatiron/reviews";"?";"197000000";"?";"13824927";"?";"170";"?";"whois";"source";"?";"?"
"http://www.indeed.com/q-Flatiron-l-New-York-NY-jobs.html";"?";"197000000";"?";"13824927";"?";"170";"?";"whois";"source";"?";"?"
"http://www.indeed.com/salary?q1=Product+Manager&l1=New+York%2C+NY";"?";"197000000";"?";"13824927";"?";"170";"?";"whois";"source";"?";"?"
"http://www.indeed.com/cmp/Flatiron";"?";"197000000";"?";"13824927";"?";"170";"?";"whois";"source";"?";"?"
"http://www.indeed.com/forum/cmp/Flatiron.html";"?";"197000000";"?";"13824927";"?";"170";"?";"whois";"source";"?";"?"
"http://www.indeed.com/rc/clk?jk=0956d4d1414938a4";"?";"197000000";"?";"13824927";"?";"170";"?";"whois";"source";"?";"?"
"http://www.indeed.com/q-Five-Prime-Therapeutics-l-South-San-Francisco-CA-jobs.html";"?";"197000000";"?";"13824927";"?";"170";"?";"whois";"source";"?";"?"
"http://www.indeed.com/l-South-San-Francisco-CA-jobs.html";"?";"197000000";"?";"13824927";"?";"170";"?";"whois";"source";"?";"?"
"http://www.indeed.com/salary?q1=Software+Engineer&l1=South+San+Francisco%2C+CA";"?";"197000000";"?";"13824927";"?";"170";"?";"whois";"source";"?";"?"
"http://www.indeed.com/forum/loc/South-SAN-Francisco-California.html";"?";"197000000";"?";"13824927";"?";"170";"?";"whois";"source";"?";"?"
"http://www.indeed.com/forum/cmp/Five-Prime-Therapeutics.html";"?";"197000000";"?";"13824927";"?";"170";"?";"whois";"source";"?";"?"
"http://www.indeed.com/rc/clk?jk=4bec4c2257bd720b";"?";"197000000";"?";"13824927";"?";"170";"?";"whois";"source";"?";"?"
"http://www.indeed.com/salary?q1=Medical+Informaticist&l1=New+York%2C+NY";"?";"197000000";"?";"13824927";"?";"170";"?";"whois";"source";"?";"?"
"http://www.indeed.com/jobs?q=software+engineer+%28genome+or+bioinformatics+or+poverty+or+%22world+a+better+place%22+or+%22green+energy%22+or+%22social+impact%22%29&jt=fulltime&limit=100&fromage=7&filter=0";"?";"197000000";"?";"13824927";"?";"170";"?";"whois";"source";"?";"?"
"http://www.indeed.com/tips.jsp";"?";"197000000";"?";"13824927";"?";"170";"?";"whois";"source";"?";"?"
"http://www.indeed.com/q-Accountant-jobs.html";"?";"197000000";"?";"13824927";"?";"170";"?";"whois";"source";"?";"?"
"http://www.indeed.com/salary?q1=Engineer&l1=";"?";"197000000";"?";"13824927";"?";"170";"?";"whois";"source";"?";"?"
"http://www.indeed.com/salary?q1=Electrical+Engineer&l1=";"?";"197000000";"?";"13824927";"?";"170";"?";"whois";"source";"?";"?"
"http://www.indeed.com/salary?q1=IT+Business+Analyst&l1=";"?";"197000000";"?";"13824927";"?";"170";"?";"whois";"source";"?";"?"
"http://www.indeed.com/salary?q1=Lead+Software+Engineer&l1=";"?";"197000000";"?";"13824927";"?";"170";"?";"whois";"source";"?";"?"
"http://www.indeed.com/salary?q1=Software+Engineer&l1=";"?";"197000000";"?";"13824927";"?";"170";"?";"whois";"source";"?";"?"
"http://www.indeed.com/salary?q1=Operations+Project+Manager&l1=";"?";"197000000";"?";"13824927";"?";"170";"?";"whois";"source";"?";"?"
"http://www.indeed.com/salary?q1=Automation+Engineer&l1=";"?";"197000000";"?";"13824927";"?";"170";"?";"whois";"source";"?";"?"
"http://www.indeed.com/salary?q1=Java+Software+Engineer&l1=";"?";"197000000";"?";"13824927";"?";"170";"?";"whois";"source";"?";"?"
"http://www.indeed.com/salary?q1=Medical+Billing+Specialist&l1=";"?";"197000000";"?";"13824927";"?";"170";"?";"whois";"source";"?";"?"
"http://www.indeed.com/salary?q1=Research+Scientist&l1=";"?";"197000000";"?";"13824927";"?";"170";"?";"whois";"source";"?";"?"
"http://www.indeed.com/salary?q1=Java+Developer&l1=";"?";"197000000";"?";"13824927";"?";"170";"?";"whois";"source";"?";"?"
"http://www.indeed.com/salary?q1=Product+Engineer&l1=";"?";"197000000";"?";"13824927";"?";"170";"?";"whois";"source";"?";"?"
"http://www.indeed.com/salary?q1=Product+Manager&l1=";"?";"197000000";"?";"13824927";"?";"170";"?";"whois";"source";"?";"?"
"http://www.indeed.com/promo/gotajob";"?";"197000000";"?";"13824927";"?";"170";"?";"whois";"source";"?";"?"
"http://www.indeed.com/salary";"?";"197000000";"?";"13824927";"?";"170";"?";"whois";"source";"?";"?"
"http://www.indeed.com/jobtrends";"?";"197000000";"?";"13824927";"?";"170";"?";"whois";"source";"?";"?"
"http://www.indeed.com/forum";"?";"197000000";"?";"13824927";"?";"170";"?";"whois";"source";"?";"?"
"http://www.indeed.com/Best-Places-to-Work";"?";"197000000";"?";"13824927";"?";"170";"?";"whois";"source";"?";"?"
"http://www.indeed.com/find-jobs.jsp";"?";"197000000";"?";"13824927";"?";"170";"?";"whois";"source";"?";"?"
"http://www.indeed.com/tools/jobseeker/";"?";"197000000";"?";"13824927";"?";"170";"?";"whois";"source";"?";"?"
"http://www.indeed.com/intl/en/about.html";"?";"197000000";"?";"13824927";"?";"170";"?";"whois";"source";"?";"?"
"http://www.indeed.com/support";"?";"197000000";"?";"13824927";"?";"170";"?";"whois";"source";"?";"?"
"http://www.indeed.com/legal";"?";"197000000";"?";"13824927";"?";"170";"?";"whois";"source";"?";"?"
