"http://www.indeed.com/";"?";"184000000";"?";"13824927";"?";"170";"?";"whois";"source";"?";"?"
"http://www.indeed.com/resumes?isid=find-resumes&ikw=SERPtop&co=US&hl=en";"?";"184000000";"?";"13824927";"?";"170";"?";"whois";"source";"?";"?"
"http://www.indeed.com/promo/resume";"?";"184000000";"?";"13824927";"?";"170";"?";"whois";"source";"?";"?"
"http://www.indeed.com/account/login?dest=%2Fjobs%3Fq%3Dsoftware%2Bengineer%2B%28%2522contributes%2Bto%2Bopen%2Bsource%2522%2Bor%2B%2522enthusiastic%2Babout%2Bopen%2Bsource%2522%2Bor%2B%2522we%2Bcontribute%2Bto%2Bopen%2Bsource%2522%2Bor%2B%2522open%2Bsource%2Bstack%2522%2Bor%2B%2522passion%2Bfor%2Bopen%2Bsource%2522%29%26jt%3Dfulltime%26limit%3D100%26fromage%3D7";"?";"184000000";"?";"13824927";"?";"170";"?";"whois";"source";"?";"?"
"http://www.indeed.com/advanced_search?q=software+engineer+%28%22contributes+to+open+source%22+or+%22enthusiastic+about+open+source%22+or+%22we+contribute+to+open+source%22+or+%22open+source+stack%22+or+%22passion+for+open+source%22%29&jt=fulltime&limit=100&fromage=7";"?";"184000000";"?";"13824927";"?";"170";"?";"whois";"source";"?";"?"
"http://www.indeed.com/jobs?q=software+engineer+%28%22contributes+to+open+source%22+or+%22enthusiastic+about+open+source%22+or+%22we+contribute+to+open+source%22+or+%22open+source+stack%22+or+%22passion+for+open+source%22%29&jt=fulltime&limit=100&fromage=7&sort=date";"?";"184000000";"?";"13824927";"?";"170";"?";"whois";"source";"?";"?"
"http://www.indeed.com/jobs?q=software+engineer+(%22contributes+to+open+source%22+or+%22enthusiastic+about+open+source%22+or+%22we+contribute+to+open+source%22+or+%22open+source+stack%22+or+%22passion+for+open+source%22)&limit=100&fromage=7";"?";"184000000";"?";"13824927";"?";"170";"?";"whois";"source";"?";"?"
"http://www.indeed.com/jobs?q=software+engineer+(%22contributes+to+open+source%22+or+%22enthusiastic+about+open+source%22+or+%22we+contribute+to+open+source%22+or+%22open+source+stack%22+or+%22passion+for+open+source%22)+$50000&jt=fulltime&limit=100&fromage=7";"?";"184000000";"?";"13824927";"?";"170";"?";"whois";"source";"?";"?"
"http://www.indeed.com/jobs?q=software+engineer+(%22contributes+to+open+source%22+or+%22enthusiastic+about+open+source%22+or+%22we+contribute+to+open+source%22+or+%22open+source+stack%22+or+%22passion+for+open+source%22)+$70000&jt=fulltime&limit=100&fromage=7";"?";"184000000";"?";"13824927";"?";"170";"?";"whois";"source";"?";"?"
"http://www.indeed.com/jobs?q=software+engineer+(%22contributes+to+open+source%22+or+%22enthusiastic+about+open+source%22+or+%22we+contribute+to+open+source%22+or+%22open+source+stack%22+or+%22passion+for+open+source%22)+$90000&jt=fulltime&limit=100&fromage=7";"?";"184000000";"?";"13824927";"?";"170";"?";"whois";"source";"?";"?"
"http://www.indeed.com/jobs?q=software+engineer+(%22contributes+to+open+source%22+or+%22enthusiastic+about+open+source%22+or+%22we+contribute+to+open+source%22+or+%22open+source+stack%22+or+%22passion+for+open+source%22)+$110000&jt=fulltime&limit=100&fromage=7";"?";"184000000";"?";"13824927";"?";"170";"?";"whois";"source";"?";"?"
"http://www.indeed.com/jobs?q=software+engineer+(%22contributes+to+open+source%22+or+%22enthusiastic+about+open+source%22+or+%22we+contribute+to+open+source%22+or+%22open+source+stack%22+or+%22passion+for+open+source%22)+$130000&jt=fulltime&limit=100&fromage=7";"?";"184000000";"?";"13824927";"?";"170";"?";"whois";"source";"?";"?"
"http://www.indeed.com/rc/clk?jk=570f0ad4677fc958";"?";"184000000";"?";"13824927";"?";"170";"?";"whois";"source";"?";"?"
"http://www.indeed.com/cmp/Red-Hat/reviews";"?";"184000000";"?";"13824927";"?";"170";"?";"whois";"source";"?";"?"
"http://www.indeed.com/jobs?q=software+engineer+(%22contributes+to+open+source%22+or+%22enthusiastic+about+open+source%22+or+%22we+contribute+to+open+source%22+or+%22open+source+stack%22+or+%22passion+for+open+source%22)&jt=fulltime&limit=100&fromage=7";"?";"184000000";"0";"13824927";"?";"170";"?";"whois";"source";"?";"?"
"http://www.indeed.com/q-Red-Hat-l-Westford-MA-jobs.html";"?";"184000000";"?";"13824927";"?";"170";"?";"whois";"source";"?";"?"
"http://www.indeed.com/l-Westford-MA-jobs.html";"?";"184000000";"?";"13824927";"?";"170";"?";"whois";"source";"?";"?"
"http://www.indeed.com/salary?q1=Software+Engineer&l1=Westford%2C+MA";"?";"184000000";"?";"13824927";"?";"170";"?";"whois";"source";"?";"?"
"http://www.indeed.com/cmp/Red-Hat";"?";"184000000";"?";"13824927";"?";"170";"?";"whois";"source";"?";"?"
"http://www.indeed.com/forum/job/Software-Engineer.html";"?";"184000000";"?";"13824927";"?";"170";"?";"whois";"source";"?";"?"
"http://www.indeed.com/forum/loc/Westford-Massachusetts.html";"?";"184000000";"?";"13824927";"?";"170";"?";"whois";"source";"?";"?"
"http://www.indeed.com/forum/cmp/Red-Hat.html";"?";"184000000";"?";"13824927";"?";"170";"?";"whois";"source";"?";"?"
"http://www.indeed.com/rc/clk?jk=fc8a42c25619e6d1";"?";"184000000";"?";"13824927";"?";"170";"?";"whois";"source";"?";"?"
"http://www.indeed.com/salary?q1=Principal+Software+Engineer&l1=Westford%2C+MA";"?";"184000000";"?";"13824927";"?";"170";"?";"whois";"source";"?";"?"
"http://www.indeed.com/forum/job/Principal-Software-Engineer.html";"?";"184000000";"?";"13824927";"?";"170";"?";"whois";"source";"?";"?"
"http://www.indeed.com/rc/clk?jk=6d237cd34e2d5c8f";"?";"184000000";"?";"13824927";"?";"170";"?";"whois";"source";"?";"?"
"http://www.indeed.com/q-Red-Hat-l-Raleigh-NC-jobs.html";"?";"184000000";"?";"13824927";"?";"170";"?";"whois";"source";"?";"?"
"http://www.indeed.com/l-Raleigh-NC-jobs.html";"?";"184000000";"?";"13824927";"?";"170";"?";"whois";"source";"?";"?"
"http://www.indeed.com/salary?q1=Software+Application+Engineer&l1=Raleigh%2C+NC";"?";"184000000";"?";"13824927";"?";"170";"?";"whois";"source";"?";"?"
"http://www.indeed.com/forum/loc/Raleigh-North-Carolina.html";"?";"184000000";"?";"13824927";"?";"170";"?";"whois";"source";"?";"?"
"http://www.indeed.com/rc/clk?jk=2d6211365a41ff35";"?";"184000000";"?";"13824927";"?";"170";"?";"whois";"source";"?";"?"
"http://www.indeed.com/salary?q1=Senior+Software+Engineer&l1=Westford%2C+MA";"?";"184000000";"?";"13824927";"?";"170";"?";"whois";"source";"?";"?"
"http://www.indeed.com/rc/clk?jk=5bd002e68eb1c678";"?";"184000000";"?";"13824927";"?";"170";"?";"whois";"source";"?";"?"
"http://www.indeed.com/salary?q1=Senior+Software+Application+Engineer&l1=Raleigh%2C+NC";"?";"184000000";"?";"13824927";"?";"170";"?";"whois";"source";"?";"?"
"http://www.indeed.com/rc/clk?jk=c104ce8ed81e3e9e";"?";"184000000";"?";"13824927";"?";"170";"?";"whois";"source";"?";"?"
"http://www.indeed.com/salary?q1=Software+Engineer&l1=Raleigh%2C+NC";"?";"184000000";"?";"13824927";"?";"170";"?";"whois";"source";"?";"?"
"http://www.indeed.com/rc/clk?jk=a0b50eeb60490f3c";"?";"184000000";"?";"13824927";"?";"170";"?";"whois";"source";"?";"?"
"http://www.indeed.com/salary?q1=Performance+Engineer&l1=Westford%2C+MA";"?";"184000000";"?";"13824927";"?";"170";"?";"whois";"source";"?";"?"
"http://www.indeed.com/forum/job/Performance-Engineer.html";"?";"184000000";"?";"13824927";"?";"170";"?";"whois";"source";"?";"?"
"http://www.indeed.com/rc/clk?jk=fe598afa3ed92c3a";"?";"184000000";"?";"13824927";"?";"170";"?";"whois";"source";"?";"?"
"http://www.indeed.com/q-Red-Hat-l-Mountain-View-CA-jobs.html";"?";"184000000";"?";"13824927";"?";"170";"?";"whois";"source";"?";"?"
"http://www.indeed.com/l-Mountain-View-CA-jobs.html";"?";"184000000";"?";"13824927";"?";"170";"?";"whois";"source";"?";"?"
"http://www.indeed.com/salary?q1=Principal+Software+Engineer&l1=Mountain+View%2C+CA";"?";"184000000";"?";"13824927";"?";"170";"?";"whois";"source";"?";"?"
"http://www.indeed.com/forum/loc/Mountain-View-California.html";"?";"184000000";"?";"13824927";"?";"170";"?";"whois";"source";"?";"?"
"http://www.indeed.com/rc/clk?jk=7acc82638775b430";"?";"184000000";"?";"13824927";"?";"170";"?";"whois";"source";"?";"?"
"http://www.indeed.com/rc/clk?jk=d15fe3880d981d3c";"?";"184000000";"?";"13824927";"?";"170";"?";"whois";"source";"?";"?"
"http://www.indeed.com/q-Aweber-l-Chalfont-PA-jobs.html";"?";"184000000";"?";"13824927";"?";"170";"?";"whois";"source";"?";"?"
"http://www.indeed.com/l-Chalfont-PA-jobs.html";"?";"184000000";"?";"13824927";"?";"170";"?";"whois";"source";"?";"?"
"http://www.indeed.com/salary?q1=Web+Infrastructure+Architect&l1=Chalfont%2C+PA";"?";"184000000";"?";"13824927";"?";"170";"?";"whois";"source";"?";"?"
"http://www.indeed.com/cmp/Aweber";"?";"184000000";"?";"13824927";"?";"170";"?";"whois";"source";"?";"?"
"http://www.indeed.com/forum/loc/Chalfont-Pennsylvania.html";"?";"184000000";"?";"13824927";"?";"170";"?";"whois";"source";"?";"?"
"http://www.indeed.com/forum/cmp/Aweber.html";"?";"184000000";"?";"13824927";"?";"170";"?";"whois";"source";"?";"?"
"http://www.indeed.com/rc/clk?jk=2f9c12ef975c114a";"?";"184000000";"?";"13824927";"?";"170";"?";"whois";"source";"?";"?"
"http://www.indeed.com/q-Piper-Enterprise-Solutions-l-Raleigh-NC-jobs.html";"?";"184000000";"?";"13824927";"?";"170";"?";"whois";"source";"?";"?"
"http://www.indeed.com/salary?q1=Senior+Software+Engineer&l1=Raleigh%2C+NC";"?";"184000000";"?";"13824927";"?";"170";"?";"whois";"source";"?";"?"
"http://www.indeed.com/cmp/Piper-Enterprise-Solutions";"?";"184000000";"?";"13824927";"?";"170";"?";"whois";"source";"?";"?"
"http://www.indeed.com/forum/cmp/Piper-Enterprise-Solutions.html";"?";"184000000";"?";"13824927";"?";"170";"?";"whois";"source";"?";"?"
"http://www.indeed.com/rc/clk?jk=ad85aa4cf4e07049";"?";"184000000";"?";"13824927";"?";"170";"?";"whois";"source";"?";"?"
"http://www.indeed.com/jobs?q=software+engineer+%28%22contributes+to+open+source%22+or+%22enthusiastic+about+open+source%22+or+%22we+contribute+to+open+source%22+or+%22open+source+stack%22+or+%22passion+for+open+source%22%29&rbt=Platform+Solutions+Architect&rbc=Red+Hat%2C+Inc.&jtid=af5c68f666112f1a&jcid=4f20080632c23a18&jt=fulltime&limit=100&fromage=7&grp=tcl";"?";"184000000";"?";"13824927";"?";"170";"?";"whois";"source";"?";"?"
"http://www.indeed.com/q-Red-Hat-l-New-York-NY-jobs.html";"?";"184000000";"?";"13824927";"?";"170";"?";"whois";"source";"?";"?"
"http://www.indeed.com/l-New-York-NY-jobs.html";"?";"184000000";"?";"13824927";"?";"170";"?";"whois";"source";"?";"?"
"http://www.indeed.com/salary?q1=Platform+Solution+Architect&l1=New+York%2C+NY";"?";"184000000";"?";"13824927";"?";"170";"?";"whois";"source";"?";"?"
"http://www.indeed.com/forum/loc/New-York-New-York.html";"?";"184000000";"?";"13824927";"?";"170";"?";"whois";"source";"?";"?"
"http://www.indeed.com/rc/clk?jk=7952d67e74e69b5b";"?";"184000000";"?";"13824927";"?";"170";"?";"whois";"source";"?";"?"
"http://www.indeed.com/q-Red-Hat-l-Atlanta-GA-jobs.html";"?";"184000000";"?";"13824927";"?";"170";"?";"whois";"source";"?";"?"
"http://www.indeed.com/l-Atlanta-GA-jobs.html";"?";"184000000";"?";"13824927";"?";"170";"?";"whois";"source";"?";"?"
"http://www.indeed.com/salary?q1=Channel+Solution+Architect&l1=Atlanta%2C+GA";"?";"184000000";"?";"13824927";"?";"170";"?";"whois";"source";"?";"?"
"http://www.indeed.com/forum/loc/Atlanta-Georgia.html";"?";"184000000";"?";"13824927";"?";"170";"?";"whois";"source";"?";"?"
"http://www.indeed.com/rc/clk?jk=df6ea46a8d82e991";"?";"184000000";"?";"13824927";"?";"170";"?";"whois";"source";"?";"?"
"http://www.indeed.com/jobs?q=software+engineer+%28%22contributes+to+open+source%22+or+%22enthusiastic+about+open+source%22+or+%22we+contribute+to+open+source%22+or+%22open+source+stack%22+or+%22passion+for+open+source%22%29&rbt=Middleware+Solutions+Architect&rbc=Red+Hat%2C+Inc.&jtid=38a5d1e66cbd8ea7&jcid=4f20080632c23a18&jt=fulltime&limit=100&fromage=7&grp=tcl";"?";"184000000";"?";"13824927";"?";"170";"?";"whois";"source";"?";"?"
"http://www.indeed.com/q-Red-Hat-l-Chicago-IL-jobs.html";"?";"184000000";"?";"13824927";"?";"170";"?";"whois";"source";"?";"?"
"http://www.indeed.com/l-Chicago-IL-jobs.html";"?";"184000000";"?";"13824927";"?";"170";"?";"whois";"source";"?";"?"
"http://www.indeed.com/salary?q1=Middleware+Solution+Architect&l1=Chicago%2C+IL";"?";"184000000";"?";"13824927";"?";"170";"?";"whois";"source";"?";"?"
"http://www.indeed.com/forum/loc/Chicago-Illinois.html";"?";"184000000";"?";"13824927";"?";"170";"?";"whois";"source";"?";"?"
"http://www.indeed.com/rc/clk?jk=cef8b6413a6785c1";"?";"184000000";"?";"13824927";"?";"170";"?";"whois";"source";"?";"?"
"http://www.indeed.com/q-Red-Hat-l-Minneapolis-MN-jobs.html";"?";"184000000";"?";"13824927";"?";"170";"?";"whois";"source";"?";"?"
"http://www.indeed.com/l-Minneapolis-MN-jobs.html";"?";"184000000";"?";"13824927";"?";"170";"?";"whois";"source";"?";"?"
"http://www.indeed.com/salary?q1=Technical+Support+Relationship+Manager&l1=Minneapolis%2C+MN";"?";"184000000";"?";"13824927";"?";"170";"?";"whois";"source";"?";"?"
"http://www.indeed.com/forum/loc/Minneapolis-Minnesota.html";"?";"184000000";"?";"13824927";"?";"170";"?";"whois";"source";"?";"?"
"http://www.indeed.com/rc/clk?jk=39833dacf0470e60";"?";"184000000";"?";"13824927";"?";"170";"?";"whois";"source";"?";"?"
"http://www.indeed.com/salary?q1=Principal+Quality+Engineer&l1=Westford%2C+MA";"?";"184000000";"?";"13824927";"?";"170";"?";"whois";"source";"?";"?"
"http://www.indeed.com/rc/clk?jk=2b691ed21b606643";"?";"184000000";"?";"13824927";"?";"170";"?";"whois";"source";"?";"?"
"http://www.indeed.com/salary?q1=Senior+Cloud+Solution+Architect&l1=New+York%2C+NY";"?";"184000000";"?";"13824927";"?";"170";"?";"whois";"source";"?";"?"
"http://www.indeed.com/rc/clk?jk=c6bc03fe9627cd0b";"?";"184000000";"?";"13824927";"?";"170";"?";"whois";"source";"?";"?"
"http://www.indeed.com/jobs?q=software+engineer+%28%22contributes+to+open+source%22+or+%22enthusiastic+about+open+source%22+or+%22we+contribute+to+open+source%22+or+%22open+source+stack%22+or+%22passion+for+open+source%22%29&rbt=Python+Software+Engineer+-+Certification+Test+Server&rbc=Red+Hat%2C+Inc.&jtid=40ee1bbe23f28307&jcid=4f20080632c23a18&jt=fulltime&limit=100&fromage=7&grp=tcl";"?";"184000000";"?";"13824927";"?";"170";"?";"whois";"source";"?";"?"
"http://www.indeed.com/salary?q1=Python+Software+Engineer&l1=Westford%2C+MA";"?";"184000000";"?";"13824927";"?";"170";"?";"whois";"source";"?";"?"
"http://www.indeed.com/rc/clk?jk=7416b431f1740012";"?";"184000000";"?";"13824927";"?";"170";"?";"whois";"source";"?";"?"
"http://www.indeed.com/salary?q1=Software+Maintenance+Engineer&l1=Raleigh%2C+NC";"?";"184000000";"?";"13824927";"?";"170";"?";"whois";"source";"?";"?"
"http://www.indeed.com/rc/clk?jk=c237ec9faa78208c";"?";"184000000";"?";"13824927";"?";"170";"?";"whois";"source";"?";"?"
"http://www.indeed.com/salary?q1=Storage+Solution+Marketing+Architect&l1=Mountain+View%2C+CA";"?";"184000000";"?";"13824927";"?";"170";"?";"whois";"source";"?";"?"
"http://www.indeed.com/rc/clk?jk=aa5be7da7b995247";"?";"184000000";"?";"13824927";"?";"170";"?";"whois";"source";"?";"?"
"http://www.indeed.com/q-Issg-l-St.-Louis-MO-jobs.html";"?";"184000000";"?";"13824927";"?";"170";"?";"whois";"source";"?";"?"
"http://www.indeed.com/l-St.-Louis-MO-jobs.html";"?";"184000000";"?";"13824927";"?";"170";"?";"whois";"source";"?";"?"
"http://www.indeed.com/salary?q1=Web+Application+Engineer&l1=St.+Louis%2C+MO";"?";"184000000";"?";"13824927";"?";"170";"?";"whois";"source";"?";"?"
"http://www.indeed.com/cmp/Issg-Inc.---Information-Systems-Services-Group";"?";"184000000";"?";"13824927";"?";"170";"?";"whois";"source";"?";"?"
"http://www.indeed.com/forum/loc/St.-Louis-Missouri.html";"?";"184000000";"?";"13824927";"?";"170";"?";"whois";"source";"?";"?"
"http://www.indeed.com/forum/cmp/Issg%2C-Inc.---Information-Systems-Services-Group.html";"?";"184000000";"?";"13824927";"?";"170";"?";"whois";"source";"?";"?"
"http://www.indeed.com/rc/clk?jk=f2009293184cc779";"?";"184000000";"?";"13824927";"?";"170";"?";"whois";"source";"?";"?"
"http://www.indeed.com/cmp/Acxiom/reviews";"?";"184000000";"?";"13824927";"?";"170";"?";"whois";"source";"?";"?"
"http://www.indeed.com/q-Acxiom-l-Conway-AR-jobs.html";"?";"184000000";"?";"13824927";"?";"170";"?";"whois";"source";"?";"?"
"http://www.indeed.com/l-Conway-AR-jobs.html";"?";"184000000";"?";"13824927";"?";"170";"?";"whois";"source";"?";"?"
"http://www.indeed.com/salary?q1=Site+Reliability+Engineer&l1=Conway%2C+AR";"?";"184000000";"?";"13824927";"?";"170";"?";"whois";"source";"?";"?"
"http://www.indeed.com/cmp/Acxiom";"?";"184000000";"?";"13824927";"?";"170";"?";"whois";"source";"?";"?"
"http://www.indeed.com/forum/loc/Conway-Arkansas.html";"?";"184000000";"?";"13824927";"?";"170";"?";"whois";"source";"?";"?"
"http://www.indeed.com/forum/cmp/Acxiom.html";"?";"184000000";"?";"13824927";"?";"170";"?";"whois";"source";"?";"?"
"http://www.indeed.com/rc/clk?jk=6f8afce4f07e7ca0";"?";"184000000";"?";"13824927";"?";"170";"?";"whois";"source";"?";"?"
"http://www.indeed.com/salary?q1=Ceph+Object+Gateway+Developer&l1=Westford%2C+MA";"?";"184000000";"?";"13824927";"?";"170";"?";"whois";"source";"?";"?"
"http://www.indeed.com/rc/clk?jk=dbbc8301b0cca5ca";"?";"184000000";"?";"13824927";"?";"170";"?";"whois";"source";"?";"?"
"http://www.indeed.com/q-Enova-Financial-Holdings-l-Chicago-IL-jobs.html";"?";"184000000";"?";"13824927";"?";"170";"?";"whois";"source";"?";"?"
"http://www.indeed.com/salary?q1=Ui+Engineer&l1=Chicago%2C+IL";"?";"184000000";"?";"13824927";"?";"170";"?";"whois";"source";"?";"?"
"http://www.indeed.com/cmp/Enova-Financial-Holdings-LLC";"?";"184000000";"?";"13824927";"?";"170";"?";"whois";"source";"?";"?"
"http://www.indeed.com/forum/cmp/Enova-Financial-Holdings%2C-LLC.html";"?";"184000000";"?";"13824927";"?";"170";"?";"whois";"source";"?";"?"
"http://www.indeed.com/rc/clk?jk=424a8ee92625313d";"?";"184000000";"?";"13824927";"?";"170";"?";"whois";"source";"?";"?"
"http://www.indeed.com/cmp/Pinpoint-Resource-Group/reviews";"?";"184000000";"?";"13824927";"?";"170";"?";"whois";"source";"?";"?"
"http://www.indeed.com/q-Pinpoint-Resource-Group-l-Beverly-Hills-CA-jobs.html";"?";"184000000";"?";"13824927";"?";"170";"?";"whois";"source";"?";"?"
"http://www.indeed.com/l-Beverly-Hills-CA-jobs.html";"?";"184000000";"?";"13824927";"?";"170";"?";"whois";"source";"?";"?"
"http://www.indeed.com/salary?q1=Senior+Platform+Engineering+Developer&l1=Beverly+Hills%2C+CA";"?";"184000000";"?";"13824927";"?";"170";"?";"whois";"source";"?";"?"
"http://www.indeed.com/cmp/Pinpoint-Resource-Group";"?";"184000000";"?";"13824927";"?";"170";"?";"whois";"source";"?";"?"
"http://www.indeed.com/forum/loc/Beverly-Hills-California.html";"?";"184000000";"?";"13824927";"?";"170";"?";"whois";"source";"?";"?"
"http://www.indeed.com/forum/cmp/Pinpoint-Resource-Group.html";"?";"184000000";"?";"13824927";"?";"170";"?";"whois";"source";"?";"?"
"http://www.indeed.com/rc/clk?jk=3eef5b7311e3a265";"?";"184000000";"?";"13824927";"?";"170";"?";"whois";"source";"?";"?"
"http://www.indeed.com/cmp/Principle-Solutions-Group/reviews";"?";"184000000";"?";"13824927";"?";"170";"?";"whois";"source";"?";"?"
"http://www.indeed.com/q-Principle-Solutions-Group-l-Atlanta-GA-jobs.html";"?";"184000000";"?";"13824927";"?";"170";"?";"whois";"source";"?";"?"
"http://www.indeed.com/salary?q1=Manager+Application+Support&l1=Atlanta%2C+GA";"?";"184000000";"?";"13824927";"?";"170";"?";"whois";"source";"?";"?"
"http://www.indeed.com/cmp/Principle-Solutions-Group";"?";"184000000";"?";"13824927";"?";"170";"?";"whois";"source";"?";"?"
"http://www.indeed.com/forum/cmp/Principle-Solutions-Group.html";"?";"184000000";"?";"13824927";"?";"170";"?";"whois";"source";"?";"?"
"http://www.indeed.com/rc/clk?jk=8c02edf3819e416a";"?";"184000000";"?";"13824927";"?";"170";"?";"whois";"source";"?";"?"
"http://www.indeed.com/salary?q1=PHP+Developer&l1=Atlanta%2C+GA";"?";"184000000";"?";"13824927";"?";"170";"?";"whois";"source";"?";"?"
"http://www.indeed.com/forum/job/PHP-Developer.html";"?";"184000000";"?";"13824927";"?";"170";"?";"whois";"source";"?";"?"
"http://www.indeed.com/rc/clk?jk=ea2c6fdd393d6104";"?";"184000000";"?";"13824927";"?";"170";"?";"whois";"source";"?";"?"
"http://www.indeed.com/q-Totsy-l-New-York-NY-jobs.html";"?";"184000000";"?";"13824927";"?";"170";"?";"whois";"source";"?";"?"
"http://www.indeed.com/salary?q1=Software+Engineer&l1=New+York%2C+NY";"?";"184000000";"?";"13824927";"?";"170";"?";"whois";"source";"?";"?"
"http://www.indeed.com/cmp/Totsy";"?";"184000000";"?";"13824927";"?";"170";"?";"whois";"source";"?";"?"
"http://www.indeed.com/forum/cmp/Totsy.html";"?";"184000000";"?";"13824927";"?";"170";"?";"whois";"source";"?";"?"
"http://www.indeed.com/rc/clk?jk=d4d3f2ed9ea89f93";"?";"184000000";"?";"13824927";"?";"170";"?";"whois";"source";"?";"?"
"http://www.indeed.com/salary?q1=Back+End+Software+Engineer&l1=New+York%2C+NY";"?";"184000000";"?";"13824927";"?";"170";"?";"whois";"source";"?";"?"
"http://www.indeed.com/rc/clk?jk=9b753377fa087310";"?";"184000000";"?";"13824927";"?";"170";"?";"whois";"source";"?";"?"
"http://www.indeed.com/salary?q1=Front+End+Software+Engineer&l1=New+York%2C+NY";"?";"184000000";"?";"13824927";"?";"170";"?";"whois";"source";"?";"?"
"http://www.indeed.com/jobs?q=software+engineer+%28%22contributes+to+open+source%22+or+%22enthusiastic+about+open+source%22+or+%22we+contribute+to+open+source%22+or+%22open+source+stack%22+or+%22passion+for+open+source%22%29&jt=fulltime&limit=100&fromage=7&filter=0";"?";"184000000";"?";"13824927";"?";"170";"?";"whois";"source";"?";"?"
"http://www.indeed.com/tips.jsp";"?";"184000000";"?";"13824927";"?";"170";"?";"whois";"source";"?";"?"
"http://www.indeed.com/q-Trucking-jobs.html";"?";"184000000";"?";"13824927";"?";"170";"?";"whois";"source";"?";"?"
"http://www.indeed.com/salary?q1=PHP+Developer&l1=";"?";"184000000";"?";"13824927";"?";"170";"?";"whois";"source";"?";"?"
"http://www.indeed.com/salary?q1=Performance+Engineer&l1=";"?";"184000000";"?";"13824927";"?";"170";"?";"whois";"source";"?";"?"
"http://www.indeed.com/salary?q1=Principal+Software+Engineer&l1=";"?";"184000000";"?";"13824927";"?";"170";"?";"whois";"source";"?";"?"
"http://www.indeed.com/salary?q1=Software+Engineer&l1=";"?";"184000000";"?";"13824927";"?";"170";"?";"whois";"source";"?";"?"
"http://www.indeed.com/promo/gotajob";"?";"184000000";"?";"13824927";"?";"170";"?";"whois";"source";"?";"?"
"http://www.indeed.com/salary";"?";"184000000";"?";"13824927";"?";"170";"?";"whois";"source";"?";"?"
"http://www.indeed.com/jobtrends";"?";"184000000";"?";"13824927";"?";"170";"?";"whois";"source";"?";"?"
"http://www.indeed.com/forum";"?";"184000000";"?";"13824927";"?";"170";"?";"whois";"source";"?";"?"
"http://www.indeed.com/Best-Places-to-Work";"?";"184000000";"?";"13824927";"?";"170";"?";"whois";"source";"?";"?"
"http://www.indeed.com/find-jobs.jsp";"?";"184000000";"?";"13824927";"?";"170";"?";"whois";"source";"?";"?"
"http://www.indeed.com/tools/jobseeker/";"?";"184000000";"?";"13824927";"?";"170";"?";"whois";"source";"?";"?"
"http://www.indeed.com/intl/en/about.html";"?";"184000000";"?";"13824927";"?";"170";"?";"whois";"source";"?";"?"
"http://www.indeed.com/support";"?";"184000000";"?";"13824927";"?";"170";"?";"whois";"source";"?";"?"
"http://www.indeed.com/legal";"?";"184000000";"?";"13824927";"?";"170";"?";"whois";"source";"?";"?"
