"http://www.indeed.com/";"?";"197000000";"?";"13824927";"?";"170";"?";"whois";"source";"?";"?"
"http://www.indeed.com/resumes?isid=find-resumes&ikw=SERPtop&co=US&hl=en";"?";"197000000";"?";"13824927";"?";"170";"?";"whois";"source";"?";"?"
"http://www.indeed.com/promo/resume";"?";"197000000";"?";"13824927";"?";"170";"?";"whois";"source";"?";"?"
"http://www.indeed.com/account/login?dest=%2Fjobs%3Fq%3Dstartup%2B%2522software%2Bengineer%2522%26jt%3Dfulltime%26limit%3D100%26fromage%3D7";"?";"197000000";"?";"13824927";"?";"170";"?";"whois";"source";"?";"?"
"http://www.indeed.com/advanced_search?q=startup+%22software+engineer%22&jt=fulltime&limit=100&fromage=7";"?";"197000000";"?";"13824927";"?";"170";"?";"whois";"source";"?";"?"
"http://www.indeed.com/jobs?q=software+developer+%28kegerator+or+gym+or+%22ping+pong%22+or+foosball+or+%22fitness+center%22+or+%22pool+table%22+or+%22catered+lunches%22%29&l=&limit=100&rs=1&fromage=last";"?";"197000000";"?";"13824927";"?";"170";"?";"whois";"source";"?";"?"
"http://www.indeed.com/jobs?q=software+developer+%28nosql+or+mongodb+or+cassandra+or+hadoop+or+hbase+or+clojure+or+haskell%29&l=&limit=100&rs=1&fromage=last";"?";"197000000";"?";"13824927";"?";"170";"?";"whois";"source";"?";"?"
"http://www.indeed.com/jobs?q=software+engineer+%28genome+or+bioinformatics+or+poverty+or+%22world+a+better+place%22+or+%22green+energy%22+or+%22social+impact%22%29&l=&limit=100&rs=1&fromage=last";"?";"197000000";"?";"13824927";"?";"170";"?";"whois";"source";"?";"?"
"http://www.indeed.com/jobs?q=software+engineer&l=remote&rs=1&fromage=last";"?";"197000000";"?";"13824927";"?";"170";"?";"whois";"source";"?";"?"
"http://www.indeed.com/jobs?q=software+engineer+%28%22contributes+to+open+source%22+or+%22enthusiastic+about+open+source%22+or+%22we+contribute+to+open+source%22+or+%22open+source+stack%22+or+%22passion+for+open+source%22%29&l=&limit=100&rs=1&fromage=last";"?";"197000000";"?";"13824927";"?";"170";"?";"whois";"source";"?";"?"
"http://www.indeed.com/jobs?q=software+engineer+%28&l=&rs=1";"?";"197000000";"?";"13824927";"?";"170";"?";"whois";"source";"?";"?"
"http://www.indeed.com/jobs?q=software+engineer+%28nosql+or+mongodb+or+cassandra+or+hadoop+or+hbase+or+clojure+or+haskell%29&l=&limit=100&rs=1&fromage=last";"?";"197000000";"?";"13824927";"?";"170";"?";"whois";"source";"?";"?"
"http://www.indeed.com/jobs?q=software+developer+%28genome+or+bioinformatics+or+poverty+or+%22world+a+better+place%22+or+%22green+energy%22+or+%22social+impact%22%29&l=&rs=1&fromage=last";"?";"197000000";"?";"13824927";"?";"170";"?";"whois";"source";"?";"?"
"http://www.indeed.com/?cls";"?";"197000000";"?";"13824927";"?";"170";"?";"whois";"source";"?";"?"
"http://www.indeed.com/jobs?q=startup+%22software+engineer%22&jt=fulltime&limit=100&fromage=7&sort=date";"?";"197000000";"?";"13824927";"?";"170";"?";"whois";"source";"?";"?"
"http://www.indeed.com/jobs?q=startup+%22software+engineer%22&limit=100&fromage=7";"?";"197000000";"?";"13824927";"?";"170";"?";"whois";"source";"?";"?"
"http://www.indeed.com/jobs?q=startup+%22software+engineer%22+$70000&jt=fulltime&limit=100&fromage=7";"?";"197000000";"?";"13824927";"?";"170";"?";"whois";"source";"?";"?"
"http://www.indeed.com/jobs?q=startup+%22software+engineer%22+$90000&jt=fulltime&limit=100&fromage=7";"?";"197000000";"?";"13824927";"?";"170";"?";"whois";"source";"?";"?"
"http://www.indeed.com/jobs?q=startup+%22software+engineer%22+$110000&jt=fulltime&limit=100&fromage=7";"?";"197000000";"?";"13824927";"?";"170";"?";"whois";"source";"?";"?"
"http://www.indeed.com/jobs?q=startup+%22software+engineer%22+$130000&jt=fulltime&limit=100&fromage=7";"?";"197000000";"?";"13824927";"?";"170";"?";"whois";"source";"?";"?"
"http://www.indeed.com/jobs?q=startup+%22software+engineer%22+$150000&jt=fulltime&limit=100&fromage=7";"?";"197000000";"?";"13824927";"?";"170";"?";"whois";"source";"?";"?"
"http://www.indeed.com/jobs?q=startup+%22software+engineer%22&jt=fulltime&limit=100&fromage=last";"?";"197000000";"?";"13824927";"?";"170";"?";"whois";"source";"?";"?"
"http://www.indeed.com/rc/clk?jk=2819ea130a7f6e60";"?";"197000000";"?";"13824927";"?";"170";"?";"whois";"source";"?";"?"
"http://www.indeed.com/jobs?q=startup+%22software+engineer%22&jt=fulltime&limit=100&fromage=7";"?";"197000000";"0";"13824927";"?";"170";"?";"whois";"source";"?";"?"
"http://www.indeed.com/q-Nook-l-Palo-Alto-CA-jobs.html";"?";"197000000";"?";"13824927";"?";"170";"?";"whois";"source";"?";"?"
"http://www.indeed.com/l-Palo-Alto-CA-jobs.html";"?";"197000000";"?";"13824927";"?";"170";"?";"whois";"source";"?";"?"
"http://www.indeed.com/salary?q1=Senior+Java+Software+Engineer&l1=Palo+Alto%2C+CA";"?";"197000000";"?";"13824927";"?";"170";"?";"whois";"source";"?";"?"
"http://www.indeed.com/forum/job/Java-Software-Engineer.html";"?";"197000000";"?";"13824927";"?";"170";"?";"whois";"source";"?";"?"
"http://www.indeed.com/forum/loc/Palo-Alto-California.html";"?";"197000000";"?";"13824927";"?";"170";"?";"whois";"source";"?";"?"
"http://www.indeed.com/forum/cmp/Nook.html";"?";"197000000";"?";"13824927";"?";"170";"?";"whois";"source";"?";"?"
"http://www.indeed.com/rc/clk?jk=63dfa1f31a38b847";"?";"197000000";"?";"13824927";"?";"170";"?";"whois";"source";"?";"?"
"http://www.indeed.com/q-Com-l-Chicago-IL-jobs.html";"?";"197000000";"?";"13824927";"?";"170";"?";"whois";"source";"?";"?"
"http://www.indeed.com/l-Chicago-IL-jobs.html";"?";"197000000";"?";"13824927";"?";"170";"?";"whois";"source";"?";"?"
"http://www.indeed.com/salary?q1=Product+Manager&l1=Chicago%2C+IL";"?";"197000000";"?";"13824927";"?";"170";"?";"whois";"source";"?";"?"
"http://www.indeed.com/cmp/2checkout.com-Inc.";"?";"197000000";"?";"13824927";"?";"170";"?";"whois";"source";"?";"?"
"http://www.indeed.com/forum/job/Product-Manager.html";"?";"197000000";"?";"13824927";"?";"170";"?";"whois";"source";"?";"?"
"http://www.indeed.com/forum/loc/Chicago-Illinois.html";"?";"197000000";"?";"13824927";"?";"170";"?";"whois";"source";"?";"?"
"http://www.indeed.com/forum/cmp/2checkout.com%2C-Inc..html";"?";"197000000";"?";"13824927";"?";"170";"?";"whois";"source";"?";"?"
"http://www.indeed.com/rc/clk?jk=da68f1fee335b43d";"?";"197000000";"?";"13824927";"?";"170";"?";"whois";"source";"?";"?"
"http://www.indeed.com/q-Irhythm-l-San-Francisco-CA-jobs.html";"?";"197000000";"?";"13824927";"?";"170";"?";"whois";"source";"?";"?"
"http://www.indeed.com/l-San-Francisco-CA-jobs.html";"?";"197000000";"?";"13824927";"?";"170";"?";"whois";"source";"?";"?"
"http://www.indeed.com/salary?q1=Senior+Software+Engineer&l1=San+Francisco%2C+CA";"?";"197000000";"?";"13824927";"?";"170";"?";"whois";"source";"?";"?"
"http://www.indeed.com/cmp/Irhythm";"?";"197000000";"?";"13824927";"?";"170";"?";"whois";"source";"?";"?"
"http://www.indeed.com/forum/job/Software-Engineer.html";"?";"197000000";"?";"13824927";"?";"170";"?";"whois";"source";"?";"?"
"http://www.indeed.com/forum/loc/SAN-Francisco-California.html";"?";"197000000";"?";"13824927";"?";"170";"?";"whois";"source";"?";"?"
"http://www.indeed.com/forum/cmp/Irhythm.html";"?";"197000000";"?";"13824927";"?";"170";"?";"whois";"source";"?";"?"
"http://www.indeed.com/rc/clk?jk=39d8e8bfb70ba217";"?";"197000000";"?";"13824927";"?";"170";"?";"whois";"source";"?";"?"
"http://www.indeed.com/cmp/Move-Inc./reviews";"?";"197000000";"?";"13824927";"?";"170";"?";"whois";"source";"?";"?"
"http://www.indeed.com/q-Move-l-Los-Angeles-CA-jobs.html";"?";"197000000";"?";"13824927";"?";"170";"?";"whois";"source";"?";"?"
"http://www.indeed.com/l-Los-Angeles-CA-jobs.html";"?";"197000000";"?";"13824927";"?";"170";"?";"whois";"source";"?";"?"
"http://www.indeed.com/salary?q1=Software+Engineer&l1=Los+Angeles%2C+CA";"?";"197000000";"?";"13824927";"?";"170";"?";"whois";"source";"?";"?"
"http://www.indeed.com/cmp/Move-Inc.";"?";"197000000";"?";"13824927";"?";"170";"?";"whois";"source";"?";"?"
"http://www.indeed.com/forum/loc/Los-Angeles-California.html";"?";"197000000";"?";"13824927";"?";"170";"?";"whois";"source";"?";"?"
"http://www.indeed.com/forum/cmp/Move%2C-Inc..html";"?";"197000000";"?";"13824927";"?";"170";"?";"whois";"source";"?";"?"
"http://www.indeed.com/rc/clk?jk=e74eda0d3707748f";"?";"197000000";"?";"13824927";"?";"170";"?";"whois";"source";"?";"?"
"http://www.indeed.com/q-Quality-Systems-l-Atlanta-GA-jobs.html";"?";"197000000";"?";"13824927";"?";"170";"?";"whois";"source";"?";"?"
"http://www.indeed.com/l-Atlanta-GA-jobs.html";"?";"197000000";"?";"13824927";"?";"170";"?";"whois";"source";"?";"?"
"http://www.indeed.com/salary?q1=Senior+Software+Engineer&l1=Atlanta%2C+GA";"?";"197000000";"?";"13824927";"?";"170";"?";"whois";"source";"?";"?"
"http://www.indeed.com/cmp/Quality-Systems-Inc.";"?";"197000000";"?";"13824927";"?";"170";"?";"whois";"source";"?";"?"
"http://www.indeed.com/forum/loc/Atlanta-Georgia.html";"?";"197000000";"?";"13824927";"?";"170";"?";"whois";"source";"?";"?"
"http://www.indeed.com/forum/cmp/Quality-Systems%2C-Inc..html";"?";"197000000";"?";"13824927";"?";"170";"?";"whois";"source";"?";"?"
"http://www.indeed.com/rc/clk?jk=6b433bb451493680";"?";"197000000";"?";"13824927";"?";"170";"?";"whois";"source";"?";"?"
"http://www.indeed.com/cmp/Comcast/reviews";"?";"197000000";"?";"13824927";"?";"170";"?";"whois";"source";"?";"?"
"http://www.indeed.com/q-Comcast-l-Denver-CO-jobs.html";"?";"197000000";"?";"13824927";"?";"170";"?";"whois";"source";"?";"?"
"http://www.indeed.com/l-Denver-CO-jobs.html";"?";"197000000";"?";"13824927";"?";"170";"?";"whois";"source";"?";"?"
"http://www.indeed.com/salary?q1=Senior+Software+Engineer&l1=Denver%2C+CO";"?";"197000000";"?";"13824927";"?";"170";"?";"whois";"source";"?";"?"
"http://www.indeed.com/cmp/Comcast";"?";"197000000";"?";"13824927";"?";"170";"?";"whois";"source";"?";"?"
"http://www.indeed.com/forum/loc/Denver-Colorado.html";"?";"197000000";"?";"13824927";"?";"170";"?";"whois";"source";"?";"?"
"http://www.indeed.com/forum/cmp/Comcast.html";"?";"197000000";"?";"13824927";"?";"170";"?";"whois";"source";"?";"?"
"http://www.indeed.com/rc/clk?jk=e9b85a08fd7b7882";"?";"197000000";"?";"13824927";"?";"170";"?";"whois";"source";"?";"?"
"http://www.indeed.com/salary?q1=Lead+Front+End+Engineer+Social+Music+Connection+Platform&l1=San+Francisco%2C+CA";"?";"197000000";"?";"13824927";"?";"170";"?";"whois";"source";"?";"?"
"http://www.indeed.com/rc/clk?jk=4a5e03e68254f066";"?";"197000000";"?";"13824927";"?";"170";"?";"whois";"source";"?";"?"
"http://www.indeed.com/cmp/Intuit/reviews";"?";"197000000";"?";"13824927";"?";"170";"?";"whois";"source";"?";"?"
"http://www.indeed.com/q-Intuit-l-San-Diego-CA-jobs.html";"?";"197000000";"?";"13824927";"?";"170";"?";"whois";"source";"?";"?"
"http://www.indeed.com/l-San-Diego-CA-jobs.html";"?";"197000000";"?";"13824927";"?";"170";"?";"whois";"source";"?";"?"
"http://www.indeed.com/salary?q1=Senior+Software+Engineer+Quality&l1=San+Diego%2C+CA";"?";"197000000";"?";"13824927";"?";"170";"?";"whois";"source";"?";"?"
"http://www.indeed.com/cmp/Intuit";"?";"197000000";"?";"13824927";"?";"170";"?";"whois";"source";"?";"?"
"http://www.indeed.com/forum/loc/SAN-Diego-California.html";"?";"197000000";"?";"13824927";"?";"170";"?";"whois";"source";"?";"?"
"http://www.indeed.com/forum/cmp/Intuit.html";"?";"197000000";"?";"13824927";"?";"170";"?";"whois";"source";"?";"?"
"http://www.indeed.com/rc/clk?jk=b19f202036ac3bc3";"?";"197000000";"?";"13824927";"?";"170";"?";"whois";"source";"?";"?"
"http://www.indeed.com/q-Urthecast-l-San-Francisco-CA-jobs.html";"?";"197000000";"?";"13824927";"?";"170";"?";"whois";"source";"?";"?"
"http://www.indeed.com/cmp/Urthecast";"?";"197000000";"?";"13824927";"?";"170";"?";"whois";"source";"?";"?"
"http://www.indeed.com/forum/cmp/Urthecast.html";"?";"197000000";"?";"13824927";"?";"170";"?";"whois";"source";"?";"?"
"http://www.indeed.com/rc/clk?jk=2253655423cff2f4";"?";"197000000";"?";"13824927";"?";"170";"?";"whois";"source";"?";"?"
"http://www.indeed.com/cmp/Workbridge-Associates/reviews";"?";"197000000";"?";"13824927";"?";"170";"?";"whois";"source";"?";"?"
"http://www.indeed.com/q-Workbridge-Associates-l-San-Francisco-CA-jobs.html";"?";"197000000";"?";"13824927";"?";"170";"?";"whois";"source";"?";"?"
"http://www.indeed.com/salary?q1=Junior+Software+Engineer&l1=San+Francisco%2C+CA";"?";"197000000";"?";"13824927";"?";"170";"?";"whois";"source";"?";"?"
"http://www.indeed.com/cmp/Workbridge-Associates";"?";"197000000";"?";"13824927";"?";"170";"?";"whois";"source";"?";"?"
"http://www.indeed.com/forum/cmp/Workbridge-Associates.html";"?";"197000000";"?";"13824927";"?";"170";"?";"whois";"source";"?";"?"
"http://www.indeed.com/rc/clk?jk=1f1a64412458a770";"?";"197000000";"?";"13824927";"?";"170";"?";"whois";"source";"?";"?"
"http://www.indeed.com/cmp/HP/reviews";"?";"197000000";"?";"13824927";"?";"170";"?";"whois";"source";"?";"?"
"http://www.indeed.com/q-HP-l-Fort-Collins-CO-jobs.html";"?";"197000000";"?";"13824927";"?";"170";"?";"whois";"source";"?";"?"
"http://www.indeed.com/l-Fort-Collins-CO-jobs.html";"?";"197000000";"?";"13824927";"?";"170";"?";"whois";"source";"?";"?"
"http://www.indeed.com/salary?q1=Senior+Software+Engineer&l1=Fort+Collins%2C+CO";"?";"197000000";"?";"13824927";"?";"170";"?";"whois";"source";"?";"?"
"http://www.indeed.com/cmp/HP";"?";"197000000";"?";"13824927";"?";"170";"?";"whois";"source";"?";"?"
"http://www.indeed.com/forum/loc/Fort-Collins-Colorado.html";"?";"197000000";"?";"13824927";"?";"170";"?";"whois";"source";"?";"?"
"http://www.indeed.com/forum/cmp/HP.html";"?";"197000000";"?";"13824927";"?";"170";"?";"whois";"source";"?";"?"
"http://www.indeed.com/rc/clk?jk=a565cefe5e0fc6bc";"?";"197000000";"?";"13824927";"?";"170";"?";"whois";"source";"?";"?"
"http://www.indeed.com/cmp/Asurion/reviews";"?";"197000000";"?";"13824927";"?";"170";"?";"whois";"source";"?";"?"
"http://www.indeed.com/q-Asurion-l-Nashville-TN-jobs.html";"?";"197000000";"?";"13824927";"?";"170";"?";"whois";"source";"?";"?"
"http://www.indeed.com/l-Nashville-TN-jobs.html";"?";"197000000";"?";"13824927";"?";"170";"?";"whois";"source";"?";"?"
"http://www.indeed.com/salary?q1=Front+End+Java+Developer&l1=Nashville%2C+TN";"?";"197000000";"?";"13824927";"?";"170";"?";"whois";"source";"?";"?"
"http://www.indeed.com/cmp/Asurion";"?";"197000000";"?";"13824927";"?";"170";"?";"whois";"source";"?";"?"
"http://www.indeed.com/forum/loc/Nashville-Tennessee.html";"?";"197000000";"?";"13824927";"?";"170";"?";"whois";"source";"?";"?"
"http://www.indeed.com/forum/cmp/Asurion.html";"?";"197000000";"?";"13824927";"?";"170";"?";"whois";"source";"?";"?"
"http://www.indeed.com/rc/clk?jk=0f95c75d4e56c152";"?";"197000000";"?";"13824927";"?";"170";"?";"whois";"source";"?";"?"
"http://www.indeed.com/q-Turn-l-Redwood-City-CA-jobs.html";"?";"197000000";"?";"13824927";"?";"170";"?";"whois";"source";"?";"?"
"http://www.indeed.com/l-Redwood-City-CA-jobs.html";"?";"197000000";"?";"13824927";"?";"170";"?";"whois";"source";"?";"?"
"http://www.indeed.com/salary?q1=Director&l1=Redwood+City%2C+CA";"?";"197000000";"?";"13824927";"?";"170";"?";"whois";"source";"?";"?"
"http://www.indeed.com/forum/loc/Redwood-City-California.html";"?";"197000000";"?";"13824927";"?";"170";"?";"whois";"source";"?";"?"
"http://www.indeed.com/forum/cmp/Turn.html";"?";"197000000";"?";"13824927";"?";"170";"?";"whois";"source";"?";"?"
"http://www.indeed.com/rc/clk?jk=cd2de4f6415e73ea";"?";"197000000";"?";"13824927";"?";"170";"?";"whois";"source";"?";"?"
"http://www.indeed.com/q-Sparkcentral-l-San-Francisco-CA-jobs.html";"?";"197000000";"?";"13824927";"?";"170";"?";"whois";"source";"?";"?"
"http://www.indeed.com/forum/cmp/Sparkcentral.html";"?";"197000000";"?";"13824927";"?";"170";"?";"whois";"source";"?";"?"
"http://www.indeed.com/rc/clk?jk=4d97fe7850e6fc03";"?";"197000000";"?";"13824927";"?";"170";"?";"whois";"source";"?";"?"
"http://www.indeed.com/jobs?q=startup+%22software+engineer%22&rbt=Software+Engineer+-+Infrastructure+Systems&rbc=Zaius&jtid=90ee26b051e7a9ac&jcid=78b011eb2933fad3&jt=fulltime&limit=100&fromage=7&grp=tcl";"?";"197000000";"?";"13824927";"?";"170";"?";"whois";"source";"?";"?"
"http://www.indeed.com/q-Zaius-l-Leesburg-FL-jobs.html";"?";"197000000";"?";"13824927";"?";"170";"?";"whois";"source";"?";"?"
"http://www.indeed.com/l-Leesburg-FL-jobs.html";"?";"197000000";"?";"13824927";"?";"170";"?";"whois";"source";"?";"?"
"http://www.indeed.com/salary?q1=Software+Engineer&l1=Leesburg%2C+FL";"?";"197000000";"?";"13824927";"?";"170";"?";"whois";"source";"?";"?"
"http://www.indeed.com/forum/loc/Leesburg-Florida.html";"?";"197000000";"?";"13824927";"?";"170";"?";"whois";"source";"?";"?"
"http://www.indeed.com/forum/cmp/Zaius.html";"?";"197000000";"?";"13824927";"?";"170";"?";"whois";"source";"?";"?"
"http://www.indeed.com/rc/clk?jk=81fb94c9410ead91";"?";"197000000";"?";"13824927";"?";"170";"?";"whois";"source";"?";"?"
"http://www.indeed.com/q-Manufacturing-Technology-l-South-Bend-IN-jobs.html";"?";"197000000";"?";"13824927";"?";"170";"?";"whois";"source";"?";"?"
"http://www.indeed.com/l-South-Bend-IN-jobs.html";"?";"197000000";"?";"13824927";"?";"170";"?";"whois";"source";"?";"?"
"http://www.indeed.com/salary?q1=Software+Engineer+Control+System+Worldwide+Custom+Machine+Builder&l1=South+Bend%2C+IN";"?";"197000000";"?";"13824927";"?";"170";"?";"whois";"source";"?";"?"
"http://www.indeed.com/cmp/Manufacturing-Technology-Inc.";"?";"197000000";"?";"13824927";"?";"170";"?";"whois";"source";"?";"?"
"http://www.indeed.com/forum/loc/South-Bend-Indiana.html";"?";"197000000";"?";"13824927";"?";"170";"?";"whois";"source";"?";"?"
"http://www.indeed.com/forum/cmp/Manufacturing-Technology%2C-Inc..html";"?";"197000000";"?";"13824927";"?";"170";"?";"whois";"source";"?";"?"
"http://www.indeed.com/rc/clk?jk=c3b894c77b7f803b";"?";"197000000";"?";"13824927";"?";"170";"?";"whois";"source";"?";"?"
"http://www.indeed.com/q-Stafftopia-l-Mountain-View-CA-jobs.html";"?";"197000000";"?";"13824927";"?";"170";"?";"whois";"source";"?";"?"
"http://www.indeed.com/l-Mountain-View-CA-jobs.html";"?";"197000000";"?";"13824927";"?";"170";"?";"whois";"source";"?";"?"
"http://www.indeed.com/salary?q1=Titanium+Studio+Senior+Software+Engineer&l1=Mountain+View%2C+CA";"?";"197000000";"?";"13824927";"?";"170";"?";"whois";"source";"?";"?"
"http://www.indeed.com/cmp/Stafftopia";"?";"197000000";"?";"13824927";"?";"170";"?";"whois";"source";"?";"?"
"http://www.indeed.com/forum/loc/Mountain-View-California.html";"?";"197000000";"?";"13824927";"?";"170";"?";"whois";"source";"?";"?"
"http://www.indeed.com/forum/cmp/Stafftopia.html";"?";"197000000";"?";"13824927";"?";"170";"?";"whois";"source";"?";"?"
"http://www.indeed.com/rc/clk?jk=92eb63a3416f3962";"?";"197000000";"?";"13824927";"?";"170";"?";"whois";"source";"?";"?"
"http://www.indeed.com/q-Elevate-Recruiting-Group-l-Sausalito-CA-jobs.html";"?";"197000000";"?";"13824927";"?";"170";"?";"whois";"source";"?";"?"
"http://www.indeed.com/l-Sausalito-CA-jobs.html";"?";"197000000";"?";"13824927";"?";"170";"?";"whois";"source";"?";"?"
"http://www.indeed.com/salary?q1=Senior+Java+Software+Engineer&l1=Sausalito%2C+CA";"?";"197000000";"?";"13824927";"?";"170";"?";"whois";"source";"?";"?"
"http://www.indeed.com/forum/loc/Sausalito-California.html";"?";"197000000";"?";"13824927";"?";"170";"?";"whois";"source";"?";"?"
"http://www.indeed.com/forum/cmp/Elevate-Recruiting-Group.html";"?";"197000000";"?";"13824927";"?";"170";"?";"whois";"source";"?";"?"
"http://www.indeed.com/rc/clk?jk=c17eb700d88e6e28";"?";"197000000";"?";"13824927";"?";"170";"?";"whois";"source";"?";"?"
"http://www.indeed.com/cmp/Yahoo/reviews";"?";"197000000";"?";"13824927";"?";"170";"?";"whois";"source";"?";"?"
"http://www.indeed.com/q-Yahoo-l-Sunnyvale-CA-jobs.html";"?";"197000000";"?";"13824927";"?";"170";"?";"whois";"source";"?";"?"
"http://www.indeed.com/l-Sunnyvale-CA-jobs.html";"?";"197000000";"?";"13824927";"?";"170";"?";"whois";"source";"?";"?"
"http://www.indeed.com/salary?q1=Tech&l1=Sunnyvale%2C+CA";"?";"197000000";"?";"13824927";"?";"170";"?";"whois";"source";"?";"?"
"http://www.indeed.com/cmp/Yahoo";"?";"197000000";"?";"13824927";"?";"170";"?";"whois";"source";"?";"?"
"http://www.indeed.com/forum/loc/Sunnyvale-California.html";"?";"197000000";"?";"13824927";"?";"170";"?";"whois";"source";"?";"?"
"http://www.indeed.com/forum/cmp/Yahoo.html";"?";"197000000";"?";"13824927";"?";"170";"?";"whois";"source";"?";"?"
"http://www.indeed.com/rc/clk?jk=9b3480bbc4559768";"?";"197000000";"?";"13824927";"?";"170";"?";"whois";"source";"?";"?"
"http://www.indeed.com/cmp/Hotwire/reviews";"?";"197000000";"?";"13824927";"?";"170";"?";"whois";"source";"?";"?"
"http://www.indeed.com/q-Hotwire-l-San-Francisco-CA-jobs.html";"?";"197000000";"?";"13824927";"?";"170";"?";"whois";"source";"?";"?"
"http://www.indeed.com/cmp/Hotwire";"?";"197000000";"?";"13824927";"?";"170";"?";"whois";"source";"?";"?"
"http://www.indeed.com/forum/cmp/Hotwire.html";"?";"197000000";"?";"13824927";"?";"170";"?";"whois";"source";"?";"?"
"http://www.indeed.com/rc/clk?jk=2b451d50c197f3c8";"?";"197000000";"?";"13824927";"?";"170";"?";"whois";"source";"?";"?"
"http://www.indeed.com/salary?q1=Senior+Search+Engineer&l1=Sausalito%2C+CA";"?";"197000000";"?";"13824927";"?";"170";"?";"whois";"source";"?";"?"
"http://www.indeed.com/rc/clk?jk=36e3a3e195ffa46d";"?";"197000000";"?";"13824927";"?";"170";"?";"whois";"source";"?";"?"
"http://www.indeed.com/q-Elevate-Recruiting-Group-l-New-York-NY-jobs.html";"?";"197000000";"?";"13824927";"?";"170";"?";"whois";"source";"?";"?"
"http://www.indeed.com/l-New-York-NY-jobs.html";"?";"197000000";"?";"13824927";"?";"170";"?";"whois";"source";"?";"?"
"http://www.indeed.com/salary?q1=Senior+Python+Engineer&l1=New+York%2C+NY";"?";"197000000";"?";"13824927";"?";"170";"?";"whois";"source";"?";"?"
"http://www.indeed.com/forum/loc/New-York-New-York.html";"?";"197000000";"?";"13824927";"?";"170";"?";"whois";"source";"?";"?"
"http://www.indeed.com/rc/clk?jk=77e1360ff2b61b19";"?";"197000000";"?";"13824927";"?";"170";"?";"whois";"source";"?";"?"
"http://www.indeed.com/q-Healthsparq-l-Portland-OR-jobs.html";"?";"197000000";"?";"13824927";"?";"170";"?";"whois";"source";"?";"?"
"http://www.indeed.com/l-Portland-OR-jobs.html";"?";"197000000";"?";"13824927";"?";"170";"?";"whois";"source";"?";"?"
"http://www.indeed.com/salary?q1=Software+Developer+Test&l1=Portland%2C+OR";"?";"197000000";"?";"13824927";"?";"170";"?";"whois";"source";"?";"?"
"http://www.indeed.com/forum/loc/Portland-Oregon.html";"?";"197000000";"?";"13824927";"?";"170";"?";"whois";"source";"?";"?"
"http://www.indeed.com/forum/cmp/Healthsparq.html";"?";"197000000";"?";"13824927";"?";"170";"?";"whois";"source";"?";"?"
"http://www.indeed.com/rc/clk?jk=7d168b54d9f32e7a";"?";"197000000";"?";"13824927";"?";"170";"?";"whois";"source";"?";"?"
"http://www.indeed.com/cmp/ADP/reviews";"?";"197000000";"?";"13824927";"?";"170";"?";"whois";"source";"?";"?"
"http://www.indeed.com/q-ADP-l-New-York-NY-jobs.html";"?";"197000000";"?";"13824927";"?";"170";"?";"whois";"source";"?";"?"
"http://www.indeed.com/salary?q1=Software+Engineer+Architect&l1=New+York%2C+NY";"?";"197000000";"?";"13824927";"?";"170";"?";"whois";"source";"?";"?"
"http://www.indeed.com/cmp/ADP";"?";"197000000";"?";"13824927";"?";"170";"?";"whois";"source";"?";"?"
"http://www.indeed.com/forum/cmp/ADP.html";"?";"197000000";"?";"13824927";"?";"170";"?";"whois";"source";"?";"?"
"http://www.indeed.com/rc/clk?jk=defcd66ddb208fa0";"?";"197000000";"?";"13824927";"?";"170";"?";"whois";"source";"?";"?"
"http://www.indeed.com/rc/clk?jk=1405fc41e3da6109";"?";"197000000";"?";"13824927";"?";"170";"?";"whois";"source";"?";"?"
"http://www.indeed.com/salary?q1=Part+Time+Afternoon+Nanny+Infant&l1=Sunnyvale%2C+CA";"?";"197000000";"?";"13824927";"?";"170";"?";"whois";"source";"?";"?"
"http://www.indeed.com/rc/clk?jk=9adc74e2af156413";"?";"197000000";"?";"13824927";"?";"170";"?";"whois";"source";"?";"?"
"http://www.indeed.com/cmp/Citrix-Systems-Inc./reviews";"?";"197000000";"?";"13824927";"?";"170";"?";"whois";"source";"?";"?"
"http://www.indeed.com/q-Citrix-l-Santa-Barbara-CA-jobs.html";"?";"197000000";"?";"13824927";"?";"170";"?";"whois";"source";"?";"?"
"http://www.indeed.com/l-Santa-Barbara-CA-jobs.html";"?";"197000000";"?";"13824927";"?";"170";"?";"whois";"source";"?";"?"
"http://www.indeed.com/salary?q1=Senior+Software+Engineer&l1=Santa+Barbara%2C+CA";"?";"197000000";"?";"13824927";"?";"170";"?";"whois";"source";"?";"?"
"http://www.indeed.com/cmp/Citrix-Systems-Inc.";"?";"197000000";"?";"13824927";"?";"170";"?";"whois";"source";"?";"?"
"http://www.indeed.com/forum/loc/Santa-Barbara-California.html";"?";"197000000";"?";"13824927";"?";"170";"?";"whois";"source";"?";"?"
"http://www.indeed.com/forum/cmp/Citrix-Systems-Inc..html";"?";"197000000";"?";"13824927";"?";"170";"?";"whois";"source";"?";"?"
"http://www.indeed.com/rc/clk?jk=f87492bce8b237d7";"?";"197000000";"?";"13824927";"?";"170";"?";"whois";"source";"?";"?"
"http://www.indeed.com/cmp/Universal-Software/reviews";"?";"197000000";"?";"13824927";"?";"170";"?";"whois";"source";"?";"?"
"http://www.indeed.com/jobs?q=Universal+Software+Corporation&l=Burlington+MA&nc=jasx";"?";"197000000";"?";"13824927";"?";"170";"?";"whois";"source";"?";"?"
"http://www.indeed.com/l-Burlington-MA-jobs.html";"?";"197000000";"?";"13824927";"?";"170";"?";"whois";"source";"?";"?"
"http://www.indeed.com/salary?q1=Java+or+Python+Ui+Developer&l1=Burlington%2C+MA";"?";"197000000";"?";"13824927";"?";"170";"?";"whois";"source";"?";"?"
"http://www.indeed.com/cmp/Universal-Software";"?";"197000000";"?";"13824927";"?";"170";"?";"whois";"source";"?";"?"
"http://www.indeed.com/forum/job/Java-Developer.html";"?";"197000000";"?";"13824927";"?";"170";"?";"whois";"source";"?";"?"
"http://www.indeed.com/forum/loc/Burlington-Massachusetts.html";"?";"197000000";"?";"13824927";"?";"170";"?";"whois";"source";"?";"?"
"http://www.indeed.com/forum/cmp/Universal-Software.html";"?";"197000000";"?";"13824927";"?";"170";"?";"whois";"source";"?";"?"
"http://www.indeed.com/rc/clk?jk=15793e4b48a70cc9";"?";"197000000";"?";"13824927";"?";"170";"?";"whois";"source";"?";"?"
"http://www.indeed.com/salary?q1=Staff+Lead+Software+Engineer+%C3%82+Platform+Engineering&l1=Santa+Barbara%2C+CA";"?";"197000000";"?";"13824927";"?";"170";"?";"whois";"source";"?";"?"
"http://www.indeed.com/rc/clk?jk=7b6670723fb1d1e4";"?";"197000000";"?";"13824927";"?";"170";"?";"whois";"source";"?";"?"
"http://www.indeed.com/q-The-Bivium-Group-l-Boston-MA-jobs.html";"?";"197000000";"?";"13824927";"?";"170";"?";"whois";"source";"?";"?"
"http://www.indeed.com/l-Boston-MA-jobs.html";"?";"197000000";"?";"13824927";"?";"170";"?";"whois";"source";"?";"?"
"http://www.indeed.com/salary?q1=Lead+Rail&l1=Boston%2C+MA";"?";"197000000";"?";"13824927";"?";"170";"?";"whois";"source";"?";"?"
"http://www.indeed.com/cmp/The-Bivium-Group";"?";"197000000";"?";"13824927";"?";"170";"?";"whois";"source";"?";"?"
"http://www.indeed.com/forum/loc/Boston-Massachusetts.html";"?";"197000000";"?";"13824927";"?";"170";"?";"whois";"source";"?";"?"
"http://www.indeed.com/forum/cmp/The-Bivium-Group.html";"?";"197000000";"?";"13824927";"?";"170";"?";"whois";"source";"?";"?"
"http://www.indeed.com/rc/clk?jk=8bd7da3563f68090";"?";"197000000";"?";"13824927";"?";"170";"?";"whois";"source";"?";"?"
"http://www.indeed.com/q-Comcast-Cable-l-Denver-CO-jobs.html";"?";"197000000";"?";"13824927";"?";"170";"?";"whois";"source";"?";"?"
"http://www.indeed.com/rc/clk?jk=b7f9862336057453";"?";"197000000";"?";"13824927";"?";"170";"?";"whois";"source";"?";"?"
"http://www.indeed.com/q-Searchtech-Consulting-l-San-Mateo-CA-jobs.html";"?";"197000000";"?";"13824927";"?";"170";"?";"whois";"source";"?";"?"
"http://www.indeed.com/l-San-Mateo-CA-jobs.html";"?";"197000000";"?";"13824927";"?";"170";"?";"whois";"source";"?";"?"
"http://www.indeed.com/salary?q1=Lead+Web+Ui+Application+Software+Engineer&l1=San+Mateo%2C+CA";"?";"197000000";"?";"13824927";"?";"170";"?";"whois";"source";"?";"?"
"http://www.indeed.com/forum/loc/SAN-Mateo-California.html";"?";"197000000";"?";"13824927";"?";"170";"?";"whois";"source";"?";"?"
"http://www.indeed.com/forum/cmp/Searchtech-Consulting%2C-Inc.html";"?";"197000000";"?";"13824927";"?";"170";"?";"whois";"source";"?";"?"
"http://www.indeed.com/rc/clk?jk=887835410f06bff4";"?";"197000000";"?";"13824927";"?";"170";"?";"whois";"source";"?";"?"
"http://www.indeed.com/q-Schoology-l-New-York-NY-jobs.html";"?";"197000000";"?";"13824927";"?";"170";"?";"whois";"source";"?";"?"
"http://www.indeed.com/salary?q1=Software+Engineer&l1=New+York%2C+NY";"?";"197000000";"?";"13824927";"?";"170";"?";"whois";"source";"?";"?"
"http://www.indeed.com/forum/cmp/Schoology.html";"?";"197000000";"?";"13824927";"?";"170";"?";"whois";"source";"?";"?"
"http://www.indeed.com/rc/clk?jk=25308f7fc456283e";"?";"197000000";"?";"13824927";"?";"170";"?";"whois";"source";"?";"?"
"http://www.indeed.com/q-Redbeacon-l-San-Mateo-CA-jobs.html";"?";"197000000";"?";"13824927";"?";"170";"?";"whois";"source";"?";"?"
"http://www.indeed.com/salary?q1=Software+Engineer&l1=San+Mateo%2C+CA";"?";"197000000";"?";"13824927";"?";"170";"?";"whois";"source";"?";"?"
"http://www.indeed.com/forum/cmp/Redbeacon-%28a-Subsidiary-of-the-Home-Depot%29.html";"?";"197000000";"?";"13824927";"?";"170";"?";"whois";"source";"?";"?"
"http://www.indeed.com/rc/clk?jk=6d7612eaf0f18ba7";"?";"197000000";"?";"13824927";"?";"170";"?";"whois";"source";"?";"?"
"http://www.indeed.com/rc/clk?jk=5178adf352939a8b";"?";"197000000";"?";"13824927";"?";"170";"?";"whois";"source";"?";"?"
"http://www.indeed.com/rc/clk?jk=0a8d8d48b5fab965";"?";"197000000";"?";"13824927";"?";"170";"?";"whois";"source";"?";"?"
"http://www.indeed.com/salary?q1=Junior+Software+Engineer&l1=San+Mateo%2C+CA";"?";"197000000";"?";"13824927";"?";"170";"?";"whois";"source";"?";"?"
"http://www.indeed.com/rc/clk?jk=290658f4385569b5";"?";"197000000";"?";"13824927";"?";"170";"?";"whois";"source";"?";"?"
"http://www.indeed.com/q-Viyet-l-New-York-NY-jobs.html";"?";"197000000";"?";"13824927";"?";"170";"?";"whois";"source";"?";"?"
"http://www.indeed.com/salary?q1=Software+Engineer+Intern&l1=New+York%2C+NY";"?";"197000000";"?";"13824927";"?";"170";"?";"whois";"source";"?";"?"
"http://www.indeed.com/forum/cmp/Viyet.html";"?";"197000000";"?";"13824927";"?";"170";"?";"whois";"source";"?";"?"
"http://www.indeed.com/rc/clk?jk=4f1cad842e40e4ee";"?";"197000000";"?";"13824927";"?";"170";"?";"whois";"source";"?";"?"
"http://www.indeed.com/q-Quirky-l-New-York-NY-jobs.html";"?";"197000000";"?";"13824927";"?";"170";"?";"whois";"source";"?";"?"
"http://www.indeed.com/forum/cmp/Quirky-Incorporated.html";"?";"197000000";"?";"13824927";"?";"170";"?";"whois";"source";"?";"?"
"http://www.indeed.com/rc/clk?jk=a72c9cbeed8917d2";"?";"197000000";"?";"13824927";"?";"170";"?";"whois";"source";"?";"?"
"http://www.indeed.com/q-Counsyl-l-South-San-Francisco-CA-jobs.html";"?";"197000000";"?";"13824927";"?";"170";"?";"whois";"source";"?";"?"
"http://www.indeed.com/l-South-San-Francisco-CA-jobs.html";"?";"197000000";"?";"13824927";"?";"170";"?";"whois";"source";"?";"?"
"http://www.indeed.com/salary?q1=Software+Engineer&l1=South+San+Francisco%2C+CA";"?";"197000000";"?";"13824927";"?";"170";"?";"whois";"source";"?";"?"
"http://www.indeed.com/cmp/Counsyl";"?";"197000000";"?";"13824927";"?";"170";"?";"whois";"source";"?";"?"
"http://www.indeed.com/forum/loc/South-SAN-Francisco-California.html";"?";"197000000";"?";"13824927";"?";"170";"?";"whois";"source";"?";"?"
"http://www.indeed.com/forum/cmp/Counsyl.html";"?";"197000000";"?";"13824927";"?";"170";"?";"whois";"source";"?";"?"
"http://www.indeed.com/rc/clk?jk=082eb57ac1f1564e";"?";"197000000";"?";"13824927";"?";"170";"?";"whois";"source";"?";"?"
"http://www.indeed.com/q-Intronis-l-Chelmsford-MA-jobs.html";"?";"197000000";"?";"13824927";"?";"170";"?";"whois";"source";"?";"?"
"http://www.indeed.com/l-Chelmsford-MA-jobs.html";"?";"197000000";"?";"13824927";"?";"170";"?";"whois";"source";"?";"?"
"http://www.indeed.com/salary?q1=Software+Engineer&l1=Chelmsford%2C+MA";"?";"197000000";"?";"13824927";"?";"170";"?";"whois";"source";"?";"?"
"http://www.indeed.com/cmp/Intronis";"?";"197000000";"?";"13824927";"?";"170";"?";"whois";"source";"?";"?"
"http://www.indeed.com/forum/loc/Chelmsford-Massachusetts.html";"?";"197000000";"?";"13824927";"?";"170";"?";"whois";"source";"?";"?"
"http://www.indeed.com/forum/cmp/Intronis.html";"?";"197000000";"?";"13824927";"?";"170";"?";"whois";"source";"?";"?"
"http://www.indeed.com/rc/clk?jk=6a98eacd6f9e398c";"?";"197000000";"?";"13824927";"?";"170";"?";"whois";"source";"?";"?"
"http://www.indeed.com/salary?q1=Software+Engineer&l1=Atlanta%2C+GA";"?";"197000000";"?";"13824927";"?";"170";"?";"whois";"source";"?";"?"
"http://www.indeed.com/rc/clk?jk=98b69c67a27739bb";"?";"197000000";"?";"13824927";"?";"170";"?";"whois";"source";"?";"?"
"http://www.indeed.com/jobs?q=startup+%22software+engineer%22&rbt=Staff+Software+Engineer&rbc=Intuit&jtid=74db148ccb6f60b3&jcid=9784ae78e9834539&jt=fulltime&limit=100&fromage=7&grp=tcl";"?";"197000000";"?";"13824927";"?";"170";"?";"whois";"source";"?";"?"
"http://www.indeed.com/q-Intuit-l-Mountain-View-CA-jobs.html";"?";"197000000";"?";"13824927";"?";"170";"?";"whois";"source";"?";"?"
"http://www.indeed.com/salary?q1=Staff+Software+Engineer&l1=Mountain+View%2C+CA";"?";"197000000";"?";"13824927";"?";"170";"?";"whois";"source";"?";"?"
"http://www.indeed.com/rc/clk?jk=e627c0cbf78647b6";"?";"197000000";"?";"13824927";"?";"170";"?";"whois";"source";"?";"?"
"http://www.indeed.com/q-Airware-l-San-Francisco-CA-jobs.html";"?";"197000000";"?";"13824927";"?";"170";"?";"whois";"source";"?";"?"
"http://www.indeed.com/salary?q1=Embedded+Software+Engineer&l1=San+Francisco%2C+CA";"?";"197000000";"?";"13824927";"?";"170";"?";"whois";"source";"?";"?"
"http://www.indeed.com/cmp/Airware";"?";"197000000";"?";"13824927";"?";"170";"?";"whois";"source";"?";"?"
"http://www.indeed.com/forum/job/Embedded-Software-Engineer.html";"?";"197000000";"?";"13824927";"?";"170";"?";"whois";"source";"?";"?"
"http://www.indeed.com/forum/cmp/Airware.html";"?";"197000000";"?";"13824927";"?";"170";"?";"whois";"source";"?";"?"
"http://www.indeed.com/rc/clk?jk=418afc488a4f184a";"?";"197000000";"?";"13824927";"?";"170";"?";"whois";"source";"?";"?"
"http://www.indeed.com/jobs?q=startup+%22software+engineer%22&rbt=Software+Engineer%2C+Android&rbc=Quirky&jtid=e210bcd5cbd64976&jcid=173ec42c092e25a5&jt=fulltime&limit=100&fromage=7&grp=tcl";"?";"197000000";"?";"13824927";"?";"170";"?";"whois";"source";"?";"?"
"http://www.indeed.com/cmp/Quirky";"?";"197000000";"?";"13824927";"?";"170";"?";"whois";"source";"?";"?"
"http://www.indeed.com/forum/cmp/Quirky.html";"?";"197000000";"?";"13824927";"?";"170";"?";"whois";"source";"?";"?"
"http://www.indeed.com/rc/clk?jk=6554400305a6a559";"?";"197000000";"?";"13824927";"?";"170";"?";"whois";"source";"?";"?"
"http://www.indeed.com/q-Wallflowr-l-Cambridge-MA-jobs.html";"?";"197000000";"?";"13824927";"?";"170";"?";"whois";"source";"?";"?"
"http://www.indeed.com/l-Cambridge-MA-jobs.html";"?";"197000000";"?";"13824927";"?";"170";"?";"whois";"source";"?";"?"
"http://www.indeed.com/salary?q1=Firmware+Software+Engineer&l1=Cambridge%2C+MA";"?";"197000000";"?";"13824927";"?";"170";"?";"whois";"source";"?";"?"
"http://www.indeed.com/forum/loc/Cambridge-Massachusetts.html";"?";"197000000";"?";"13824927";"?";"170";"?";"whois";"source";"?";"?"
"http://www.indeed.com/forum/cmp/Wallflowr.html";"?";"197000000";"?";"13824927";"?";"170";"?";"whois";"source";"?";"?"
"http://www.indeed.com/rc/clk?jk=3c635616df97df1b";"?";"197000000";"?";"13824927";"?";"170";"?";"whois";"source";"?";"?"
"http://www.indeed.com/salary?q1=Software+Engineer&l1=San+Diego%2C+CA";"?";"197000000";"?";"13824927";"?";"170";"?";"whois";"source";"?";"?"
"http://www.indeed.com/rc/clk?jk=a627e594e8a54480";"?";"197000000";"?";"13824927";"?";"170";"?";"whois";"source";"?";"?"
"http://www.indeed.com/q-Maxpoint-l-Austin-TX-jobs.html";"?";"197000000";"?";"13824927";"?";"170";"?";"whois";"source";"?";"?"
"http://www.indeed.com/l-Austin-TX-jobs.html";"?";"197000000";"?";"13824927";"?";"170";"?";"whois";"source";"?";"?"
"http://www.indeed.com/salary?q1=Software+Engineer&l1=Austin%2C+TX";"?";"197000000";"?";"13824927";"?";"170";"?";"whois";"source";"?";"?"
"http://www.indeed.com/cmp/Maxpoint";"?";"197000000";"?";"13824927";"?";"170";"?";"whois";"source";"?";"?"
"http://www.indeed.com/forum/loc/Austin-Texas.html";"?";"197000000";"?";"13824927";"?";"170";"?";"whois";"source";"?";"?"
"http://www.indeed.com/forum/cmp/Maxpoint.html";"?";"197000000";"?";"13824927";"?";"170";"?";"whois";"source";"?";"?"
"http://www.indeed.com/rc/clk?jk=725edf065d0d975f";"?";"197000000";"?";"13824927";"?";"170";"?";"whois";"source";"?";"?"
"http://www.indeed.com/q-Cvent-l-McLean-VA-jobs.html";"?";"197000000";"?";"13824927";"?";"170";"?";"whois";"source";"?";"?"
"http://www.indeed.com/l-McLean-VA-jobs.html";"?";"197000000";"?";"13824927";"?";"170";"?";"whois";"source";"?";"?"
"http://www.indeed.com/salary?q1=Software+Engineer&l1=McLean%2C+VA";"?";"197000000";"?";"13824927";"?";"170";"?";"whois";"source";"?";"?"
"http://www.indeed.com/cmp/Cvent";"?";"197000000";"?";"13824927";"?";"170";"?";"whois";"source";"?";"?"
"http://www.indeed.com/forum/loc/Mclean-Virginia.html";"?";"197000000";"?";"13824927";"?";"170";"?";"whois";"source";"?";"?"
"http://www.indeed.com/forum/cmp/Cvent.html";"?";"197000000";"?";"13824927";"?";"170";"?";"whois";"source";"?";"?"
"http://www.indeed.com/rc/clk?jk=fa04460b59d19b31";"?";"197000000";"?";"13824927";"?";"170";"?";"whois";"source";"?";"?"
"http://www.indeed.com/q-Gatherdocs-l-Philadelphia-PA-jobs.html";"?";"197000000";"?";"13824927";"?";"170";"?";"whois";"source";"?";"?"
"http://www.indeed.com/l-Philadelphia-PA-jobs.html";"?";"197000000";"?";"13824927";"?";"170";"?";"whois";"source";"?";"?"
"http://www.indeed.com/salary?q1=Software+Engineer&l1=Philadelphia%2C+PA";"?";"197000000";"?";"13824927";"?";"170";"?";"whois";"source";"?";"?"
"http://www.indeed.com/forum/loc/Philadelphia-Pennsylvania.html";"?";"197000000";"?";"13824927";"?";"170";"?";"whois";"source";"?";"?"
"http://www.indeed.com/forum/cmp/Gatherdocs.html";"?";"197000000";"?";"13824927";"?";"170";"?";"whois";"source";"?";"?"
"http://www.indeed.com/rc/clk?jk=e5518e2ba364a505";"?";"197000000";"?";"13824927";"?";"170";"?";"whois";"source";"?";"?"
"http://www.indeed.com/q-Work-Market-l-New-York-NY-jobs.html";"?";"197000000";"?";"13824927";"?";"170";"?";"whois";"source";"?";"?"
"http://www.indeed.com/salary?q1=Serious+Software+Engineer&l1=New+York%2C+NY";"?";"197000000";"?";"13824927";"?";"170";"?";"whois";"source";"?";"?"
"http://www.indeed.com/cmp/Work-Market";"?";"197000000";"?";"13824927";"?";"170";"?";"whois";"source";"?";"?"
"http://www.indeed.com/forum/cmp/Work-Market.html";"?";"197000000";"?";"13824927";"?";"170";"?";"whois";"source";"?";"?"
"http://www.indeed.com/rc/clk?jk=bc1175c1c208b48f";"?";"197000000";"?";"13824927";"?";"170";"?";"whois";"source";"?";"?"
"http://www.indeed.com/cmp/Cisco/reviews";"?";"197000000";"?";"13824927";"?";"170";"?";"whois";"source";"?";"?"
"http://www.indeed.com/q-Cisco-Systems-l-San-Jose-CA-jobs.html";"?";"197000000";"?";"13824927";"?";"170";"?";"whois";"source";"?";"?"
"http://www.indeed.com/l-San-Jose-CA-jobs.html";"?";"197000000";"?";"13824927";"?";"170";"?";"whois";"source";"?";"?"
"http://www.indeed.com/salary?q1=Openstack+Software+Engineer&l1=San+Jose%2C+CA";"?";"197000000";"?";"13824927";"?";"170";"?";"whois";"source";"?";"?"
"http://www.indeed.com/cmp/Cisco";"?";"197000000";"?";"13824927";"?";"170";"?";"whois";"source";"?";"?"
"http://www.indeed.com/forum/loc/SAN-Jose-California.html";"?";"197000000";"?";"13824927";"?";"170";"?";"whois";"source";"?";"?"
"http://www.indeed.com/forum/cmp/Cisco.html";"?";"197000000";"?";"13824927";"?";"170";"?";"whois";"source";"?";"?"
"http://www.indeed.com/rc/clk?jk=ce7a181647e18158";"?";"197000000";"?";"13824927";"?";"170";"?";"whois";"source";"?";"?"
"http://www.indeed.com/cmp/Bleacher-Report/reviews";"?";"197000000";"?";"13824927";"?";"170";"?";"whois";"source";"?";"?"
"http://www.indeed.com/q-Bleacher-Report-l-San-Francisco-CA-jobs.html";"?";"197000000";"?";"13824927";"?";"170";"?";"whois";"source";"?";"?"
"http://www.indeed.com/salary?q1=Software+Engineer&l1=San+Francisco%2C+CA";"?";"197000000";"?";"13824927";"?";"170";"?";"whois";"source";"?";"?"
"http://www.indeed.com/cmp/Bleacher-Report";"?";"197000000";"?";"13824927";"?";"170";"?";"whois";"source";"?";"?"
"http://www.indeed.com/forum/cmp/Bleacher-Report.html";"?";"197000000";"?";"13824927";"?";"170";"?";"whois";"source";"?";"?"
"http://www.indeed.com/rc/clk?jk=8df834282db50959";"?";"197000000";"?";"13824927";"?";"170";"?";"whois";"source";"?";"?"
"http://www.indeed.com/q-Kiva-Systems-l-Woburn-MA-jobs.html";"?";"197000000";"?";"13824927";"?";"170";"?";"whois";"source";"?";"?"
"http://www.indeed.com/l-Woburn-MA-jobs.html";"?";"197000000";"?";"13824927";"?";"170";"?";"whois";"source";"?";"?"
"http://www.indeed.com/salary?q1=Software+Development+Engineer&l1=Woburn%2C+MA";"?";"197000000";"?";"13824927";"?";"170";"?";"whois";"source";"?";"?"
"http://www.indeed.com/forum/loc/Woburn-Massachusetts.html";"?";"197000000";"?";"13824927";"?";"170";"?";"whois";"source";"?";"?"
"http://www.indeed.com/forum/cmp/Kiva-Systems%2C-LLC.html";"?";"197000000";"?";"13824927";"?";"170";"?";"whois";"source";"?";"?"
"http://www.indeed.com/rc/clk?jk=54f0734a928a6495";"?";"197000000";"?";"13824927";"?";"170";"?";"whois";"source";"?";"?"
"http://www.indeed.com/cmp/Amazon.com/reviews";"?";"197000000";"?";"13824927";"?";"170";"?";"whois";"source";"?";"?"
"http://www.indeed.com/q-Amazon-Corporate-l-Seattle-WA-jobs.html";"?";"197000000";"?";"13824927";"?";"170";"?";"whois";"source";"?";"?"
"http://www.indeed.com/l-Seattle-WA-jobs.html";"?";"197000000";"?";"13824927";"?";"170";"?";"whois";"source";"?";"?"
"http://www.indeed.com/salary?q1=Software+Development+Engineer&l1=Seattle%2C+WA";"?";"197000000";"?";"13824927";"?";"170";"?";"whois";"source";"?";"?"
"http://www.indeed.com/cmp/Amazon.com";"?";"197000000";"?";"13824927";"?";"170";"?";"whois";"source";"?";"?"
"http://www.indeed.com/forum/loc/Seattle-Washington.html";"?";"197000000";"?";"13824927";"?";"170";"?";"whois";"source";"?";"?"
"http://www.indeed.com/forum/cmp/Amazon.com.html";"?";"197000000";"?";"13824927";"?";"170";"?";"whois";"source";"?";"?"
"http://www.indeed.com/rc/clk?jk=0540ba25c0cc42c3";"?";"197000000";"?";"13824927";"?";"170";"?";"whois";"source";"?";"?"
"http://www.indeed.com/q-Crowdcompass-l-Portland-OR-jobs.html";"?";"197000000";"?";"13824927";"?";"170";"?";"whois";"source";"?";"?"
"http://www.indeed.com/salary?q1=Software+Engineer&l1=Portland%2C+OR";"?";"197000000";"?";"13824927";"?";"170";"?";"whois";"source";"?";"?"
"http://www.indeed.com/forum/cmp/Crowdcompass.html";"?";"197000000";"?";"13824927";"?";"170";"?";"whois";"source";"?";"?"
"http://www.indeed.com/rc/clk?jk=12e089ab03938df5";"?";"197000000";"?";"13824927";"?";"170";"?";"whois";"source";"?";"?"
"http://www.indeed.com/q-Skytide-l-Oakland-CA-jobs.html";"?";"197000000";"?";"13824927";"?";"170";"?";"whois";"source";"?";"?"
"http://www.indeed.com/l-Oakland-CA-jobs.html";"?";"197000000";"?";"13824927";"?";"170";"?";"whois";"source";"?";"?"
"http://www.indeed.com/salary?q1=Front+End+Software+Engineer&l1=Oakland%2C+CA";"?";"197000000";"?";"13824927";"?";"170";"?";"whois";"source";"?";"?"
"http://www.indeed.com/forum/loc/Oakland-California.html";"?";"197000000";"?";"13824927";"?";"170";"?";"whois";"source";"?";"?"
"http://www.indeed.com/forum/cmp/Skytide%2C-Inc..html";"?";"197000000";"?";"13824927";"?";"170";"?";"whois";"source";"?";"?"
"http://www.indeed.com/rc/clk?jk=a6e98781168cbedd";"?";"197000000";"?";"13824927";"?";"170";"?";"whois";"source";"?";"?"
"http://www.indeed.com/q-Tango-Card-l-Seattle-WA-jobs.html";"?";"197000000";"?";"13824927";"?";"170";"?";"whois";"source";"?";"?"
"http://www.indeed.com/salary?q1=Platform+Software+Engineer&l1=Seattle%2C+WA";"?";"197000000";"?";"13824927";"?";"170";"?";"whois";"source";"?";"?"
"http://www.indeed.com/forum/cmp/Tango-Card.html";"?";"197000000";"?";"13824927";"?";"170";"?";"whois";"source";"?";"?"
"http://www.indeed.com/rc/clk?jk=ebb798078a7e156f";"?";"197000000";"?";"13824927";"?";"170";"?";"whois";"source";"?";"?"
"http://www.indeed.com/salary?q1=Software+Engineer&l1=Oakland%2C+CA";"?";"197000000";"?";"13824927";"?";"170";"?";"whois";"source";"?";"?"
"http://www.indeed.com/rc/clk?jk=40f0b7e3a37936a3";"?";"197000000";"?";"13824927";"?";"170";"?";"whois";"source";"?";"?"
"http://www.indeed.com/q-Nextdoor-l-San-Francisco-CA-jobs.html";"?";"197000000";"?";"13824927";"?";"170";"?";"whois";"source";"?";"?"
"http://www.indeed.com/cmp/Nextdoor";"?";"197000000";"?";"13824927";"?";"170";"?";"whois";"source";"?";"?"
"http://www.indeed.com/forum/cmp/Nextdoor.html";"?";"197000000";"?";"13824927";"?";"170";"?";"whois";"source";"?";"?"
"http://www.indeed.com/rc/clk?jk=5cb6f09c9ca813ab";"?";"197000000";"?";"13824927";"?";"170";"?";"whois";"source";"?";"?"
"http://www.indeed.com/rc/clk?jk=7f6e5e8488f2e06a";"?";"197000000";"?";"13824927";"?";"170";"?";"whois";"source";"?";"?"
"http://www.indeed.com/salary?q1=Front+End+Software+Engineer&l1=Seattle%2C+WA";"?";"197000000";"?";"13824927";"?";"170";"?";"whois";"source";"?";"?"
"http://www.indeed.com/rc/clk?jk=03b440bc4e047769";"?";"197000000";"?";"13824927";"?";"170";"?";"whois";"source";"?";"?"
"http://www.indeed.com/q-Audax-Health-l-Washington-DC-jobs.html";"?";"197000000";"?";"13824927";"?";"170";"?";"whois";"source";"?";"?"
"http://www.indeed.com/l-Washington-DC-jobs.html";"?";"197000000";"?";"13824927";"?";"170";"?";"whois";"source";"?";"?"
"http://www.indeed.com/salary?q1=Software+Engineer&l1=Washington%2C+DC";"?";"197000000";"?";"13824927";"?";"170";"?";"whois";"source";"?";"?"
"http://www.indeed.com/forum/loc/Washington-District-of-Columbia.html";"?";"197000000";"?";"13824927";"?";"170";"?";"whois";"source";"?";"?"
"http://www.indeed.com/forum/cmp/Audax-Health.html";"?";"197000000";"?";"13824927";"?";"170";"?";"whois";"source";"?";"?"
"http://www.indeed.com/rc/clk?jk=adf41564144d5f77";"?";"197000000";"?";"13824927";"?";"170";"?";"whois";"source";"?";"?"
"http://www.indeed.com/rc/clk?jk=424a8ee92625313d";"?";"197000000";"?";"13824927";"?";"170";"?";"whois";"source";"?";"?"
"http://www.indeed.com/cmp/Pinpoint-Resource-Group/reviews";"?";"197000000";"?";"13824927";"?";"170";"?";"whois";"source";"?";"?"
"http://www.indeed.com/q-Pinpoint-Resource-Group-l-Beverly-Hills-CA-jobs.html";"?";"197000000";"?";"13824927";"?";"170";"?";"whois";"source";"?";"?"
"http://www.indeed.com/l-Beverly-Hills-CA-jobs.html";"?";"197000000";"?";"13824927";"?";"170";"?";"whois";"source";"?";"?"
"http://www.indeed.com/salary?q1=Senior+Platform+Engineering+Developer&l1=Beverly+Hills%2C+CA";"?";"197000000";"?";"13824927";"?";"170";"?";"whois";"source";"?";"?"
"http://www.indeed.com/cmp/Pinpoint-Resource-Group";"?";"197000000";"?";"13824927";"?";"170";"?";"whois";"source";"?";"?"
"http://www.indeed.com/forum/loc/Beverly-Hills-California.html";"?";"197000000";"?";"13824927";"?";"170";"?";"whois";"source";"?";"?"
"http://www.indeed.com/forum/cmp/Pinpoint-Resource-Group.html";"?";"197000000";"?";"13824927";"?";"170";"?";"whois";"source";"?";"?"
"http://www.indeed.com/rc/clk?jk=3d4f0c3fc4e1c8fa";"?";"197000000";"?";"13824927";"?";"170";"?";"whois";"source";"?";"?"
"http://www.indeed.com/cmp/Intel/reviews";"?";"197000000";"?";"13824927";"?";"170";"?";"whois";"source";"?";"?"
"http://www.indeed.com/q-Intel-l-San-Francisco-CA-jobs.html";"?";"197000000";"?";"13824927";"?";"170";"?";"whois";"source";"?";"?"
"http://www.indeed.com/salary?q1=Ios+Software+Engineer&l1=San+Francisco%2C+CA";"?";"197000000";"?";"13824927";"?";"170";"?";"whois";"source";"?";"?"
"http://www.indeed.com/cmp/Intel";"?";"197000000";"?";"13824927";"?";"170";"?";"whois";"source";"?";"?"
"http://www.indeed.com/forum/cmp/Intel.html";"?";"197000000";"?";"13824927";"?";"170";"?";"whois";"source";"?";"?"
"http://www.indeed.com/rc/clk?jk=5267e880093229dc";"?";"197000000";"?";"13824927";"?";"170";"?";"whois";"source";"?";"?"
"http://www.indeed.com/q-Rbm-Technologies-l-Cambridge-MA-jobs.html";"?";"197000000";"?";"13824927";"?";"170";"?";"whois";"source";"?";"?"
"http://www.indeed.com/salary?q1=Principal+Software+Engineer&l1=Cambridge%2C+MA";"?";"197000000";"?";"13824927";"?";"170";"?";"whois";"source";"?";"?"
"http://www.indeed.com/cmp/Rbm-Technologies";"?";"197000000";"?";"13824927";"?";"170";"?";"whois";"source";"?";"?"
"http://www.indeed.com/forum/job/Principal-Software-Engineer.html";"?";"197000000";"?";"13824927";"?";"170";"?";"whois";"source";"?";"?"
"http://www.indeed.com/forum/cmp/Rbm-Technologies.html";"?";"197000000";"?";"13824927";"?";"170";"?";"whois";"source";"?";"?"
"http://www.indeed.com/rc/clk?jk=0be28f880592d03b";"?";"197000000";"?";"13824927";"?";"170";"?";"whois";"source";"?";"?"
"http://www.indeed.com/q-Staffmagnet-l-Bethesda-MD-jobs.html";"?";"197000000";"?";"13824927";"?";"170";"?";"whois";"source";"?";"?"
"http://www.indeed.com/l-Bethesda-MD-jobs.html";"?";"197000000";"?";"13824927";"?";"170";"?";"whois";"source";"?";"?"
"http://www.indeed.com/salary?q1=Software+Engineer&l1=Bethesda%2C+MD";"?";"197000000";"?";"13824927";"?";"170";"?";"whois";"source";"?";"?"
"http://www.indeed.com/forum/loc/Bethesda-Maryland.html";"?";"197000000";"?";"13824927";"?";"170";"?";"whois";"source";"?";"?"
"http://www.indeed.com/forum/cmp/Staffmagnet%2C-LLC.html";"?";"197000000";"?";"13824927";"?";"170";"?";"whois";"source";"?";"?"
"http://www.indeed.com/rc/clk?jk=b0ae95d7f50eb14c";"?";"197000000";"?";"13824927";"?";"170";"?";"whois";"source";"?";"?"
"http://www.indeed.com/rc/clk?jk=2c2ab1ea0e4af8a7";"?";"197000000";"?";"13824927";"?";"170";"?";"whois";"source";"?";"?"
"http://www.indeed.com/cmp/Cree/reviews";"?";"197000000";"?";"13824927";"?";"170";"?";"whois";"source";"?";"?"
"http://www.indeed.com/q-Cree-l-Durham-NC-jobs.html";"?";"197000000";"?";"13824927";"?";"170";"?";"whois";"source";"?";"?"
"http://www.indeed.com/l-Durham-NC-jobs.html";"?";"197000000";"?";"13824927";"?";"170";"?";"whois";"source";"?";"?"
"http://www.indeed.com/salary?q1=Net+Software+Engineer&l1=Durham%2C+NC";"?";"197000000";"?";"13824927";"?";"170";"?";"whois";"source";"?";"?"
"http://www.indeed.com/cmp/Cree";"?";"197000000";"?";"13824927";"?";"170";"?";"whois";"source";"?";"?"
"http://www.indeed.com/forum/loc/Durham-North-Carolina.html";"?";"197000000";"?";"13824927";"?";"170";"?";"whois";"source";"?";"?"
"http://www.indeed.com/forum/cmp/Cree.html";"?";"197000000";"?";"13824927";"?";"170";"?";"whois";"source";"?";"?"
"http://www.indeed.com/rc/clk?jk=dfc886045b3ae227";"?";"197000000";"?";"13824927";"?";"170";"?";"whois";"source";"?";"?"
"http://www.indeed.com/q-Career-Path-Group-l-New-York-NY-jobs.html";"?";"197000000";"?";"13824927";"?";"170";"?";"whois";"source";"?";"?"
"http://www.indeed.com/salary?q1=Mobile+Software+Engineer&l1=New+York%2C+NY";"?";"197000000";"?";"13824927";"?";"170";"?";"whois";"source";"?";"?"
"http://www.indeed.com/forum/cmp/Career-Path-Group.html";"?";"197000000";"?";"13824927";"?";"170";"?";"whois";"source";"?";"?"
"http://www.indeed.com/rc/clk?jk=47ac3682bb3e73db";"?";"197000000";"?";"13824927";"?";"170";"?";"whois";"source";"?";"?"
"http://www.indeed.com/q-Passare-l-Minneapolis-MN-jobs.html";"?";"197000000";"?";"13824927";"?";"170";"?";"whois";"source";"?";"?"
"http://www.indeed.com/l-Minneapolis-MN-jobs.html";"?";"197000000";"?";"13824927";"?";"170";"?";"whois";"source";"?";"?"
"http://www.indeed.com/salary?q1=Software+Engineer&l1=Minneapolis%2C+MN";"?";"197000000";"?";"13824927";"?";"170";"?";"whois";"source";"?";"?"
"http://www.indeed.com/forum/loc/Minneapolis-Minnesota.html";"?";"197000000";"?";"13824927";"?";"170";"?";"whois";"source";"?";"?"
"http://www.indeed.com/forum/cmp/Passare%2C-Inc..html";"?";"197000000";"?";"13824927";"?";"170";"?";"whois";"source";"?";"?"
"http://www.indeed.com/rc/clk?jk=c10d10ff5cdc6c89";"?";"197000000";"?";"13824927";"?";"170";"?";"whois";"source";"?";"?"
"http://www.indeed.com/q-Tellagence-l-Portland-OR-jobs.html";"?";"197000000";"?";"13824927";"?";"170";"?";"whois";"source";"?";"?"
"http://www.indeed.com/salary?q1=Backend+Software+Engineer&l1=Portland%2C+OR";"?";"197000000";"?";"13824927";"?";"170";"?";"whois";"source";"?";"?"
"http://www.indeed.com/cmp/Tellagence";"?";"197000000";"?";"13824927";"?";"170";"?";"whois";"source";"?";"?"
"http://www.indeed.com/forum/cmp/Tellagence.html";"?";"197000000";"?";"13824927";"?";"170";"?";"whois";"source";"?";"?"
"http://www.indeed.com/rc/clk?jk=ba17379a0694202f";"?";"197000000";"?";"13824927";"?";"170";"?";"whois";"source";"?";"?"
"http://www.indeed.com/q-Backupify-l-Boston-MA-jobs.html";"?";"197000000";"?";"13824927";"?";"170";"?";"whois";"source";"?";"?"
"http://www.indeed.com/salary?q1=Software+Engineer&l1=Boston%2C+MA";"?";"197000000";"?";"13824927";"?";"170";"?";"whois";"source";"?";"?"
"http://www.indeed.com/forum/cmp/Backupify.html";"?";"197000000";"?";"13824927";"?";"170";"?";"whois";"source";"?";"?"
"http://www.indeed.com/rc/clk?jk=4001bb0aee48ed49";"?";"197000000";"?";"13824927";"?";"170";"?";"whois";"source";"?";"?"
"http://www.indeed.com/q-MRI-l-San-Francisco-CA-jobs.html";"?";"197000000";"?";"13824927";"?";"170";"?";"whois";"source";"?";"?"
"http://www.indeed.com/forum/cmp/MRI---Affinity-Resource-Group.html";"?";"197000000";"?";"13824927";"?";"170";"?";"whois";"source";"?";"?"
"http://www.indeed.com/rc/clk?jk=3f6179c780eecb12";"?";"197000000";"?";"13824927";"?";"170";"?";"whois";"source";"?";"?"
"http://www.indeed.com/q-Skillz-l-Boston-MA-jobs.html";"?";"197000000";"?";"13824927";"?";"170";"?";"whois";"source";"?";"?"
"http://www.indeed.com/salary?q1=Mobile+Software+Engineer&l1=Boston%2C+MA";"?";"197000000";"?";"13824927";"?";"170";"?";"whois";"source";"?";"?"
"http://www.indeed.com/cmp/Skillz";"?";"197000000";"?";"13824927";"?";"170";"?";"whois";"source";"?";"?"
"http://www.indeed.com/forum/cmp/Skillz.html";"?";"197000000";"?";"13824927";"?";"170";"?";"whois";"source";"?";"?"
"http://www.indeed.com/rc/clk?jk=9d14e6d03b61ee01";"?";"197000000";"?";"13824927";"?";"170";"?";"whois";"source";"?";"?"
"http://www.indeed.com/q-Pagerduty-l-San-Francisco-CA-jobs.html";"?";"197000000";"?";"13824927";"?";"170";"?";"whois";"source";"?";"?"
"http://www.indeed.com/cmp/Pagerduty";"?";"197000000";"?";"13824927";"?";"170";"?";"whois";"source";"?";"?"
"http://www.indeed.com/forum/cmp/Pagerduty.html";"?";"197000000";"?";"13824927";"?";"170";"?";"whois";"source";"?";"?"
"http://www.indeed.com/rc/clk?jk=f0e022e1f277b078";"?";"197000000";"?";"13824927";"?";"170";"?";"whois";"source";"?";"?"
"http://www.indeed.com/q-Triad-Group-l-San-Francisco-CA-jobs.html";"?";"197000000";"?";"13824927";"?";"170";"?";"whois";"source";"?";"?"
"http://www.indeed.com/cmp/Triad-Group";"?";"197000000";"?";"13824927";"?";"170";"?";"whois";"source";"?";"?"
"http://www.indeed.com/forum/cmp/Triad-Group.html";"?";"197000000";"?";"13824927";"?";"170";"?";"whois";"source";"?";"?"
"http://www.indeed.com/rc/clk?jk=5b04cdb53e6b2198";"?";"197000000";"?";"13824927";"?";"170";"?";"whois";"source";"?";"?"
"http://www.indeed.com/q-Compella-l-Bellevue-WA-jobs.html";"?";"197000000";"?";"13824927";"?";"170";"?";"whois";"source";"?";"?"
"http://www.indeed.com/l-Bellevue-WA-jobs.html";"?";"197000000";"?";"13824927";"?";"170";"?";"whois";"source";"?";"?"
"http://www.indeed.com/salary?q1=Software+Development+Engineer&l1=Bellevue%2C+WA";"?";"197000000";"?";"13824927";"?";"170";"?";"whois";"source";"?";"?"
"http://www.indeed.com/cmp/Compella-Llc.";"?";"197000000";"?";"13824927";"?";"170";"?";"whois";"source";"?";"?"
"http://www.indeed.com/forum/loc/Bellevue-Washington.html";"?";"197000000";"?";"13824927";"?";"170";"?";"whois";"source";"?";"?"
"http://www.indeed.com/forum/cmp/Compella%2C-Llc..html";"?";"197000000";"?";"13824927";"?";"170";"?";"whois";"source";"?";"?"
"http://www.indeed.com/rc/clk?jk=868cf76ac0286d24";"?";"197000000";"?";"13824927";"?";"170";"?";"whois";"source";"?";"?"
"http://www.indeed.com/jobs?q=startup+%22software+engineer%22&rbt=Software+Engineer+-+Web+Applications&rbc=Zaius&jtid=8c881a7b6c1e50ea&jcid=78b011eb2933fad3&jt=fulltime&limit=100&fromage=7&grp=tcl";"?";"197000000";"?";"13824927";"?";"170";"?";"whois";"source";"?";"?"
"http://www.indeed.com/rc/clk?jk=18a9f521739c523d";"?";"197000000";"?";"13824927";"?";"170";"?";"whois";"source";"?";"?"
"http://www.indeed.com/q-Skipstone-l-Ann-Arbor-MI-jobs.html";"?";"197000000";"?";"13824927";"?";"170";"?";"whois";"source";"?";"?"
"http://www.indeed.com/l-Ann-Arbor-MI-jobs.html";"?";"197000000";"?";"13824927";"?";"170";"?";"whois";"source";"?";"?"
"http://www.indeed.com/salary?q1=Software+Engineer&l1=Ann+Arbor%2C+MI";"?";"197000000";"?";"13824927";"?";"170";"?";"whois";"source";"?";"?"
"http://www.indeed.com/forum/loc/Ann-Arbor-Michigan.html";"?";"197000000";"?";"13824927";"?";"170";"?";"whois";"source";"?";"?"
"http://www.indeed.com/forum/cmp/Skipstone.html";"?";"197000000";"?";"13824927";"?";"170";"?";"whois";"source";"?";"?"
"http://www.indeed.com/rc/clk?jk=a8447cd46d5559ac";"?";"197000000";"?";"13824927";"?";"170";"?";"whois";"source";"?";"?"
"http://www.indeed.com/q-Stride-Search-l-Mountain-View-CA-jobs.html";"?";"197000000";"?";"13824927";"?";"170";"?";"whois";"source";"?";"?"
"http://www.indeed.com/salary?q1=Linux+Software+Engineer&l1=Mountain+View%2C+CA";"?";"197000000";"?";"13824927";"?";"170";"?";"whois";"source";"?";"?"
"http://www.indeed.com/cmp/Stride-Search";"?";"197000000";"?";"13824927";"?";"170";"?";"whois";"source";"?";"?"
"http://www.indeed.com/forum/cmp/Stride-Search.html";"?";"197000000";"?";"13824927";"?";"170";"?";"whois";"source";"?";"?"
"http://www.indeed.com/rc/clk?jk=e4d7d4f181e563c7";"?";"197000000";"?";"13824927";"?";"170";"?";"whois";"source";"?";"?"
"http://www.indeed.com/q-Workbridge-Associates-l-Fremont-CA-jobs.html";"?";"197000000";"?";"13824927";"?";"170";"?";"whois";"source";"?";"?"
"http://www.indeed.com/l-Fremont-CA-jobs.html";"?";"197000000";"?";"13824927";"?";"170";"?";"whois";"source";"?";"?"
"http://www.indeed.com/salary?q1=Software+Engineer&l1=Fremont%2C+CA";"?";"197000000";"?";"13824927";"?";"170";"?";"whois";"source";"?";"?"
"http://www.indeed.com/forum/loc/Fremont-California.html";"?";"197000000";"?";"13824927";"?";"170";"?";"whois";"source";"?";"?"
"http://www.indeed.com/rc/clk?jk=69f9949a50c9732c";"?";"197000000";"?";"13824927";"?";"170";"?";"whois";"source";"?";"?"
"http://www.indeed.com/q-Grammatech-l-Ithaca-NY-jobs.html";"?";"197000000";"?";"13824927";"?";"170";"?";"whois";"source";"?";"?"
"http://www.indeed.com/l-Ithaca-NY-jobs.html";"?";"197000000";"?";"13824927";"?";"170";"?";"whois";"source";"?";"?"
"http://www.indeed.com/salary?q1=Software+Engineer&l1=Ithaca%2C+NY";"?";"197000000";"?";"13824927";"?";"170";"?";"whois";"source";"?";"?"
"http://www.indeed.com/cmp/Grammatech";"?";"197000000";"?";"13824927";"?";"170";"?";"whois";"source";"?";"?"
"http://www.indeed.com/forum/loc/Ithaca-New-York.html";"?";"197000000";"?";"13824927";"?";"170";"?";"whois";"source";"?";"?"
"http://www.indeed.com/forum/cmp/Grammatech.html";"?";"197000000";"?";"13824927";"?";"170";"?";"whois";"source";"?";"?"
"http://www.indeed.com/rc/clk?jk=40705d7c52741bbe";"?";"197000000";"?";"13824927";"?";"170";"?";"whois";"source";"?";"?"
"http://www.indeed.com/q-Nextlabs-l-San-Mateo-CA-jobs.html";"?";"197000000";"?";"13824927";"?";"170";"?";"whois";"source";"?";"?"
"http://www.indeed.com/salary?q1=Software+Engineer+Test+Development+Policy+Platform&l1=San+Mateo%2C+CA";"?";"197000000";"?";"13824927";"?";"170";"?";"whois";"source";"?";"?"
"http://www.indeed.com/forum/cmp/Nextlabs-Inc..html";"?";"197000000";"?";"13824927";"?";"170";"?";"whois";"source";"?";"?"
"http://www.indeed.com/rc/clk?jk=911ff0454c2d1a86";"?";"197000000";"?";"13824927";"?";"170";"?";"whois";"source";"?";"?"
"http://www.indeed.com/q-Elevate-Recruiting-Group-l-San-Francisco-CA-jobs.html";"?";"197000000";"?";"13824927";"?";"170";"?";"whois";"source";"?";"?"
"http://www.indeed.com/salary?q1=Backend+Machine+Learning+Engineer&l1=San+Francisco%2C+CA";"?";"197000000";"?";"13824927";"?";"170";"?";"whois";"source";"?";"?"
"http://www.indeed.com/rc/clk?jk=0d9d4d51d4fb33e1";"?";"197000000";"?";"13824927";"?";"170";"?";"whois";"source";"?";"?"
"http://www.indeed.com/cmp/Fino-Consulting/jobs/Senior-Software-Engineer-770118a2a7d803b6?r=1";"?";"197000000";"?";"13824927";"?";"170";"?";"whois";"source";"?";"?"
"http://www.indeed.com/jobs?q=startup+%22software+engineer%22&rbt=Sr+Software+Engineer+%28Erlang%29&rbc=Grid+Mobile&jtid=2033f1d25a280ee7&jcid=c84e81896df30b0e&jt=fulltime&limit=100&fromage=7&grp=tcl";"?";"197000000";"?";"13824927";"?";"170";"?";"whois";"source";"?";"?"
"http://www.indeed.com/q-Grid-Mobile-l-New-York-NY-jobs.html";"?";"197000000";"?";"13824927";"?";"170";"?";"whois";"source";"?";"?"
"http://www.indeed.com/salary?q1=Senior+Software+Engineer&l1=New+York%2C+NY";"?";"197000000";"?";"13824927";"?";"170";"?";"whois";"source";"?";"?"
"http://www.indeed.com/forum/cmp/Fino-Consulting.html";"?";"197000000";"?";"13824927";"?";"170";"?";"whois";"source";"?";"?"
"http://www.indeed.com/rc/clk?jk=99b2507430a32531";"?";"197000000";"?";"13824927";"?";"170";"?";"whois";"source";"?";"?"
"http://www.indeed.com/q-Bivium-Group-l-Boston-MA-jobs.html";"?";"197000000";"?";"13824927";"?";"170";"?";"whois";"source";"?";"?"
"http://www.indeed.com/cmp/Qualaroo-Inc./jobs/Senior-Software-Engineer-86a96b3898717f08?r=1";"?";"197000000";"?";"13824927";"?";"170";"?";"whois";"source";"?";"?"
"http://www.indeed.com/q-Qualaroo-l-San-Mateo-CA-jobs.html";"?";"197000000";"?";"13824927";"?";"170";"?";"whois";"source";"?";"?"
"http://www.indeed.com/salary?q1=Senior+Software+Engineer&l1=San+Mateo%2C+CA";"?";"197000000";"?";"13824927";"?";"170";"?";"whois";"source";"?";"?"
"http://www.indeed.com/forum/cmp/Qualaroo%2C-Inc.-1.html";"?";"197000000";"?";"13824927";"?";"170";"?";"whois";"source";"?";"?"
"http://www.indeed.com/rc/clk?jk=d441db5968d926d3";"?";"197000000";"?";"13824927";"?";"170";"?";"whois";"source";"?";"?"
"http://www.indeed.com/q-Affinity-Development-Group-l-San-Diego-CA-jobs.html";"?";"197000000";"?";"13824927";"?";"170";"?";"whois";"source";"?";"?"
"http://www.indeed.com/salary?q1=Net+Software+Engineer&l1=San+Diego%2C+CA";"?";"197000000";"?";"13824927";"?";"170";"?";"whois";"source";"?";"?"
"http://www.indeed.com/forum/cmp/Affinity-Development-Group%2C-Inc..html";"?";"197000000";"?";"13824927";"?";"170";"?";"whois";"source";"?";"?"
"http://www.indeed.com/rc/clk?jk=943a4b3b9c5f9c13";"?";"197000000";"?";"13824927";"?";"170";"?";"whois";"source";"?";"?"
"http://www.indeed.com/q-Xceed-Career-Services-l-Georgia-jobs.html";"?";"197000000";"?";"13824927";"?";"170";"?";"whois";"source";"?";"?"
"http://www.indeed.com/l-Georgia-jobs.html";"?";"197000000";"?";"13824927";"?";"170";"?";"whois";"source";"?";"?"
"http://www.indeed.com/salary?q1=Technical+Team+Lead+Java+Se&l1=Georgia";"?";"197000000";"?";"13824927";"?";"170";"?";"whois";"source";"?";"?"
"http://www.indeed.com/forum/cmp/Xceed-Career-Services.html";"?";"197000000";"?";"13824927";"?";"170";"?";"whois";"source";"?";"?"
"http://www.indeed.com/rc/clk?jk=2d4e15c4646ef75d";"?";"197000000";"?";"13824927";"?";"170";"?";"whois";"source";"?";"?"
"http://www.indeed.com/q-Soltech-l-Georgia-jobs.html";"?";"197000000";"?";"13824927";"?";"170";"?";"whois";"source";"?";"?"
"http://www.indeed.com/cmp/Soltech-Inc.";"?";"197000000";"?";"13824927";"?";"170";"?";"whois";"source";"?";"?"
"http://www.indeed.com/forum/cmp/Soltech%2C-Inc..html";"?";"197000000";"?";"13824927";"?";"170";"?";"whois";"source";"?";"?"
"http://www.indeed.com/rc/clk?jk=cfa845cf18da5f34";"?";"197000000";"?";"13824927";"?";"170";"?";"whois";"source";"?";"?"
"http://www.indeed.com/q-Cambia-Health-l-Portland-OR-jobs.html";"?";"197000000";"?";"13824927";"?";"170";"?";"whois";"source";"?";"?"
"http://www.indeed.com/salary?q1=Java+Software+Engineer&l1=Portland%2C+OR";"?";"197000000";"?";"13824927";"?";"170";"?";"whois";"source";"?";"?"
"http://www.indeed.com/cmp/Cambia-Health";"?";"197000000";"?";"13824927";"?";"170";"?";"whois";"source";"?";"?"
"http://www.indeed.com/forum/cmp/Cambia-Health.html";"?";"197000000";"?";"13824927";"?";"170";"?";"whois";"source";"?";"?"
"http://www.indeed.com/cmp/HG-Data/jobs/Senior-Software-Engineer-f132f18f06f600ee?r=1";"?";"197000000";"?";"13824927";"?";"170";"?";"whois";"source";"?";"?"
"http://www.indeed.com/q-Hg-Data-l-Santa-Barbara-CA-jobs.html";"?";"197000000";"?";"13824927";"?";"170";"?";"whois";"source";"?";"?"
"http://www.indeed.com/forum/cmp/Hg-Data.html";"?";"197000000";"?";"13824927";"?";"170";"?";"whois";"source";"?";"?"
"http://www.indeed.com/rc/clk?jk=757088dd4924f5cd";"?";"197000000";"?";"13824927";"?";"170";"?";"whois";"source";"?";"?"
"http://www.indeed.com/rc/clk?jk=76ce3b530ba00f79";"?";"197000000";"?";"13824927";"?";"170";"?";"whois";"source";"?";"?"
"http://www.indeed.com/q-Winterwyman-l-Boston-MA-jobs.html";"?";"197000000";"?";"13824927";"?";"170";"?";"whois";"source";"?";"?"
"http://www.indeed.com/salary?q1=Java+Web+Engineer&l1=Boston%2C+MA";"?";"197000000";"?";"13824927";"?";"170";"?";"whois";"source";"?";"?"
"http://www.indeed.com/forum/cmp/Winterwyman.html";"?";"197000000";"?";"13824927";"?";"170";"?";"whois";"source";"?";"?"
"http://www.indeed.com/rc/clk?jk=3cebcc1358ddfdc8";"?";"197000000";"?";"13824927";"?";"170";"?";"whois";"source";"?";"?"
"http://www.indeed.com/q-Verus-Staffing-Solutions-l-Fairfax-VA-jobs.html";"?";"197000000";"?";"13824927";"?";"170";"?";"whois";"source";"?";"?"
"http://www.indeed.com/l-Fairfax-VA-jobs.html";"?";"197000000";"?";"13824927";"?";"170";"?";"whois";"source";"?";"?"
"http://www.indeed.com/salary?q1=Python&l1=Fairfax%2C+VA";"?";"197000000";"?";"13824927";"?";"170";"?";"whois";"source";"?";"?"
"http://www.indeed.com/forum/loc/Fairfax-Virginia.html";"?";"197000000";"?";"13824927";"?";"170";"?";"whois";"source";"?";"?"
"http://www.indeed.com/forum/cmp/Verus-Staffing-Solutions.html";"?";"197000000";"?";"13824927";"?";"170";"?";"whois";"source";"?";"?"
"http://www.indeed.com/rc/clk?jk=e8958d9d91edd3c8";"?";"197000000";"?";"13824927";"?";"170";"?";"whois";"source";"?";"?"
"http://www.indeed.com/q-Workbridge-Associates-l-Los-Angeles-CA-jobs.html";"?";"197000000";"?";"13824927";"?";"170";"?";"whois";"source";"?";"?"
"http://www.indeed.com/rc/clk?jk=a6a51fb5421dbdd5";"?";"197000000";"?";"13824927";"?";"170";"?";"whois";"source";"?";"?"
"http://www.indeed.com/q-Talent-Retriever-l-Westborough-MA-jobs.html";"?";"197000000";"?";"13824927";"?";"170";"?";"whois";"source";"?";"?"
"http://www.indeed.com/l-Westborough-MA-jobs.html";"?";"197000000";"?";"13824927";"?";"170";"?";"whois";"source";"?";"?"
"http://www.indeed.com/salary?q1=Kernel+Engineer&l1=Westborough%2C+MA";"?";"197000000";"?";"13824927";"?";"170";"?";"whois";"source";"?";"?"
"http://www.indeed.com/cmp/Talent-Retriever";"?";"197000000";"?";"13824927";"?";"170";"?";"whois";"source";"?";"?"
"http://www.indeed.com/forum/loc/Westborough-Massachusetts.html";"?";"197000000";"?";"13824927";"?";"170";"?";"whois";"source";"?";"?"
"http://www.indeed.com/forum/cmp/Talent-Retriever.html";"?";"197000000";"?";"13824927";"?";"170";"?";"whois";"source";"?";"?"
"http://www.indeed.com/jobs?q=startup+%22software+engineer%22&jt=fulltime&limit=100&fromage=7&start=100";"?";"197000000";"?";"13824927";"?";"170";"?";"whois";"source";"?";"?"
"http://www.indeed.com/jobs?q=startup+%22software+engineer%22&jt=fulltime&limit=100&fromage=7&start=200";"?";"197000000";"?";"13824927";"?";"170";"?";"whois";"source";"?";"?"
"http://www.indeed.com/jobs?q=startup+%22software+engineer%22&jt=fulltime&limit=100&fromage=7&start=300";"?";"197000000";"?";"13824927";"?";"170";"?";"whois";"source";"?";"?"
"http://www.indeed.com/salary?q1=Java+Software+Engineer&l1=";"?";"197000000";"?";"13824927";"?";"170";"?";"whois";"source";"?";"?"
"http://www.indeed.com/salary?q1=Java+Developer&l1=";"?";"197000000";"?";"13824927";"?";"170";"?";"whois";"source";"?";"?"
"http://www.indeed.com/salary?q1=Principal+Software+Engineer&l1=";"?";"197000000";"?";"13824927";"?";"170";"?";"whois";"source";"?";"?"
"http://www.indeed.com/salary?q1=Software+Engineer&l1=";"?";"197000000";"?";"13824927";"?";"170";"?";"whois";"source";"?";"?"
"http://www.indeed.com/salary?q1=Product+Manager&l1=";"?";"197000000";"?";"13824927";"?";"170";"?";"whois";"source";"?";"?"
"http://www.indeed.com/salary?q1=Embedded+Software+Engineer&l1=";"?";"197000000";"?";"13824927";"?";"170";"?";"whois";"source";"?";"?"
"http://www.indeed.com/promo/gotajob";"?";"197000000";"?";"13824927";"?";"170";"?";"whois";"source";"?";"?"
"http://www.indeed.com/salary";"?";"197000000";"?";"13824927";"?";"170";"?";"whois";"source";"?";"?"
"http://www.indeed.com/jobtrends";"?";"197000000";"?";"13824927";"?";"170";"?";"whois";"source";"?";"?"
"http://www.indeed.com/forum";"?";"197000000";"?";"13824927";"?";"170";"?";"whois";"source";"?";"?"
"http://www.indeed.com/Best-Places-to-Work";"?";"197000000";"?";"13824927";"?";"170";"?";"whois";"source";"?";"?"
"http://www.indeed.com/find-jobs.jsp";"?";"197000000";"?";"13824927";"?";"170";"?";"whois";"source";"?";"?"
"http://www.indeed.com/tools/jobseeker/";"?";"197000000";"?";"13824927";"?";"170";"?";"whois";"source";"?";"?"
"http://www.indeed.com/intl/en/about.html";"?";"197000000";"?";"13824927";"?";"170";"?";"whois";"source";"?";"?"
"http://www.indeed.com/support";"?";"197000000";"?";"13824927";"?";"170";"?";"whois";"source";"?";"?"
"http://www.indeed.com/legal";"?";"197000000";"?";"13824927";"?";"170";"?";"whois";"source";"?";"?"
