"http://www.indeed.com/";"?";"197000000";"?";"?";"?";"?";"?";"whois";"source";"?";"?"
"http://www.indeed.com/resumes?isid=find-resumes&ikw=SERPtop&co=US&hl=en";"?";"197000000";"?";"?";"?";"?";"?";"whois";"source";"?";"?"
"http://www.indeed.com/promo/resume";"?";"197000000";"?";"?";"?";"?";"?";"whois";"source";"?";"?"
"http://www.indeed.com/account/login?dest=%2Fjobs%3Fas_and%3Dsoftware%2Bengineer%26as_phr%3D%26as_any%3D%26as_not%3D%26as_ttl%3D%26as_cmp%3D%26jt%3Dfulltime%26st%3D%26salary%3D%26radius%3D25%26l%3Dremote%26fromage%3D7%26limit%3D10%26sort%3D%26psf%3Dadvsrch";"?";"197000000";"?";"?";"?";"?";"?";"whois";"source";"?";"?"
"http://www.indeed.com/advanced_search?q=software+engineer&l=remote&jt=fulltime&fromage=7";"?";"197000000";"?";"?";"?";"?";"?";"whois";"source";"?";"?"
"http://www.indeed.com/jobs?q=software+engineer+%28%22contributes+to+open+source%22+or+%22enthusiastic+about+open+source%22+or+%22we+contribute+to+open+source%22+or+%22open+source+stack%22+or+%22passion+for+open+source%22%29&l=&limit=100&rs=1";"?";"197000000";"?";"?";"?";"?";"?";"whois";"source";"?";"?"
"http://www.indeed.com/jobs?q=startup+%22software+engineer%22&l=&limit=100&rs=1";"?";"197000000";"?";"?";"?";"?";"?";"whois";"source";"?";"?"
"http://www.indeed.com/jobs?q=software+developer+%28kegerator+or+gym+or+%22ping+pong%22+or+foosball+or+%22fitness+center%22+or+%22pool+table%22+or+%22catered+lunches%22%29&l=&limit=100&rs=1";"?";"197000000";"?";"?";"?";"?";"?";"whois";"source";"?";"?"
"http://www.indeed.com/jobs?q=software+developer+%28nosql+or+mongodb+or+cassandra+or+hadoop+or+hbase+or+clojure+or+haskell%29&l=&limit=100&rs=1";"?";"197000000";"?";"?";"?";"?";"?";"whois";"source";"?";"?"
"http://www.indeed.com/jobs?q=software+engineer+%28genome+or+bioinformatics+or+poverty+or+%22world+a+better+place%22+or+%22green+energy%22+or+%22social+impact%22%29&l=&limit=100&rs=1";"?";"197000000";"?";"?";"?";"?";"?";"whois";"source";"?";"?"
"http://www.indeed.com/jobs?q=software+engineer+%28&l=&rs=1";"?";"197000000";"?";"?";"?";"?";"?";"whois";"source";"?";"?"
"http://www.indeed.com/jobs?q=software+engineer+%28nosql+or+mongodb+or+cassandra+or+hadoop+or+hbase+or+clojure+or+haskell%29&l=&limit=100&rs=1";"?";"197000000";"?";"?";"?";"?";"?";"whois";"source";"?";"?"
"http://www.indeed.com/jobs?q=software+developer+%28genome+or+bioinformatics+or+poverty+or+%22world+a+better+place%22+or+%22green+energy%22+or+%22social+impact%22%29&l=&rs=1";"?";"197000000";"?";"?";"?";"?";"?";"whois";"source";"?";"?"
"http://www.indeed.com/?cls";"?";"197000000";"?";"?";"?";"?";"?";"whois";"source";"?";"?"
"http://www.indeed.com/jobs?q=software+engineer&l=remote&jt=fulltime&fromage=7&sort=date";"?";"197000000";"?";"?";"?";"?";"?";"whois";"source";"?";"?"
"http://www.indeed.com/jobs?q=software+engineer&l=remote&fromage=7";"?";"197000000";"?";"?";"?";"?";"?";"whois";"source";"?";"?"
"http://www.indeed.com/q-Software-Engineer-jobs.html";"?";"197000000";"?";"?";"?";"?";"?";"whois";"source";"?";"?"
"http://www.indeed.com/jobs?q=software+engineer&l=remote&jt=fulltime&fromage=last";"?";"197000000";"?";"?";"?";"?";"?";"whois";"source";"?";"?"
"http://www.indeed.com/rc/clk?jk=79e0c3f6389fe081";"?";"197000000";"?";"?";"?";"?";"?";"whois";"source";"?";"?"
"http://www.indeed.com/cmp/Dell/reviews";"?";"197000000";"?";"?";"?";"?";"?";"whois";"source";"?";"?"
"http://www.indeed.com/jobs?as_and=software+engineer&as_phr=&as_any=&as_not=&as_ttl=&as_cmp=&jt=fulltime&st=&salary=&radius=25&l=remote&fromage=7&limit=10&sort=&psf=advsrch";"?";"197000000";"?";"?";"?";"?";"?";"whois";"source";"?";"?"
"http://www.indeed.com/q-Dell-l-Remote-jobs.html";"?";"197000000";"?";"?";"?";"?";"?";"whois";"source";"?";"?"
"http://www.indeed.com/l-Remote-jobs.html";"?";"197000000";"?";"?";"?";"?";"?";"whois";"source";"?";"?"
"http://www.indeed.com/salary?q1=Python+Developer+Securework&l1=Remote";"?";"197000000";"?";"?";"?";"?";"?";"whois";"source";"?";"?"
"http://www.indeed.com/cmp/Dell";"?";"197000000";"?";"?";"?";"?";"?";"whois";"source";"?";"?"
"http://www.indeed.com/forum/cmp/Dell.html";"?";"197000000";"?";"?";"?";"?";"?";"whois";"source";"?";"?"
"http://www.indeed.com/rc/clk?jk=4face868f3bd7345";"?";"197000000";"?";"?";"?";"?";"?";"whois";"source";"?";"?"
"http://www.indeed.com/cmp/Dow-Corning-Corporation/reviews";"?";"197000000";"?";"?";"?";"?";"?";"whois";"source";"?";"?"
"http://www.indeed.com/jobs?q=Dow+Corning+Corporation&l=Remote&nc=jasx";"?";"197000000";"?";"?";"?";"?";"?";"whois";"source";"?";"?"
"http://www.indeed.com/salary?q1=Application+Engineer&l1=Remote";"?";"197000000";"?";"?";"?";"?";"?";"whois";"source";"?";"?"
"http://www.indeed.com/cmp/Dow-Corning-Corporation";"?";"197000000";"?";"?";"?";"?";"?";"whois";"source";"?";"?"
"http://www.indeed.com/forum/cmp/Dow-Corning-Corporation.html";"?";"197000000";"?";"?";"?";"?";"?";"whois";"source";"?";"?"
"http://www.indeed.com/rc/clk?jk=c6a7aedf72f07e2e";"?";"197000000";"?";"?";"?";"?";"?";"whois";"source";"?";"?"
"http://www.indeed.com/q-Merced-Systems-l-Remote-jobs.html";"?";"197000000";"?";"?";"?";"?";"?";"whois";"source";"?";"?"
"http://www.indeed.com/salary?q1=Integration+Engineer&l1=Remote";"?";"197000000";"?";"?";"?";"?";"?";"whois";"source";"?";"?"
"http://www.indeed.com/cmp/Merced-Systems";"?";"197000000";"?";"?";"?";"?";"?";"whois";"source";"?";"?"
"http://www.indeed.com/forum/cmp/Merced-Systems.html";"?";"197000000";"?";"?";"?";"?";"?";"whois";"source";"?";"?"
"http://www.indeed.com/rc/clk?jk=8e894a74ce8410ee";"?";"197000000";"?";"?";"?";"?";"?";"whois";"source";"?";"?"
"http://www.indeed.com/q-Canonical-l-Home-Based-jobs.html";"?";"197000000";"?";"?";"?";"?";"?";"whois";"source";"?";"?"
"http://www.indeed.com/l-Home-Based-jobs.html";"?";"197000000";"?";"?";"?";"?";"?";"whois";"source";"?";"?"
"http://www.indeed.com/salary?q1=Software+Engineer&l1=Home+Based";"?";"197000000";"?";"?";"?";"?";"?";"whois";"source";"?";"?"
"http://www.indeed.com/cmp/Canonical-Ltd.";"?";"197000000";"?";"?";"?";"?";"?";"whois";"source";"?";"?"
"http://www.indeed.com/forum/job/Software-Engineer.html";"?";"197000000";"?";"?";"?";"?";"?";"whois";"source";"?";"?"
"http://www.indeed.com/forum/cmp/Canonical-Ltd..html";"?";"197000000";"?";"?";"?";"?";"?";"whois";"source";"?";"?"
"http://www.indeed.com/rc/clk?jk=8de6a9fe9faafda3";"?";"197000000";"?";"?";"?";"?";"?";"whois";"source";"?";"?"
"http://www.indeed.com/q-Verint-Systems-l-Remote-jobs.html";"?";"197000000";"?";"?";"?";"?";"?";"whois";"source";"?";"?"
"http://www.indeed.com/salary?q1=Quality+Assurance+Engineer&l1=Remote";"?";"197000000";"?";"?";"?";"?";"?";"whois";"source";"?";"?"
"http://www.indeed.com/cmp/Verint-Systems-Inc.";"?";"197000000";"?";"?";"?";"?";"?";"whois";"source";"?";"?"
"http://www.indeed.com/forum/job/QA-Engineer.html";"?";"197000000";"?";"?";"?";"?";"?";"whois";"source";"?";"?"
"http://www.indeed.com/forum/cmp/Verint-Systems-Inc..html";"?";"197000000";"?";"?";"?";"?";"?";"whois";"source";"?";"?"
"http://www.indeed.com/rc/clk?jk=114992d7d4d5d59b";"?";"197000000";"?";"?";"?";"?";"?";"whois";"source";"?";"?"
"http://www.indeed.com/cmp/Citrix-Systems-Inc./reviews";"?";"197000000";"?";"?";"?";"?";"?";"whois";"source";"?";"?"
"http://www.indeed.com/q-Citrix-Systems-l-Remote-jobs.html";"?";"197000000";"?";"?";"?";"?";"?";"whois";"source";"?";"?"
"http://www.indeed.com/salary?q1=Senior+System+Engineer&l1=Remote";"?";"197000000";"?";"?";"?";"?";"?";"whois";"source";"?";"?"
"http://www.indeed.com/cmp/Citrix-Systems-Inc.";"?";"197000000";"?";"?";"?";"?";"?";"whois";"source";"?";"?"
"http://www.indeed.com/forum/cmp/Citrix-Systems-Inc..html";"?";"197000000";"?";"?";"?";"?";"?";"whois";"source";"?";"?"
"http://www.indeed.com/rc/clk?jk=0a091e601e7293fd";"?";"197000000";"?";"?";"?";"?";"?";"whois";"source";"?";"?"
"http://www.indeed.com/cmp/CGI-Group/reviews";"?";"197000000";"?";"?";"?";"?";"?";"whois";"source";"?";"?"
"http://www.indeed.com/q-CGI-l-Remote-jobs.html";"?";"197000000";"?";"?";"?";"?";"?";"whois";"source";"?";"?"
"http://www.indeed.com/salary?q1=Senior+Network+Engineer&l1=Remote";"?";"197000000";"?";"?";"?";"?";"?";"whois";"source";"?";"?"
"http://www.indeed.com/cmp/CGI-Group";"?";"197000000";"?";"?";"?";"?";"?";"whois";"source";"?";"?"
"http://www.indeed.com/forum/job/Network-Engineer.html";"?";"197000000";"?";"?";"?";"?";"?";"whois";"source";"?";"?"
"http://www.indeed.com/forum/cmp/CGI-Group.html";"?";"197000000";"?";"?";"?";"?";"?";"whois";"source";"?";"?"
"http://www.indeed.com/rc/clk?jk=28567b8910546236";"?";"197000000";"?";"?";"?";"?";"?";"whois";"source";"?";"?"
"http://www.indeed.com/cmp/EMC-Corporation/reviews";"?";"197000000";"?";"?";"?";"?";"?";"whois";"source";"?";"?"
"http://www.indeed.com/q-EMC-l-Home-Based-jobs.html";"?";"197000000";"?";"?";"?";"?";"?";"whois";"source";"?";"?"
"http://www.indeed.com/salary?q1=Asc+Customer+Service+Engineer&l1=Home+Based";"?";"197000000";"?";"?";"?";"?";"?";"whois";"source";"?";"?"
"http://www.indeed.com/cmp/EMC-Corporation";"?";"197000000";"?";"?";"?";"?";"?";"whois";"source";"?";"?"
"http://www.indeed.com/forum/cmp/EMC-Corporation.html";"?";"197000000";"?";"?";"?";"?";"?";"whois";"source";"?";"?"
"http://www.indeed.com/rc/clk?jk=5f9a08616fa927f3";"?";"197000000";"?";"?";"?";"?";"?";"whois";"source";"?";"?"
"http://www.indeed.com/cmp/Smiths-Detection/reviews";"?";"197000000";"?";"?";"?";"?";"?";"whois";"source";"?";"?"
"http://www.indeed.com/q-Smiths-Detection-l-Remote-jobs.html";"?";"197000000";"?";"?";"?";"?";"?";"whois";"source";"?";"?"
"http://www.indeed.com/salary?q1=Zone+Lead&l1=Remote";"?";"197000000";"?";"?";"?";"?";"?";"whois";"source";"?";"?"
"http://www.indeed.com/cmp/Smiths-Detection";"?";"197000000";"?";"?";"?";"?";"?";"whois";"source";"?";"?"
"http://www.indeed.com/forum/cmp/Smiths-Detection.html";"?";"197000000";"?";"?";"?";"?";"?";"whois";"source";"?";"?"
"http://www.indeed.com/rc/clk?jk=fd543347b20d26c3";"?";"197000000";"?";"?";"?";"?";"?";"whois";"source";"?";"?"
"http://www.indeed.com/salary?q1=Senior+Implementation+Deliveryspec+Sourceone&l1=Home+Based";"?";"197000000";"?";"?";"?";"?";"?";"whois";"source";"?";"?"
"http://www.indeed.com/jobs?q=software+engineer&l=remote&jt=fulltime&fromage=7&start=10";"?";"197000000";"?";"?";"?";"?";"?";"whois";"source";"?";"?"
"http://www.indeed.com/salary?q1=QA+Engineer&l1=remote";"?";"197000000";"?";"?";"?";"?";"?";"whois";"source";"?";"?"
"http://www.indeed.com/salary?q1=Network+Engineer&l1=remote";"?";"197000000";"?";"?";"?";"?";"?";"whois";"source";"?";"?"
"http://www.indeed.com/salary?q1=Software+Engineer&l1=remote";"?";"197000000";"?";"?";"?";"?";"?";"whois";"source";"?";"?"
"http://www.indeed.com/promo/gotajob";"?";"197000000";"?";"?";"?";"?";"?";"whois";"source";"?";"?"
"http://www.indeed.com/salary";"?";"197000000";"?";"?";"?";"?";"?";"whois";"source";"?";"?"
"http://www.indeed.com/jobtrends";"?";"197000000";"?";"?";"?";"?";"?";"whois";"source";"?";"?"
"http://www.indeed.com/forum";"?";"197000000";"?";"?";"?";"?";"?";"whois";"source";"?";"?"
"http://www.indeed.com/Best-Places-to-Work";"?";"197000000";"?";"?";"?";"?";"?";"whois";"source";"?";"?"
"http://www.indeed.com/find-jobs.jsp";"?";"197000000";"?";"?";"?";"?";"?";"whois";"source";"?";"?"
"http://www.indeed.com/tools/jobseeker/";"?";"197000000";"?";"?";"?";"?";"?";"whois";"source";"?";"?"
"http://www.indeed.com/intl/en/about.html";"?";"197000000";"?";"?";"?";"?";"?";"whois";"source";"?";"?"
"http://www.indeed.com/support";"?";"197000000";"?";"?";"?";"?";"?";"whois";"source";"?";"?"
"http://www.indeed.com/legal";"?";"197000000";"?";"?";"?";"?";"?";"whois";"source";"?";"?"
