"http://ca.indeed.com/";"?";"949000";"?";"249771";"?";"175";"?";"whois";"source";"?";"?"
"http://ca.indeed.com/promo/resume";"?";"949000";"?";"249771";"?";"175";"?";"whois";"source";"?";"?"
"http://ca.indeed.com/account/login?dest=%2Fjobs%3Fas_and%3Dsoftware%2Bdeveloper%26as_phr%3D%26as_any%3Dnosql%2Bmongodb%2Bcassandra%2Bhadoop%2Bhbase%2Bclojure%2Bhaskell%26as_not%3D%26as_ttl%3D%26as_cmp%3D%26jt%3Dfulltime%26st%3D%26radius%3D50%26fromage%3D7%26limit%3D100%26sort%3D%26psf%3Dadvsrch";"?";"949000";"?";"249771";"?";"175";"?";"whois";"source";"?";"?"
"http://ca.indeed.com/advanced_search?q=software+developer+%28nosql+or+mongodb+or+cassandra+or+hadoop+or+hbase+or+clojure+or+haskell%29&jt=fulltime&limit=100&fromage=7";"?";"949000";"?";"249771";"?";"175";"?";"whois";"source";"?";"?"
"http://ca.indeed.com/jobs?q=software+developer+%28genome+or+bioinformatics+or+poverty+or+%22world+a+better+place%22+or+%22green+energy%22+or+%22social+impact%22%29&l=&limit=100&rs=1";"?";"949000";"?";"249771";"?";"175";"?";"whois";"source";"?";"?"
"http://ca.indeed.com/jobs?q=software+engineer&l=remote&limit=50&radius=25&rs=1";"?";"949000";"?";"249771";"?";"175";"?";"whois";"source";"?";"?"
"http://ca.indeed.com/jobs?q=software+developer+%28%22contributes+to+open+source%22+or+%22enthusiastic+about+open+source%22+or+%22we+contribute+to+open+source%22+or+%22open+source+stack%22+or+%22passion+for+open+source%22%29&l=&limit=100&rs=1";"?";"949000";"?";"249771";"?";"175";"?";"whois";"source";"?";"?"
"http://ca.indeed.com/jobs?q=startup+%22software+engineer%22&l=&limit=50&rs=1";"?";"949000";"?";"249771";"?";"175";"?";"whois";"source";"?";"?"
"http://ca.indeed.com/jobs?q=software+engineer+%28kegerator+or+gym+or+%22ping+pong%22+or+foosball+or+%22fitness+center%22+or+%22pool+table%22+or+%22catered+lunches%22%29&l=&limit=50&rs=1";"?";"949000";"?";"249771";"?";"175";"?";"whois";"source";"?";"?"
"http://ca.indeed.com/jobs?q=software+developer&l=remote&radius=25&rs=1";"?";"949000";"?";"249771";"?";"175";"?";"whois";"source";"?";"?"
"http://ca.indeed.com/jobs?q=software+engineer+%28%22contributes+to+open+source%22+or+%22enthusiastic+about+open+source%22+or+%22we+contribute+to+open+source%22+or+%22open+source+stack%22+or+%22passion+for+open+source%22%29&l=&rs=1";"?";"949000";"?";"249771";"?";"175";"?";"whois";"source";"?";"?"
"http://ca.indeed.com/jobs?q=software+developer&l=&radius=25&rs=1";"?";"949000";"?";"249771";"?";"175";"?";"whois";"source";"?";"?"
"http://ca.indeed.com/jobs?q=software+engineer&l=&radius=25&rs=1";"?";"949000";"?";"249771";"?";"175";"?";"whois";"source";"?";"?"
"http://ca.indeed.com/?cls";"?";"949000";"?";"249771";"?";"175";"?";"whois";"source";"?";"?"
"http://ca.indeed.com/jobs?q=software+developer+%28nosql+or+mongodb+or+cassandra+or+hadoop+or+hbase+or+clojure+or+haskell%29&jt=fulltime&limit=100&fromage=7&sort=date";"?";"949000";"?";"249771";"?";"175";"?";"whois";"source";"?";"?"
"http://ca.indeed.com/rc/clk?jk=f276827a9918ac1b";"?";"949000";"?";"249771";"?";"175";"?";"whois";"source";"?";"?"
"http://ca.indeed.com/jobs?as_and=software+developer&as_phr=&as_any=nosql+mongodb+cassandra+hadoop+hbase+clojure+haskell&as_not=&as_ttl=&as_cmp=&jt=fulltime&st=&radius=50&fromage=7&limit=100&sort=&psf=advsrch";"?";"949000";"0";"249771";"?";"175";"?";"whois";"source";"?";"?"
"http://ca.indeed.com/Iqmetrix-jobs";"?";"949000";"?";"249771";"?";"175";"?";"whois";"source";"?";"?"
"http://ca.indeed.com/jobs-in-Vancouver-BC";"?";"949000";"?";"249771";"?";"175";"?";"whois";"source";"?";"?"
"http://ca.indeed.com/rc/clk?jk=160eaca260be4caf";"?";"949000";"?";"249771";"?";"175";"?";"whois";"source";"?";"?"
"http://ca.indeed.com/jobs?q=Cbc%2Fradio-canada";"?";"949000";"?";"249771";"?";"175";"?";"whois";"source";"?";"?"
"http://ca.indeed.com/jobs-in-Toronto-ON";"?";"949000";"?";"249771";"?";"175";"?";"whois";"source";"?";"?"
"http://ca.indeed.com/cmp/Cbc/radio--canada";"?";"949000";"?";"249771";"?";"175";"?";"whois";"source";"?";"?"
"http://ca.indeed.com/rc/clk?jk=a3fb65ec018914c3";"?";"949000";"?";"249771";"?";"175";"?";"whois";"source";"?";"?"
"http://ca.indeed.com/cmp/Ust-Global-Inc/reviews";"?";"949000";"?";"249771";"?";"175";"?";"whois";"source";"?";"?"
"http://ca.indeed.com/Ust-Global-jobs";"?";"949000";"?";"249771";"?";"175";"?";"whois";"source";"?";"?"
"http://ca.indeed.com/rc/clk?jk=a7f9bfe8b56c42cf";"?";"949000";"?";"249771";"?";"175";"?";"whois";"source";"?";"?"
"http://ca.indeed.com/Ross-jobs";"?";"949000";"?";"249771";"?";"175";"?";"whois";"source";"?";"?"
"http://ca.indeed.com/rc/clk?jk=45120d6fc7dd527c";"?";"949000";"?";"249771";"?";"175";"?";"whois";"source";"?";"?"
"http://ca.indeed.com/Options-Personnel-jobs";"?";"949000";"?";"249771";"?";"175";"?";"whois";"source";"?";"?"
"http://ca.indeed.com/rc/clk?jk=a8ee9dc8a80157ea";"?";"949000";"?";"249771";"?";"175";"?";"whois";"source";"?";"?"
"http://ca.indeed.com/Options-Consulting-Solutions-jobs";"?";"949000";"?";"249771";"?";"175";"?";"whois";"source";"?";"?"
"http://ca.indeed.com/rc/clk?jk=cc22c218af9a4cd1";"?";"949000";"?";"249771";"?";"175";"?";"whois";"source";"?";"?"
"http://ca.indeed.com/cmp/Workopolis/reviews";"?";"949000";"?";"249771";"?";"175";"?";"whois";"source";"?";"?"
"http://ca.indeed.com/Workopolis-jobs";"?";"949000";"?";"249771";"?";"175";"?";"whois";"source";"?";"?"
"http://ca.indeed.com/cmp/Workopolis";"?";"949000";"?";"249771";"?";"175";"?";"whois";"source";"?";"?"
"http://ca.indeed.com/rc/clk?jk=e04dc717d7f342ef";"?";"949000";"?";"249771";"?";"175";"?";"whois";"source";"?";"?"
"http://ca.indeed.com/cmp/Td-Bank/reviews";"?";"949000";"?";"249771";"?";"175";"?";"whois";"source";"?";"?"
"http://ca.indeed.com/Td-Bank-jobs";"?";"949000";"?";"249771";"?";"175";"?";"whois";"source";"?";"?"
"http://ca.indeed.com/cmp/Td-Bank";"?";"949000";"?";"249771";"?";"175";"?";"whois";"source";"?";"?"
"http://ca.indeed.com/rc/clk?jk=2f5087133f5896c1";"?";"949000";"?";"249771";"?";"175";"?";"whois";"source";"?";"?"
"http://ca.indeed.com/cmp/Robert-Half/reviews";"?";"949000";"?";"249771";"?";"175";"?";"whois";"source";"?";"?"
"http://ca.indeed.com/Robert-Half-Technology-jobs";"?";"949000";"?";"249771";"?";"175";"?";"whois";"source";"?";"?"
"http://ca.indeed.com/cmp/Robert-Half";"?";"949000";"?";"249771";"?";"175";"?";"whois";"source";"?";"?"
"http://ca.indeed.com/rc/clk?jk=186d0a599c02ab26";"?";"949000";"?";"249771";"?";"175";"?";"whois";"source";"?";"?"
"http://ca.indeed.com/cmp/Cybercoders/reviews";"?";"949000";"?";"249771";"?";"175";"?";"whois";"source";"?";"?"
"http://ca.indeed.com/Cybercoders-jobs";"?";"949000";"?";"249771";"?";"175";"?";"whois";"source";"?";"?"
"http://ca.indeed.com/jobs?q=software+developer+%28nosql+or+mongodb+or+cassandra+or+hadoop+or+hbase+or+clojure+or+haskell%29&jt=fulltime&limit=100&fromage=7&filter=0";"?";"949000";"?";"249771";"?";"175";"?";"whois";"source";"?";"?"
"http://ca.indeed.com/tips.jsp";"?";"949000";"?";"249771";"?";"175";"?";"whois";"source";"?";"?"
"http://ca.indeed.com/browsejobs";"?";"949000";"?";"249771";"?";"175";"?";"whois";"source";"?";"?"
"http://ca.indeed.com/jobtrends/industry";"?";"949000";"?";"249771";"?";"175";"?";"whois";"source";"?";"?"
"http://ca.indeed.com/intl/en/about.html";"?";"949000";"?";"249771";"?";"175";"?";"whois";"source";"?";"?"
"http://ca.indeed.com/support";"?";"949000";"?";"249771";"?";"175";"?";"whois";"source";"?";"?"
"http://ca.indeed.com/legal";"?";"949000";"?";"249771";"?";"175";"?";"whois";"source";"?";"?"
