"http://ca.indeed.com/";"?";"21800000";"?";"296584";"?";"170";"?";"whois";"source";"?";"?"
"http://ca.indeed.com/promo/resume";"?";"21800000";"?";"296584";"?";"170";"?";"whois";"source";"?";"?"
"http://ca.indeed.com/account/login?dest=%2Fjobs%3Fas_and%3Dsoftware%2Bengineer%26as_phr%3D%26as_any%3D%26as_not%3D%26as_ttl%3D%26as_cmp%3D%26jt%3Dall%26st%3D%26radius%3D25%26l%3Dremote%26fromage%3D7%26limit%3D50%26sort%3D%26psf%3Dadvsrch";"?";"21800000";"?";"296584";"?";"170";"?";"whois";"source";"?";"?"
"http://ca.indeed.com/advanced_search?q=software+engineer&l=remote&radius=25&limit=50&fromage=7";"?";"21800000";"?";"296584";"?";"170";"?";"whois";"source";"?";"?"
"http://ca.indeed.com/jobs?q=software+developer+%28%22contributes+to+open+source%22+or+%22enthusiastic+about+open+source%22+or+%22we+contribute+to+open+source%22+or+%22open+source+stack%22+or+%22passion+for+open+source%22%29&l=&limit=100&rs=1";"?";"21800000";"?";"296584";"?";"170";"?";"whois";"source";"?";"?"
"http://ca.indeed.com/jobs?q=startup+%22software+engineer%22&l=&limit=50&rs=1";"?";"21800000";"?";"296584";"?";"170";"?";"whois";"source";"?";"?"
"http://ca.indeed.com/jobs?q=software+engineer+%28kegerator+or+gym+or+%22ping+pong%22+or+foosball+or+%22fitness+center%22+or+%22pool+table%22+or+%22catered+lunches%22%29&l=&limit=50&rs=1";"?";"21800000";"?";"296584";"?";"170";"?";"whois";"source";"?";"?"
"http://ca.indeed.com/jobs?q=software+developer+%28nosql+or+mongodb+or+cassandra+or+hadoop+or+hbase+or+clojure+or+haskell%29&l=&limit=100&rs=1";"?";"21800000";"?";"296584";"?";"170";"?";"whois";"source";"?";"?"
"http://ca.indeed.com/jobs?q=software+developer+%28genome+or+bioinformatics+or+poverty+or+%22world+a+better+place%22+or+%22green+energy%22+or+%22social+impact%22%29&l=&limit=100&rs=1";"?";"21800000";"?";"296584";"?";"170";"?";"whois";"source";"?";"?"
"http://ca.indeed.com/jobs?q=software+developer&l=remote&radius=25&rs=1";"?";"21800000";"?";"296584";"?";"170";"?";"whois";"source";"?";"?"
"http://ca.indeed.com/jobs?q=software+engineer+%28%22contributes+to+open+source%22+or+%22enthusiastic+about+open+source%22+or+%22we+contribute+to+open+source%22+or+%22open+source+stack%22+or+%22passion+for+open+source%22%29&l=&rs=1";"?";"21800000";"?";"296584";"?";"170";"?";"whois";"source";"?";"?"
"http://ca.indeed.com/jobs?q=software+developer&l=&radius=25&rs=1";"?";"21800000";"?";"296584";"?";"170";"?";"whois";"source";"?";"?"
"http://ca.indeed.com/jobs?q=software+engineer&l=&radius=25&rs=1";"?";"21800000";"?";"296584";"?";"170";"?";"whois";"source";"?";"?"
"http://ca.indeed.com/?cls";"?";"21800000";"?";"296584";"?";"170";"?";"whois";"source";"?";"?"
"http://ca.indeed.com/jobs?q=software+engineer&l=remote&radius=25&limit=50&fromage=7&sort=date";"?";"21800000";"?";"296584";"?";"170";"?";"whois";"source";"?";"?"
"http://ca.indeed.com/Software-Engineer-jobs";"?";"21800000";"?";"296584";"?";"170";"?";"whois";"source";"?";"?"
"http://ca.indeed.com/rc/clk?jk=4295d0157bcbbd83";"?";"21800000";"?";"296584";"?";"170";"?";"whois";"source";"?";"?"
"http://ca.indeed.com/jobs?as_and=software+engineer&as_phr=&as_any=&as_not=&as_ttl=&as_cmp=&jt=all&st=&radius=25&l=remote&fromage=7&limit=50&sort=&psf=advsrch";"?";"21800000";"0";"296584";"?";"170";"?";"whois";"source";"?";"?"
"http://ca.indeed.com/Whamcloud-jobs";"?";"21800000";"?";"296584";"?";"170";"?";"whois";"source";"?";"?"
"http://ca.indeed.com/jobs-in-Remote";"?";"21800000";"?";"296584";"?";"170";"?";"whois";"source";"?";"?"
"http://ca.indeed.com/rc/clk?jk=72823ee7ccfe8e4f";"?";"21800000";"?";"296584";"?";"170";"?";"whois";"source";"?";"?"
"http://ca.indeed.com/tips.jsp";"?";"21800000";"?";"296584";"?";"170";"?";"whois";"source";"?";"?"
"http://ca.indeed.com/browsejobs";"?";"21800000";"?";"296584";"?";"170";"?";"whois";"source";"?";"?"
"http://ca.indeed.com/jobtrends/industry";"?";"21800000";"?";"296584";"?";"170";"?";"whois";"source";"?";"?"
"http://ca.indeed.com/intl/en/about.html";"?";"21800000";"?";"296584";"?";"170";"?";"whois";"source";"?";"?"
"http://ca.indeed.com/support";"?";"21800000";"?";"296584";"?";"170";"?";"whois";"source";"?";"?"
"http://ca.indeed.com/legal";"?";"21800000";"?";"296584";"?";"170";"?";"whois";"source";"?";"?"
