HITId,Input.orig-ad-url,Input.search,job-ad-url,work-from-home,open-source,startup,kegerator,bleeding-edge-tech,meaningful-jobs,relocation,title,company,description,city,state,country-code
36FQTHX3Z2Q9OBKVWU9YC8LZUCWB3Z,http://ca.indeed.com/rc/clk?jk=72823ee7ccfe8e4f,work_from_home,http://www.startuply.com/Jobs/Software_Engineers_Python_6424_2.aspx?utm_medium=organic,on,"","","","","","",Software Engineers-Python,Whamcloud,"Develop, maintain and debug the Django back-end of our scalable storage management application.
This includes expanding the app’s feature set and working in continuous collaboration with the front-end developers to improve user experience.
Analyzes, designs, programs, debugs, and modifies software enhancements and/or new products used in local, networked, or Internet-related computer programs.
Using current programming language and technologies, writes code, completes programming, and performs testing and debugging of applications. Completes documentation and procedures for installation and maintenance.",telecommute,"",ca
35F6NGNVM7IRLGFZYS39PJ315LIT7C,http://ca.indeed.com/rc/clk?jk=a7f9bfe8b56c42cf,bleeding_edge_tech,http://www.pcrecruiter.net/pcrbin/reg5.aspx?i1=WEBGUEST&i2=101257686282729&i3=DETAIL&i4=101257686282729&i5=&i6=&i7=&i8=4%2f16%2f2014%205:52:17%20AM&hash=90905375&i10=0&pcr-id=dJq6pdIDcEMLrUV%2bvwAEqdVi8HOKiT2aCvvwK06zfbhVMqE5dFFW%2bHjex7wNyV%2br%2fEHumEg2l5z1%0D%0AuQ%3d%3d,"","","","",on,"","",Business Intelligence Developer,ROSS,"Perform data analysis, modeling and profiling
Conduct ETL development and create ETL processes
Provide guidance on project design, report development, security and data mart design
Build reports/dashboards for dissemination through a web based environment",Toronto,ON,ca
3D42WVSDH7U0HVTZQHOKLS8XIBJFYR,http://ca.indeed.com/rc/clk?jk=cc22c218af9a4cd1,bleeding_edge_tech,http://www.workopolis.com/jobsearch/job/15009158?uc=E12&cid=271%3A19L%3A13678&utm_medium=organic,"","","","",on,"","",Sr .NET/C# Programmer Analyst,Workopolis,"Analyze business requirements for the company and design the best possible solution based on technology, infrastructure and timelines provided.
Work closely with the Application Development Manager, Application Development Assistant Manager, Team Leads, Business Analysts and End Users to ensure code quality, accuracy and correct business solutions have been developed.
Participates, and at times leads, in the multiple stages of project development adhering to the SDLC/CMMI and methodologies.
Develop solutions utilizing the appropriate technology (VB 6.0, Crystal Reports, SQL Server 2008, XML, XSLT).
Develop unit test cases and criteria ensuring all functionality adheres to all required specifications.
Provide production implementation and post-implementation support.
SQL server database maintenance including but not limited to schema changes, stored procedures, views, functions, replication concepts and performance monitoring and tuning.
Complete project deliverables within timelines specified and budget constraints as per business requirements.
Investigate/discuss technology changes, paths and standards to facilitate application evolution.
Assist in IT development related Help Desk tickets issued by the end user(s) or third party businesses.",Scarborough,on,ca
3NZ1E5QA6Y0C2Q7ZADXRR5JJ88NB5P,http://ca.indeed.com/rc/clk?jk=17110e2bb4ea3cc7,startup,http://recruiting.ultipro.com/usg1006/JobBoard/dfc53730-57d1-3460-336f-ddafabd108f3/Opportunity/OpportunityDetail?opportunityId=e457990c-b476-415d-b691-b558ccccb556&__jbsrc=050B5775-2845-4EFA-B8E6-7C64DB44FB7B,"","",on,"","","","",WORKBRAIN SOFTWARE ENGINEER,Ultimate software,"Analyze and resolve problems occuring during Workbrain upgrades and new installations
Work closely with Business to help them in day to day problems
Understand customer requirements and address them via configuration or code
Identify recurring issues/alerts and conduct root cause analysis",Toronto,ON,ca
3EFNPKWBMRN84OHLYEC9SRPG38Z032,http://ca.indeed.com/rc/clk?jk=368221c553c849be,startup,http://hire.jobvite.com/CompanyJobs/Careers.aspx?k=Job&c=q539VfwW&j=osBLYfww,"","",on,on,"","","",Senior Software Engineer,OpenDNS,"We’re looking for a Senior Software Engineer that enjoys wearing many hats, a self-starter that’s willing to jump headfirst into the codebase and start improving it immediately.  This is a true generalist role, so if you’ve tried a few different web stacks and have your favorites, that’s a good sign. Or, if you’ve got solid middle-tier experience and you’re a fast learner, this would be a great opportunity to branch out.",Vancouver,BC,ca
3FI30CQHVJI8LU7DFW7WJBXJ43YB65,http://ca.indeed.com/rc/clk?jk=5a52d603126c3685,startup,http://hire.jobvite.com/CompanyJobs/Careers.aspx?k=Job&c=q539VfwW&j=oLBLYfwP,"","",on,on,"","","",Cloud Perimeter - Mac Endpoint Developer,OpenDNS,"OpenDNS is looking for  a sharp, experienced senior Mac/Linux software engineer to develop and extend the next wave of endpoint security. This is a chance to work on the team which extends the OpenDNS predictive security model out to the new cloud perimeter. If you have a passion for solving the trickiest of network connectivity problems and using new and creative solutions to keep user information safe, we want you.",Vancouver,BC,ca
35NNO802AUVQFNRBKNLU79NIUJ7INV,http://ca.indeed.com/rc/clk?jk=cbd9e54c13e05d2a,kegerator,http://hootsuite.theresumator.com/apply/21291b1b56587f436665666b636e445a72601c087c3810131c74263025070b720a541b/Android-Engineer.html?source=INDE&sid=KFyDdhNwVVWSRXpnGWCG5tZCYLgtjVN3AlH,"","","",on,"","","",Intermediate Software Engineer,Hootsuite,"Work shoulder to shoulder with talented, fun-loving engineers working on challenging problems.
Collaborate in small teams to design, build, and ship high quality software to Hootsuite's customers.
Iterate in an agile fashion, creating hypotheses and testing them with incremental code shipments through continuous integration.
Find opportunities to lead by nurturing the development of more junior Engineers.",Vancouver,BC,ca
3HEM8MA6H8B3Z6R7DA3VK0JZL8PQP2,http://ca.indeed.com/rc/clk?jk=b00bb287690fe629,kegerator,http://hire.jobvite.com/CompanyJobs/Careers.aspx?k=Job&su=f8D9Vfwz&c=qS99VfwP&j=oUWMYfwk&utm_medium=organic,"","","",on,"","","",Backend Server Engineer,GREE Game Studio,"Work closely with game teams to design, develop, implement and release the server application software to deliver large scale social games on multiple web and mobile platforms
Develop high-volume backend services using Php, node.js, and Python
Design and develop scalable and efficient application features for our games
Develop reliable software applications on Amazon's EC2 infrastructure
Optimize for scalability, efficiency and maintainability in a cost effective and practical manner",Vancouver,VA,ca
3BKZLF990YYX8KJ84XZEXRCBPDSYQ4,http://ca.indeed.com/rc/clk?jk=f8a8bbb1e1ab0b54,kegerator,http://www.jobscore.com/jobs2/teradici/software-design-quality-automation-engineer/bCQFzO9MKr47BgiGakhP3Q?PID=1835672,"","","",on,"","","",Software Design / Quality Automation Engineer,Teradici PCoIP,"Work as part of a Scrum team on the development and testing efforts of PCoIP endpoints, network infrastructure, or endpoint management solutions.
Design, develop, and architect automated testing coverage.
Make automated scripting more effective and efficient by:

    Intelligently prioritizing what to automate,
    Writing well-documented, reliable, shared, reusable and maintainable code,
    Designing, developing, administering and maintaining test infrastructure.

Troubleshoot and isolate issues, file bug reports, and validate bug fixes.",Burnaby,BC,ca
32L724R85KJQI83O02YMBYSDUY8IPR,http://ca.indeed.com/rc/clk?jk=d4e94b06af122e1c,kegerator,https://careers-avigilon.icims.com/jobs/1234/senior-test-automation-and-system-test-engineer/job?mode=job&mobile=false&width=1366&height=667&bga=true&needsRedirect=false,"","","",on,"","","",Senior Test Automation and System Test Engineer,Avigilon,"Develop, maintain and evolve current Avigilon End to End System Test methodology and practices.
Extend our System Test methodology and practices to all Avigilon products.",Vancouver,BC,ca
3KVQ0UJWPWK4QT5A54TNEJW4I95W5Q,http://ca.indeed.com/rc/clk?jk=30c4302876abff8d,kegerator,http://hootsuite.theresumator.com/apply/520a383a627b7a630576036e01510c4276611021281578260a710a067d607d202c0f23/Intermediate-Software-Engineer-Android.html?source=INDE&sid=8eZePKKW5E2V0g8vCVOnaY2vOIKB218ag7p,"","","",on,"","","",Python Developer,Hootsuite,"Work shoulder to shoulder with talented, fun-loving engineers working on challenging problems.
Collaborate in small teams to design, build, and ship high quality software to Hootsuite's customers.
Iterate in an agile fashion, creating hypotheses and testing them with incremental code shipments through continuous integration.",Vancouver,BC,ca
368IUKXGA47APO8NY1PXEV28L7E6PM,http://www.indeed.com/rc/clk?jk=79e0c3f6389fe081,work_from_home,http://jobs.dell.com/us/united-states/secureworks/jobid5560223-python-developer-%28remote%29-dell-secureworks,on,"","","",on,"","",Application Engineer - West Coast Construction,Dell,"-Responsible for the design and development activities associated with software  using a range of applicable technologies (e.g., programming languages, compilers, assemblers, debuggers, other tools) for products used in local, networked or Internet-related computer programs
-Participates in product development in all stages including planning, design, development, testing, implementation and post deployment support - See more at: http://jobs.dell.com/us/united-states/secureworks/jobid5560223-python-developer-(remote)-dell-secureworks#sthash.VPBVv2k5.dpuf",telecommute,"",us
32TMVRKDGMXB495STWU7VBN406848F,http://www.indeed.com/rc/clk?jk=4face868f3bd7345,work_from_home,https://careers.peopleclick.com/careerscp/client_dowcorning/external/gateway.do?functionName=viewFromLink&jobPostId=4680&localeCode=en-us&sourceType=PREMIUM_POST_SITE,on,"","","","","","",Integration Engineer,Dow Corning,"Dow Corning's High Performance Building organization seeks an application engineer to provide technical and engineering support including Dow Corning's silicone solutions for existing products, commercialization of new products and targeted growth opportunities that align with our customer needs. This position will work closely with customers in the facade industry (Insulating Glass, Curtain Wall, Air Barrier) to provide project design and jobsite troubleshooting as well as identify and communicate unmet customer needs that can be translated into ""incremental innovation"" opportunities.

This role will work in partnership with our sales organization and be based in on the West Coast, preferably California. This position will support Western United States region including Mexico, and Western Canada. This application engineering role will travel frequently throughout the assigned territory to support our sales professionals in our high performance building organization.",telecommute,"",us
3Y3CZJSZ9JSZIXOO6AJHRKONQUQ5RW,http://www.indeed.com/rc/clk?jk=8e894a74ce8410ee,work_from_home,https://ch.tbe.taleo.net/CH03/ats/careers/requisition.jsp?org=CANONICAL&cws=1&rid=853,on,"","","","","","",Software Engineer,Canonical,"Work in the design, development and maintenance of client and server components of the services built around ubuntu.

    Ensure the reliability, scalability and availability of such services.

    Take responsibility for engineering delivery to spec, plan and quality required

    Use test-driven development, ensure code test coverage, add tests for untested code",telecommute,"",us
37SDSEDIN81UCA896EB5XDG1OMX815,http://www.indeed.com/rc/clk?jk=8de6a9fe9faafda3,work_from_home,http://ch.tbe.taleo.net/CH02/ats/careers/requisition.jsp?org=VERINT&cws=1&rid=7866,on,"","","","","","",Quality Assurance Engineer,Verint Systems,"The QA Engineer will work with collaborate with team QA engineers, developers and integrators  to partner on specific site information, debug problems and   report new defects founds during the testing process.
Provide training and orientation of other team members and/or end users
- See more at: http://ch.tbe.taleo.net/CH02/ats/careers/requisition.jsp?org=VERINT&cws=1&rid=7866&source=Indeed#sthash.UP7yKXJJ.dpuf",telecommute,"",us
3TC2K6WK9F111VQ5PIBJ2WQ6GSB82M,http://www.indeed.com/rc/clk?jk=114992d7d4d5d59b,work_from_home,http://jobs.citrix.com/job/Remote-Senior-Systems-Engineer%2C-Telecom-OR-97458/69563900/?feedId=50800,on,"","","","","","","Senior Systems Engineer, Telecom",Citrix,"Strong organizational and time management skills.

Must be customer focused and have the ability to manage and resolve solutions to complex technical issues.

Excellent oral and written communication skills

Outstanding presentation and interpersonal skills",telecommute,"",us
3PGQRAZX01J9L0YLW1OJSRRC71DYST,http://www.indeed.com/rc/clk?jk=28567b8910546236,work_from_home,http://jobs.emc.com/us/united-states/new-graduate-%EF%B9%A0-internship/jobid5554497-asc-customer-service-engineer?apstr=%26codes%3D1-IJIND,on,"","","","","","",Asc Customer Service Engineer,EMC,"Learns to competently perform the major categories of work for this role. Gains exposure to proper procedures, communication protocol, and required case management, customer & time reporting systems, etc.




Performs pro-active and corrective maintenance according to established procedures. Level of supervision required is expected to decrease over 6-12 months. Adheres to proper escalation procedures. Refines and develops troubleshooting skills.




Learn to execute the basics of an install cycle for EMC hardware or software. Builds experience with hardware-related custom integration of EMC products at the customer site. This may include implementation, integration and product orientation for the customer. Implementation experience includes learning to create BIN file documentation and writing non-complex BIN files.




Responsible for part replacements as directed. This includes the timely and accurate submission of all associated documentation as well as part return within 24 hours of the event. Submits accurate documentation at the completion of an event.",telecommute,"",us
371DNNCG431VLUKI8XVF3JZWG5OT8Z,http://www.indeed.com/rc/clk?jk=5f9a08616fa927f3,work_from_home,http://www.smithsdetectioncareers.com/na/index.php?p=viewjob&job_id=2941,on,"","","","","","",Field Service Engineer,Smiths Detection,"•	Develops a strong and service driven culture within their team.
•	Provides detailed performance reviews, feedback, and coaching to their FSE’s; to include an annual performance review.
•	Reviews and approves vacation requests, expense reports, service reports, and time cards for their team weekly, ensuring both their accuracy, timeliness, and adherence to company policy.
•	Responsible for supervising daily service repair needs and driving customer satisfaction
•	Installs, repairs and maintains equipment in the field; provides customer training as required. 
•	Documents all inspections, maintenance, repair work and submits paperwork in a timely basis
•	Order, install, and return parts and manages repair parts cycle time
•	Reviews all logs for open issues and prepares formal reports to customers as necessary.
•	Participates in Service Sales opportunities and assists with promoting and implementing revenue programs.
•	Ensures that tools and test equipment are properly maintained and calibrated throughout their team
•	Assesses product/equipment performance based on field support data; recommends modifications or improvements.
•	Seeks to provide technical support to customers and other service professionals as required.
•	Participates in site surveys, pilot program service activities, attend meetings, champion special projects and prepare exclusive reports.
•	Maintains clear and concise business communication proficiency, both oral and written
•	Establishes and maintains a close relationship with other Lead FSE’s, Regional Managers, and the Scheduling Team in order to support the needs of the customer, region, and business.
•	Exercises every available measure to control and minimize costs of both self and FSE Team.
•	Travel, overtime and work hours other than Monday-Friday may be required.
•	Comply with and ensure department compliance with Company health, safety and environmental policies.
•	Comply with all applicable U.S. export control and security regulations.
•	Other duties as required.",telecommute,"",us
3NSM4HLQNQTOZISMDNIKK599Q4BQQT,http://www.indeed.com/rc/clk?jk=26890f889ea8015a,bleeding_edge_tech,http://careers.vistaprint.com/lexington/technology/senior-lead-software-developer/11037?mode=job&iis=Job+Board+Posting+posting,"","","","",on,"","",Senior Lead Software Developer,Vistaprint,"As a Senior Lead Software Engineer on the Product team, you will join a unique and cross-functional team, focused on developing the core product services, technologies, and tools that enable Vistaprint to introduce new products and connect our multiple customer-facing properties worldwide with our expanding global network of highly automated manufacturing facilities.",Lexington,MA,us
302U8RURJY0V1TBBJUKDMYDC2L3NVX,http://www.indeed.com/rc/clk?jk=bea7891fa2e3e66a,bleeding_edge_tech,http://hire.jobvite.com/CompanyJobs/Careers.aspx?c=q5y9Vfwr&jvresize=http%3a%2f%2fwww.doubledutch.me%2fjs%2fjobvite.html&page=Job%20Description&j=oGNYXfw8,"","","","",on,"","",Senior Web Developer,DoubleDutch,"Build fast, secure, beautiful and scalable web apps
Visualize large amounts of behavioral user data
Optimize the retrieval and aggregation of massive datasets
Use modern web technologies to reinvent CRM dashboards
And as always, debug hard problems",San Francisco,CA,us
3JAOYN9IHK14LGGIH1USUPNN6KJ330,http://www.indeed.com/rc/clk?jk=9f23ab95b28468b9,bleeding_edge_tech,http://www.connectionsny.com/search/details/job_id/1306,"","","","",on,"","",Tick Data Programmer / C++ or Kdb,Connections of New York,Background: This team is a newly formed group in whose mission is to provide support to application developers working with q and kdb+. We are creating an internal consulting group to augment the internal training efforts with a goal is of achieving a superior level of developer expertise in q programming and kdb+ design and implementation.,New York,NY,us
3CESM1J3EH209X5OAN3S6PA4E4GW66,http://www.indeed.com/rc/clk?jk=a269227b164c1654,bleeding_edge_tech,http://ch.tbe.taleo.net/CH06/ats/careers/requisition.jsp?org=FUTUREWEITECH&cws=1&rid=5282,"","","","",on,"","",Big Data Platform Engineer,Huawei,"Responsible for the full lifecycle of Huawei’s next generation big data platform;

          Leadership role in adopting, optimizing, productization of Hadoop/BDAS modules critical for Huawei’s business goals;

          Participation in evaluations of, POCs on, and, ultimately, selections from,  alternative technologies that will best suite customer  requirements;",Santa Clara,CA,us
3CMIQF80GMPVP092YE4ME0SIQ306QD,http://www.indeed.com/rc/clk?jk=8c49ee8f41fc9645,bleeding_edge_tech,http://www.respondhr.com/34571201,"","","","",on,"","",Senior Application Developer,KPMG,"Design, construct, implement and support client-facing software that meets the business requirements
Review the business requirements and prepare technical design documents including extended use cases, class diagrams, collaboration diagrams, sequence diagrams and detailed hardware specifications
Perform software construction, unit testing and debugging including the preparation of new software, reuse of existing code, modification of existing programs, or integration of purchased solutions",New York,NY,us
3W0XM68YZOUE7BAAF388NIPSJMS1KI,http://www.indeed.com/rc/clk?jk=570f0ad4677fc958,open_source,http://jobs.redhat.com/jobs/descriptions/software-engineer-westford-massachusetts-job-12-4478016?mode=job,"",on,"","","","","",Software Engineer,Red Hat,"The Red Hat Release Configuration Management team is seeking a Software Engineer. In this role, you will have the opportunity to contribute to and advance the future of open source technologies within the realm of the Fedora Project. We're focused on enabling the development of the next version of Red Hat Enterprise Linux (RHEL) on all supported platforms, enabling our enterprise customers and ISVs to advance forward. As a Software Engineer, you'll manage the build and delivery of Fedora both repeatably and reliably. We'll need you to be self-motivated, with a passion for automation and attention to detail. You'll also need good cross-team communication skills.",Westford,MA,us
3QI9WAYOGPA72GOFQITR907J8RL6S2,http://www.indeed.com/rc/clk?jk=fc8a42c25619e6d1,open_source,http://jobs.redhat.com/jobs/descriptions/principal-software-engineer-westford-massachusetts-job-18-4445177?mode=job,"",on,"","","","","",Principal Software Engineer,Red Hat,"Play a key role in the NFS Engineering team
    Be an active contributor to the Linux NFS code upstream
    Address customer reported bugs in a timely manner
    Work closely with other NFS developers in both Red Hat and the community
    Help influence the future direction of NFS development",Westford,MA,us
382GHPVPHRQP3CZMHFZB4UFTKKF34L,http://www.indeed.com/rc/clk?jk=5bd002e68eb1c678,open_source,http://jobs.redhat.com/jobs/descriptions/senior-software-applications-engineer-raleigh-north-carolina-job-21-4402466?mode=job,"",on,"","","","","",Senior Software Applications Engineer,Red Hat,"The Red Hat IT team is seeking a highly experienced software engineer to join us as a Senior Software Applications Engineer. In this role, you'll work as a member of a highly dynamic IT SOA services and enterprise service bus team focused on integrating and maintaining the disparate systems that make up the backbone of clients' online and back-office presence. You will document, design, develop, test, and release enterprise middleware solutions that conform to enterprise design patterns using the JBoss technology stack. As a Software Applications Engineer, you'll also contribute to the team capabilities and deliverables by demonstrating technical competency, personal initiative, creativity, learning, and sharing, while collaborating with local and remote team members as well as external groups.",Raleigh,NC,us
3D1UCPY6GF8QMDMOTIPOL6VYM6B83X,http://www.indeed.com/rc/clk?jk=c104ce8ed81e3e9e,open_source,http://jobs.redhat.com/jobs/descriptions/software-engineer-python-raleigh-north-carolina-job-9-4490292?mode=job,"",on,"","","","","",Software Engineer - Python,Red Hat,"Create new features and contribute them to upstream projects in Python
Submit patches for bug fixes to the community and review patches from other community members
Partner with the Red Hat Quality Engineering team to ensure projects are tested correctly
Collaborate with a globally distributed technical team",Raleigh,NC,us
32TMVRKDGMXB495STWU7VBN406784I,http://www.indeed.com/rc/clk?jk=fe598afa3ed92c3a,open_source,http://jobs.redhat.com/jobs/descriptions/principal-software-engineer-openshift-mountain-view-california-job-23-4383175?mode=job,"",on,"","","","","",Principal Software Engineer - OpenShift,Red Hat,"Work with the following technologies on a day-to-day basis:

    Red Hat Enterprise Linux (RHEL)
    Fedora
    cgroups
    SELinux
    Docker, OpenStack, and all related technologies
    Ruby and Bash scripting
    Packaging, including Red Hat Package Manager (RPM), RubyGems, etc.

Communicate with end users through IRC, forums, and email
Work on large-scale LAMP architectures and deployment techniques",Mountain View,CA,us
3YKP7CX6G1ERPULIY6COPPXFZEIB74,http://www.indeed.com/rc/clk?jk=7acc82638775b430,open_source,http://jobs.redhat.com/jobs/descriptions/principal-software-engineer-big-data-westford-massachusetts-job-25-4355940?mode=job,"",on,"","","","","",Principal Software Engineer - Big Data,REDHAT,"Company description
At Red Hat, we connect an innovative community of customers, partners, and contributors to deliver an open source stack of trusted, high-performing technologies that solve business problems. We’re a billion dollar S&P 500 company offering solutions from Linux to middleware, storage to cloud, together with award-winning global customer support, consulting, and implementation services.
Job summary
The Red Hat Big Data team within Engineering is seeking a talented developer with Python expertise to join us as a Principal Software Engineer in Westford, MA, Raleigh, NC, Madison, WI, or Mountain View, CA. In this role, you will work alongside some of the brightest developers in the industry while helping build out projects and products that merge Hadoop and OpenStack. As a Principal Software Engineer, you'll also work on developing new features and contributing them to the community. Candidates may also be considered for remote locations (United States or Canada).
Primary job responsibilities
Collaborate with the OpenStack Savanna community
Fix bugs and provide reviews in the community
Develop new features and contribute them to the community
Interact with a globally distributed, technical team
Publicize work through blogs and social media
Required skills
3+ years of development experience
Demonstrated experience participating in open source communities
Demonstrated development expertise with Python, Java, JavaScript, Ruby, Scala, C, or C++ is a plus
Understanding of distributed systems, networking, RDBMS, and NoSQL technologies
Ability to communicate effectively in a distributed team
Master's or bachelor's degree in computer science or other technology-related field

Red Hat is proud to be an equal opportunity workplace and an affirmative action employer. We review applications for employment without regard to their race, color, religion, sex, national origin, disability, age, military status or veteran status, genetic information, or any other status protected by applicable law.",Westford,MA,us
3NI0WFPPI8F71743HGA7ZU10DZ1068,http://www.indeed.com/rc/clk?jk=d15fe3880d981d3c,open_source,http://www.aweber.jobs/apply/5a1b0b6f4345087e724d07784b5257504a63372a122f0b3f69267127053d1019031f05/Web-Infrastructure-Architect.html?source=INDE&sid=0ti0qu9JBy6LzkgexWhnWvMz1d3iPpEPSXQ,"",on,"","","","","",Web Infrastructure Architect,AWeber,"The Web Infrastructure Architect is a technical thought leader that executes in both a hands-on technical capacity on operations projects, as well as in an advisory capacity to engineers and leadership with regards to best practices surrounding solutions architecture, data center operations, and systems and network management in support of both internal services, and our flagship product, which serves over 120,000 customers.",Chalfont,PA,us
39O6Z4JLX1W0DNPFL07MK04A4ZCXVQ,http://www.indeed.com/rc/clk?jk=40705d7c52741bbe,startup,http://www.nextlabs.com/html/?q=software-engineer-test-development-cjava-%E2%80%93-policy-platform-0,"","",on,"","","","",Software Engineer Test Development,NextLabs,"Design and implement software test automation frameworks using C, C++, C# and/or Java.
Analyze product feature functional specifications and develop innovative testing strategies to ensure quality of the delivered solutions.
Take the lead on analyzing and debugging complex product issues found by both QA and in the field.
Create tools to exercise the product in unique ways, discovering and becoming the expert on product behavior under real world circumstances.
Perform product code reviews to further diagnose issues for development team.",San Mateo,CA,us
3T8DUCXY0M5VZZ3SDP1T3FU70B6T9O,http://www.indeed.com/rc/clk?jk=911ff0454c2d1a86,startup,http://www.maxhire.net/cp/?E85564361D43515B78571C653A5C1B6E03627D4A&AspxAutoDetectCookieSupport=1,"","",on,"","","","",Backend Machine Learning Engineer,UpOut,"We are looking for an experienced software engineer who is passionate about building high performance, scalable, and functional server-side applications. This individual will be a key part of the overall Engineering organization, building a variety of services that support the overall UpOut platform.  The main focus will be on back-end responsibilities.",San Francisco,CA,us
3V0TR1NRV91PNXY7QUELR2TZQU84AJ,http://www.indeed.com/rc/clk?jk=d441db5968d926d3,startup,http://jobview.monster.com/NET-Software-Engineer-Job-San-Diego-CA-US-135467077.aspx?,"","",on,"","","","",.NET Software Engineer,Affinity Development Group,"Work directly with client to create engineering specifications

Flow chart program logic and document system design

Work directly with database administrators and database analysts to develop and design database tables and store procedures",San Diego,CA,us
306W7JMRYXXVP8Q18B4U3PTAAYOB8R,http://www.indeed.com/rc/clk?jk=2d4e15c4646ef75d,startup,http://www.jobserve.com/us/en/JobLanding.aspx?r=1&jid=7086084EDF8551CD,"","",on,"","","","",Technical Team Lead/Java SE,SolTech,"Drive the definition, design, implementation, and testing of software applications using a variety of technologies, including, but not limited to: Java/J2EE, Oracle PL/SQL, GWT or Dojo, JavaScript, HTML and Scripting languages.
Maintain rhythm of production for a team of software engineers, including daily task management, clarifying work assignments, and contributing code. Capitalize on opportunities to help shape implementation of the agile process within the team.
Organize and participate in grooming, planning, daily stand-ups, and code/design reviews with other team members.",Georgia,GA,us
3VP28W7DUMJ0ML34M3Q3ZZHZO5NFZI,http://www.indeed.com/rc/clk?jk=76ce3b530ba00f79,startup,http://winterwyman.com/software-technology-jobs-javaweb-engineers-new-england,"","",on,"","","","",Java Software Engineer,WinterWyman,"B.S. or M.S. in Computer Science.
All levels of Engineers will be hired: Candidates right out of a CS program are fine, as well as those with 1-25 years of Software Development experience.
A strong background in Development.
A strong background in the Computer Science fundamentals (data structures and algorithms).
- See more at: http://winterwyman.com/software-technology-jobs-javaweb-engineers-new-england#sthash.FqSNHI4i.dpuf",Boston,MA,us
3QQUBC64ZDDN5IG6J9LVAJAXIWBNX0,http://www.indeed.com/rc/clk?jk=0c5dc788bd451f9b,meaningful_jobs,http://ejob.bz/ATS/PortalViewRequirement.do?reqGK=771153,"","","","","",on,"",Software Engineer,Medical Science & Computing,"Develop computational tools for high-throughput analysis of large-scale genomic data, including sequence-based, structure-based, array-based, and proteomic data
Build web-based, n-tiers high-performance applications
Enhance existing codes",Bethesda,MD,us
3MDKGGG61PM8HG1UFIYHJ535AAZ6TR,http://www.indeed.com/rc/clk?jk=7fe5c4adeaf4aea9,meaningful_jobs,http://www.execunet.com/e_cs0_membership1.cfm?confrdr=6&welcome=12468&Job=397598&utm_medium=organic,"","","","","",on,"",Software Engineer,ExecuNet,"The multimarket product development group located in Plymouth, Michigan develops smart lighting drivers, power servers, and other innovative products for energy-efficient applications.  Expertise and responsibilities include sub-system architecture, electronic hardware, and software development.  Product development projects provide the opportunity to interface with additional engineering disciplines including mechanical, printed circuit board design, testing, reliability, sales, and customers.",Plymouth,MI,us
388FBO7JZQSC5N6GO57XTXH6K25NY6,http://www.indeed.com/rc/clk?jk=1653488b5c8f6e59,meaningful_jobs,http://jobs.rosettastone.com/jobs/1003741-Senior-Server-Side-Engineer.aspx?utm_medium=organic,"","","","","",on,"",Senior Server Side Engineer,Rosetta Stone,"Architect, design and develop highly scalable web applications using Java.
•Participate in and lead code-review sessions to identify potential problem areas and suggest alternative solutions.
•Produce high quality code without much supervision and on-time delivery.",San Francisco,CA,us
30UZJB2POGB7ZV3MVKIL9ML7KGA35Q,http://www.indeed.com/rc/clk?jk=d5e52aa051766517,meaningful_jobs,https://sjobs.brassring.com/TGWEbHost/jobdetails.aspx?jobId=634617&partnerid=25053&siteid=5248,"","","","","",on,"",Software Engineer,Yale University,"1. Develops programs or systems of small to moderate size and complexity. Modifies existing systems at all levels of difficulty. 2. Provides informational input into decisions concerning the development and delivery of applications, programs and systems. Defines and analyzes requirements to meet the expectations of stakeholders and intended end user needs, scheduled timeline, and budgetary targets. 3. Analyzes, defines and designs new systems and applications. Writes code in support of business solutions.",New Haven,CT,us
31MBOZ6PANQ9EK2QG09TJELYCJNLCU,http://www.indeed.com/rc/clk?jk=fdcd76c8e97d0460,meaningful_jobs,http://www.nature.com/naturejobs/science/jobs/427303-bioinformatics-software-engineer?,"","","","","",on,"",Bioinformatics Software Engineer,Gen9,"Collaborate with R&D scientists in design and analysis of experiments for development of new products
• Evaluate, develop, implement, and perform algorithms for data analysis
• Design and develop pipelines for high throughput DNA synthesis workflow
• Analyze and mine data for understanding underlying biological mechanisms of processes",Cambridge,ma,us
308KJXFUJQ594IDX5VFTZA5R6TOTA3,http://www.indeed.com/rc/clk?jk=47c1703d4b258e7b,meaningful_jobs,https://mybayerjob.bayerbbs.com/sap/bc/webdynpro/sap/hrrcf_a_posting_apply?param=cG9zdF9pbnN0X2d1aWQ9MDA1MDU2ODkwMEI0MUVEM0JDQ0RDMUFCRTk0QjFCMjEmY2FuZF90eXBlPUVYVA%3d%3d&sap-client=005&params=cG9zdF9pbnN0X2d1aWQ9MDA1MDU2ODkwMEI0MUVEM0JDQ0RDMUFCRTk0QjFCMjE%3d#,"","","","","",on,"",Software Project Engineer,Bayer HealthCare,"Our Informatics Department is seeking an experienced professional in the
project management area related to software development. Their job duties will be to manage
the software development activities of one or more software engineering projects within the
scope of global project core teams.",Pittsburgh,PA,us
3P520RYKCG5RYPG5A4EMWVB7XTU5U0,http://www.indeed.com/rc/clk?jk=9a60dae131f71ca5,meaningful_jobs,http://jobs.walmart.com/us/united-states/engineering/jobid5562446-software-engineer-%28java-app-dev%29,"","","","","",on,"",Software Engineer (Java App Dev),Wal-Mart Stores,"We are looking to expand our team by adding a key member to our Application Development. Once you've joined, you will be part of a world-class team, and you will design, prototype and build technology-driven products and experiences that will change the future landscape of ecommerce.

• Become a key member of a highly-valuable, innovative team solving the challenge of obtaining product data for the entire Walmart store assortment and making it available to various multichannel teams
• Help invent the next generation of ecommerce; integrated experiences that leverage product data for various use cases across Walmart.com, stores and mobile",Mountain View,CA,us
38Z7YZ2SB21BIK430FDBB3INZUUIQI,http://www.indeed.com/rc/clk?jk=7f30e9c130692e18,meaningful_jobs,https://jobs.apple.com/search?job=33430706&openJobId=33430706#&openJobId=33430706,"","","","","",on,"",iOS Software Accessibility Engineer,Apple,Are you interested in making the world a better place? Do you thrive under pressure and delight in designing and innovating new products? Come and help us reshape the field of mobile accessibility by creating products that allow users with disabilities to love their iPhones and iPads.,Santa Clara Valley,CA,us
3SD15I2WD1T3IZ3003SQ1SZ7GBL366,http://www.indeed.com/rc/clk?jk=b8480a1ce14eba72,kegerator,http://jobview.monster.com/Senior-Software-Engineer-Demandware-Job-Draper-UT-US-135445732.aspx?,"","","",on,"","","",Senior Software Engineer,Glasses.​com,"Participate in all aspects of software development including requirements analysis, task estimation and sizing, technical investigation, software design and implementation, testing, and deployment.​
Work with other team members in a paired-programming environment to develop quality websites.​",Draper,UT,us
3M47JKRKCW0PJW96CKNMS97IWXD863,http://www.indeed.com/rc/clk?jk=c94c6002e5ae49d9,kegerator,http://jobview.monster.com/Technical-Project-Manager-Job-Minnetonka-MN-US-135574887.aspx?,"","","",on,"","","",Technical Project Manager,Digital River,"The Technical Project Manager partners with our Product Development teams on managing the build and architecture of specific products in our platform in addition to managing other important project initiatives.  The Project Manager will work closely with all functions in the company, but work most closely with Engineering (Product Developers), Product Managers, Quality Assurance, Business Analysts, Platform Architects, Information Technology, and other similar functions. 



In this role, the Project Manager is responsible for creating, maintaining, and managing to completion a product development plan that communicates scope, tasks, milestone timeline dates, status, budget, and resource allocation. Utilizing agile software lifecycle methodology the Project Manager coordinates delivery of development and production releases that meet quality assurance standards. The Project Manager is also responsible for assisting technical teams in design and development tasks and the test team in creating test plans and testing efforts.  The profile of the projects the Technical Project Manager will manage is typically complex in nature with high level of customizations and unique requirements.",Minnetonka,MN,us
3WRBLBQ2GQ79Y0T9TTJTBLEP7D4G0Q,http://www.indeed.com/rc/clk?jk=bddf158cbc8a6999,kegerator,http://opportunities.matrixresources.com/dMGdMo/junior-mid-level-net-developer,"","","",on,"","","",Junior Mid Level .NET Developer,MATRIX,"To be considered for this position, you should have a Computer Science degree, and at least three years of experience at a software firm, with specific experience in SaaS products.  Experience on a global, web, or data platform is important.  Our client needs someone with exceptional UI/JavaScript/Ext skills.  Your resume should demonstrate full-lifecycle and full-stack experience, as well as your understanding of the fundamentals of OO system.  Ability to troubleshoot and work with unit testing, test first development, and Agile methodologies is a must.  The ideal candidate has top-notch communication skills and a positive, can-do attitude",Marietta,GA,us
3TUOHPJXYGWDSCPKBACI62NOB8EXW0,http://www.indeed.com/rc/clk?jk=5a2fbddb64180508,kegerator,http://www.cybercoders.com/jobs/junior-net-developer-jobs/#,"","","",on,"","","",Junior .NET Developer,CyberCoders,"1. Growing software team in Boston
2. Cutting edge technologies
3. Ability to learn new technologies",Boston,MA,us
3VGET1QSZZYJDXJTTX8KC3A09F0W75,http://www.indeed.com/rc/clk?jk=0bedf70a76fe3170,kegerator,http://careers.stackoverflow.com/jobs/41504/code-foosball-hack-days-agile-and-beer-rally-software-development?a=OCkWfFG8&utm_medium=organic,"","","",on,"","","",Software Developer,Rally Software Development,"We are looking for passionate developers capable of working across our stack with strong experience in building user interfaces with JavaScript, HTML and CSS.  Rally Software is creating new user experiences that push the limits of current browser-based technology with a revolutionary app platform that is also used by customers to extend our product.",Boulder,CO,us
30P8I9JKOHKRB455FUORSHDQB035VP,http://www.indeed.com/rc/clk?jk=cd90cdf76b7ba553,kegerator,http://marketecture.com/php-developer/,"","","",on,"","","",PHP Developer,Marketecture,"Marketecture is looking for solid candidates that can fill immediate positions. You will be an intigral member of a team that builds some pretty awesome software. Our software allows for small business owners to take the business online, and manage their online marketing, sell produts, manage their social media all in one central location. We are looking for individuals who are self-motivated and have great PHP skills.",American Fork,UT,us
30F94FBDNQJENSIPB9FPULPXOB9TBY,http://www.indeed.com/rc/clk?jk=0551f1f35ad1ea42,kegerator,https://secure.logmein.com/about/careers/jobs.aspx?gnk=job&gni=8a123cf24634421001463e4d3d3e7645&gn,"","","",on,"","","",Software Engineer,Xively,"At Xively, the industry leading platform for the Internet of Things, we are working on technology's most exciting challenge: connecting billions of things in the physical world to the digital one. Xively is a product division of LogMeIn with offices in London, Boston, and Budapest. 

As a Software Engineer, you'll be building and scaling our platform. If you enjoy working across the entire technology stack and are comfortable with building highly-reliable, highly-available systems we'd love to hear from you. We like developers and engineers that are passionate about code as a tool rather than as a security blanket. We fancy ourselves as code agnostics.",Boston,MA,us
3UQ1LLR2697LL55SWMD2DJVACG2LAS,http://ca.indeed.com/rc/clk?jk=f276827a9918ac1b,bleeding_edge_tech,http://iqmetrix.theresumator.com/apply/job_20140409222508_NUUCH1FTPFZPETSF/Senior-NET-Developer.html?source=INDE,"","","","",on,"","",Senior .NET Developer,iQmetrix,iQmetrix is a Vancouver-based software company specializing in end-to-end retail solutions. We’re the North American market leader in retail management software for the wireless industry and have offices in Canada and the U.S. We also specialize in interactive retail software to enhance the in-store shopping experience.,Vancouver,BC,ca
3D17ECOUODU8BD23UXG96W8Q805318,http://ca.indeed.com/rc/clk?jk=12ec2200f1349b76,startup,http://hire.jobvite.com/CompanyJobs/Careers.aspx?k=Job&c=q539VfwW&j=oDBLYfwH,"","",on,on,"","","",Windows Developer,OpenDNS,"Required:

- 5+ years experience developing software for Windows and other platforms

- Demonstrated experience in C/C++/C# (i.e. previously released client software)

- Experience with TAP/TUN, VPN, DNS or HTTP clients on Windows

- Deep understanding of the Windows network stack and OS hooks

- Deep experience with Windows services, on box Windows security, and .NET


Nice to have:

- Active Directory experience

- Linux experience

- OpenSSL experience

- Experience developing VPN/Tunneling products",Vancouver,BC,ca
3AFT28WXLE18X8RNL2L7MYNNKTCIOA,http://ca.indeed.com/rc/clk?jk=3d0eea037f4c59f6,kegerator,"http://www.coverity.com/company/careers/?nl=1&jvi=o1jMYfwO,JobListing&jvk=Job","","","",on,"","","",Java Backend Developer,Coverity,N/A - It is displaying multiple jobs.,San Francisco,CA,us
337F8MIIMYCTMK0PYSHS2WHMH8V04N,http://www.indeed.com/rc/clk?jk=0a091e601e7293fd,work_from_home,http://jobs.cgi.com/job/VirtualRemote-Sr_-Network-Engineer-Job/42814800/?feedId=4,on,"","","","","","",Senior Network Engineer,CGI,"The Sr. Network Engineer will perform high-level systems analysis, evaluation, design, integration, documentation, and implementation of very complex application that require a thorough knowledge of administrative, and technical skills. Directs and participates in all phases of system development with emphasis on planning, analysis, evaluation, integration, testing and acceptance phases (IV&V and DT&E). Applies higher-level business or technical principles and methods to very difficult technical problems to arrive at automated engineering solution. Designs and prepares technical reports and related documentation, and makes charts and graphs to record results. Prepare and deliver presentations and briefings as required. May be required to serve as Task Leader.",telecommute,"",us
3QMELQS6Y4AV11O2BTTMJQ2NMP26RE,http://www.indeed.com/rc/clk?jk=1c4993a72539f2f9,bleeding_edge_tech,http://jobs.citi.com/us/united-states/technology/jobid5544585-apps-dev-sr.-programmer-analyst?apstr=src%3DJB-14142,"","","","",on,"","",Apps Dev Senior Programmer Analyst,CITI,"Citigroup Global Markets Inc. seeks an Applications Development Senior Programmer Analyst for its New York, NY location. Duties:

Design and develop high performance multithreaded real-time distributed financial systems utilizing grid computing and advanced Java programming. Apply business domain modeling, database design knowledge (operational and warehouse) and experience with requirements gathering for financial applications for pricing of treasuries, bonds and swaps to gather business requirements and develop margin and risk models for margin requirement calculations and real-time pricing of rates products. Design and develop data persistence layers utilizing Spring and Hibernate frameworks in Oracle database.",New York,NY,us
3O0M2G5VC51BIEO2YO0LV7IFKCQ494,http://www.indeed.com/rc/clk?jk=6d237cd34e2d5c8f,open_source,http://jobs.redhat.com/jobs/descriptions/software-applications-engineer-raleigh-north-carolina-job-21-4402462?mode=job,"",on,"","","","","",Software Applications Engineer,Red Hat,"Analyze and clarify business requirements to implement server-side business logic
Design, develop, test, and maintain REST and SOAP services conforming to the SOA framework
Design, develop, test, and maintain JBoss Enterprise Service Bus for application integration conforming to Enterprise Integration Patterns
Document use cases, create physical and logical data models, and build deployment plans
Analyze log files to help debug problems",Raleigh,NC,us
3YZ7A3YHR4SBJCO1LZJMHUTJCW95SK,http://www.indeed.com/rc/clk?jk=2d6211365a41ff35,open_source,http://jobs.redhat.com/jobs/descriptions/senior-software-engineer-westford-massachusetts-job-3-4514199?mode=job,"",on,"","","","","",Senior Software Engineer,Red Hat,"Develop new features based on the product development road map
    Maintain existing code, including bug fixes and improvements
    Collaborate on the design and implementation of the 3D stack of a windows (Spice) driver
    Contribute to all Spice development internally and in the open source community
    Combine existing code with new development into a cohesive product",Westford,MA,us
3K8CQCU3KD08GIBG94P980WQ9U5NW7,http://www.indeed.com/rc/clk?jk=a0b50eeb60490f3c,open_source,http://jobs.redhat.com/jobs/descriptions/performance-engineer-westford-massachusetts-job-13-4474829?mode=job,"",on,"","","","","",Performance Engineer,Red Hat,"Primary job responsibilities
Support the team in performance characterization and enhancement on the next generation of Red Hat's product portfolio
Test and improve products and technologies, including some of the following: core operating system (central processing unit, memory, network, file systems, and storage), virtualization, cloud, provisioning, entitlement, messaging, distributed storage, cloud file systems, and big data workloads
Collaborate with software engineers and test engineers to identify and resolve critical product performance issues and help promote solutions
Work with Red Hat field support and the customer's engineers to provide the best support for Red Hat customers",Westford,MA,us
36KM3FWE3QBQ57I80QFZ581W8AL077,http://www.indeed.com/rc/clk?jk=2f9c12ef975c114a,open_source,http://ch.tbe.taleo.net/CH06/ats/careers/requisition.jsp?org=ZACHARYPIPERLLC&cws=4&rid=355,"",on,"","","","","",Senior Software Engineer,Piper Enterprise Solutions,"Heavy Java programming experience (Python or Ruby experience is preferred).
SQL Server and/or NoSQL (Example: MongoDB).
Enterprise level development experience.
Experience with SOLR/Lucene and/or Mahout is a plus.",Raleigh,NC,us
3UXQ63NLA9LQ4FAK20DY8UFGUYNLBN,http://www.indeed.com/rc/clk?jk=0d9d4d51d4fb33e1,startup,http://webconnect3.sendouts.com/CN_Frame.aspx?ID=triadgroup&SiteID=webconnect&Group=webconnect&Key=CN&CNTrackID=1002&PostId=0043276c-a0b6-43b2-8453-10994722c051&CnId=&applynewcan=0,"","",on,"","","","",Software Engineer,Triad Group,We are looking for a couple strong web application developers to help establish our data application in the market. Our startup is leading the way with deliverable analytics from massive amounts of data. We are a hard core engineering team and you will get the chance to work with some key contributors of some of the newest technologies.,San Francisco,CA,us
3UL5XDRDNBIT0S9S71DH03TI02285N,http://www.indeed.com/rc/clk?jk=cfa845cf18da5f34,startup,http://jobview.monster.com/Java-Software-Engineer-SaaS-Client-Implementation-Job-Portland-OR-US-135439400.aspx?,"","",on,"","","","",Java Software Engineer,HealthSparq,"• Working everyday to ensure our customers’ needs are met.
• Developing code in a collaborative environment with the latest open source tools.
• Working with a dynamic team to implement and deploy our SaaS client offering.",Portland,OR,us
3WJGKMRWVH8QG8EY3JB501DT3ALDC6,http://www.indeed.com/rc/clk?jk=757088dd4924f5cd,startup,http://www.maxhire.net/cp/?E8556F361D43515B78571C653A51176906627D4A,"","",on,"","","","",Software Engineer,Elevate Recruiting Group,"2+ years developing servers for scalable web applications.
Strong fundamentals in object oriented programming, design patterns, algorithms, and data structures.
Comfortable with asynchronous network programming, server frameworks, distributed systems, fault tolerance, and scalability.",San Francisco,CA,us
3BFNCI9LYJPMMZH5JDXI76Z3BM5375,http://www.indeed.com/rc/clk?jk=7f271e45f4637e4a,kegerator,http://www.pointinside.com/careers/sr-software-engineer-iphone-developer/,"","","",on,"","","",Senior Software Engineer,Point Inside,"Sr. Software Engineer – iPhone Developer
Software Engineering | Bellevue (Seattle’s largest suburb), WA, United States
Who You Are:
You’ve got a passion for all things mobile. You have a flair for creativity and once redecorated your living room to make for a better UX for your guests. You love getting into the weeds and always tackle challenges head on, and we want you to design appropriate solutions for a wide range of problems.
What You’ll Do:
Write and maintain iPhone client-side code
Maintain client-side platform components integrated by third party developers
Design and/or review UI and UX for new applications or features
Bug fix and troubleshoot complex iPhone applications and libraries
Participate in the design process of broad platform components (cross disciplinary skills are extremely helpful)",Bellevue,WA,us
3JUDR1D0D5Q77ZQ1BCSJONB6AYNQ25,http://ca.indeed.com/rc/clk?jk=44ed5a1ddec97712,kegerator,http://www.workbc.ca/JobSeekers/DisplayJobPostingApply.aspx?jobid=152559&from=Search,"","","",on,"","","",Internet Engineer,VeloMetro Mobility,"A full-time position is open for a software developer/internet engineer/computer programmer/UX genius/Database Guru/IT Geek who will be responsible for developing or implementing a web-based vehicle tracking and user management system.

Primary Responsibilities
• Define criteria for a successful vehicle tracking and user management system and the functions it performs
• Develop prototype concepts, detailed designs, and user stories
• Evaluate OTS solutions vs. in-house development
- See more at: http://www.workbc.ca/JobSeekers/DisplayJobPostingApply.aspx?jobid=152559&from=Search#sthash.7yxYgMlZ.dpuf",Vancouver,BC,ca
