default_country_code,search,orig_ad_url,work_from_home,open_source,startup,kegerator,bleeding_edge_tech,meaningful_jobs
ca,work_from_home,http://ca.indeed.com/rc/clk?jk=4295d0157bcbbd83,on,,,,,
ca,work_from_home,http://ca.indeed.com/rc/clk?jk=72823ee7ccfe8e4f,on,,,,,
ca,bleeding_edge_tech,http://ca.indeed.com/rc/clk?jk=f276827a9918ac1b,,,,,on,
ca,bleeding_edge_tech,http://ca.indeed.com/rc/clk?jk=160eaca260be4caf,,,,,on,
ca,bleeding_edge_tech,http://ca.indeed.com/rc/clk?jk=a3fb65ec018914c3,,,,,on,
ca,bleeding_edge_tech,http://ca.indeed.com/rc/clk?jk=a7f9bfe8b56c42cf,,,,,on,
ca,bleeding_edge_tech,http://ca.indeed.com/rc/clk?jk=45120d6fc7dd527c,,,,,on,
ca,bleeding_edge_tech,http://ca.indeed.com/rc/clk?jk=a8ee9dc8a80157ea,,,,,on,
ca,bleeding_edge_tech,http://ca.indeed.com/rc/clk?jk=cc22c218af9a4cd1,,,,,on,
ca,bleeding_edge_tech,http://ca.indeed.com/rc/clk?jk=e04dc717d7f342ef,,,,,on,
ca,startup,http://ca.indeed.com/rc/clk?jk=17110e2bb4ea3cc7,,,on,,,
ca,startup,http://ca.indeed.com/rc/clk?jk=368221c553c849be,,,on,on,,
ca,startup,http://ca.indeed.com/rc/clk?jk=5a52d603126c3685,,,on,on,,
ca,startup,http://ca.indeed.com/rc/clk?jk=12ec2200f1349b76,,,on,on,,
ca,kegerator,http://ca.indeed.com/rc/clk?jk=cbd9e54c13e05d2a,,,,on,,
ca,kegerator,http://ca.indeed.com/rc/clk?jk=b00bb287690fe629,,,,on,,
ca,kegerator,http://ca.indeed.com/rc/clk?jk=9d7af76d9c4b6cfc,,,,on,,
ca,kegerator,http://ca.indeed.com/rc/clk?jk=3d0eea037f4c59f6,,,,on,,
ca,kegerator,http://ca.indeed.com/rc/clk?jk=f8a8bbb1e1ab0b54,,,,on,,
ca,kegerator,http://ca.indeed.com/rc/clk?jk=d4e94b06af122e1c,,,,on,,
ca,kegerator,http://ca.indeed.com/rc/clk?jk=44ed5a1ddec97712,,,,on,,
ca,kegerator,http://ca.indeed.com/rc/clk?jk=30c4302876abff8d,,,,on,,
us,work_from_home,http://www.indeed.com/rc/clk?jk=79e0c3f6389fe081,on,,,,on,
us,work_from_home,http://www.indeed.com/rc/clk?jk=4face868f3bd7345,on,,,,,
us,work_from_home,http://www.indeed.com/rc/clk?jk=c6a7aedf72f07e2e,on,,,,,
us,work_from_home,http://www.indeed.com/rc/clk?jk=8e894a74ce8410ee,on,,,,,
us,work_from_home,http://www.indeed.com/rc/clk?jk=8de6a9fe9faafda3,on,,,,,
us,work_from_home,http://www.indeed.com/rc/clk?jk=114992d7d4d5d59b,on,,,,,
us,work_from_home,http://www.indeed.com/rc/clk?jk=0a091e601e7293fd,on,,,,,
us,work_from_home,http://www.indeed.com/rc/clk?jk=28567b8910546236,on,,,,,
us,work_from_home,http://www.indeed.com/rc/clk?jk=5f9a08616fa927f3,on,,,,,
us,work_from_home,http://www.indeed.com/rc/clk?jk=fd543347b20d26c3,on,,,,,
us,bleeding_edge_tech,http://www.indeed.com/rc/clk?jk=26890f889ea8015a,,,,,on,
us,bleeding_edge_tech,http://www.indeed.com/rc/clk?jk=bea7891fa2e3e66a,,,,,on,
us,bleeding_edge_tech,http://www.indeed.com/rc/clk?jk=9f23ab95b28468b9,,,,,on,
us,bleeding_edge_tech,http://www.indeed.com/rc/clk?jk=eec5b8ba7d78296d,,,,,on,
us,bleeding_edge_tech,http://www.indeed.com/rc/clk?jk=4f4425dfd3780260,,,,,on,
us,bleeding_edge_tech,http://www.indeed.com/rc/clk?jk=a269227b164c1654,,,,,on,
us,bleeding_edge_tech,http://www.indeed.com/rc/clk?jk=8c49ee8f41fc9645,,,,,on,
us,bleeding_edge_tech,http://www.indeed.com/rc/clk?jk=1c4993a72539f2f9,,,,,on,
us,open_source,http://www.indeed.com/rc/clk?jk=570f0ad4677fc958,,on,,,,
us,open_source,http://www.indeed.com/rc/clk?jk=fc8a42c25619e6d1,,on,,,,
us,open_source,http://www.indeed.com/rc/clk?jk=6d237cd34e2d5c8f,,on,,,,
us,open_source,http://www.indeed.com/rc/clk?jk=2d6211365a41ff35,,on,,,,
us,open_source,http://www.indeed.com/rc/clk?jk=5bd002e68eb1c678,,on,,,,
us,open_source,http://www.indeed.com/rc/clk?jk=c104ce8ed81e3e9e,,on,,,,
us,open_source,http://www.indeed.com/rc/clk?jk=a0b50eeb60490f3c,,on,,,,
us,open_source,http://www.indeed.com/rc/clk?jk=fe598afa3ed92c3a,,on,,,,
us,open_source,http://www.indeed.com/rc/clk?jk=7acc82638775b430,,on,,,,
us,open_source,http://www.indeed.com/rc/clk?jk=d15fe3880d981d3c,,on,,,,
us,open_source,http://www.indeed.com/rc/clk?jk=2f9c12ef975c114a,,on,,,,
us,startup,http://www.indeed.com/rc/clk?jk=40705d7c52741bbe,,,on,,,
us,startup,http://www.indeed.com/rc/clk?jk=911ff0454c2d1a86,,,on,,,
us,startup,http://www.indeed.com/rc/clk?jk=0d9d4d51d4fb33e1,,,on,,,
us,startup,http://www.indeed.com/rc/clk?jk=99b2507430a32531,,,on,,,
us,startup,http://www.indeed.com/rc/clk?jk=d441db5968d926d3,,,on,,,
us,startup,http://www.indeed.com/rc/clk?jk=943a4b3b9c5f9c13,,,on,,,
us,startup,http://www.indeed.com/rc/clk?jk=2d4e15c4646ef75d,,,on,,,
us,startup,http://www.indeed.com/rc/clk?jk=cfa845cf18da5f34,,,on,,,
us,startup,http://www.indeed.com/rc/clk?jk=757088dd4924f5cd,,,on,,,
us,startup,http://www.indeed.com/rc/clk?jk=76ce3b530ba00f79,,,on,,,
us,meaningful_jobs,http://www.indeed.com/rc/clk?jk=0c5dc788bd451f9b,,,,,,on
us,meaningful_jobs,http://www.indeed.com/rc/clk?jk=7fe5c4adeaf4aea9,,,,,,on
us,meaningful_jobs,http://www.indeed.com/rc/clk?jk=1653488b5c8f6e59,,,,,,on
us,meaningful_jobs,http://www.indeed.com/rc/clk?jk=d5e52aa051766517,,,,,,on
us,meaningful_jobs,http://www.indeed.com/rc/clk?jk=fdcd76c8e97d0460,,,,,,on
us,meaningful_jobs,http://www.indeed.com/rc/clk?jk=47c1703d4b258e7b,,,,,,on
us,meaningful_jobs,http://www.indeed.com/rc/clk?jk=9a60dae131f71ca5,,,,,,on
us,meaningful_jobs,http://www.indeed.com/rc/clk?jk=7f30e9c130692e18,,,,,,on
us,kegerator,http://www.indeed.com/rc/clk?jk=b8480a1ce14eba72,,,,on,,
us,kegerator,http://www.indeed.com/rc/clk?jk=c94c6002e5ae49d9,,,,on,,
us,kegerator,http://www.indeed.com/rc/clk?jk=bddf158cbc8a6999,,,,on,,
us,kegerator,http://www.indeed.com/rc/clk?jk=5a2fbddb64180508,,,,on,,
us,kegerator,http://www.indeed.com/rc/clk?jk=0bedf70a76fe3170,,,,on,,
us,kegerator,http://www.indeed.com/rc/clk?jk=b3ce4532e5f88879,,,,on,,
us,kegerator,http://www.indeed.com/rc/clk?jk=cd90cdf76b7ba553,,,,on,,
us,kegerator,http://www.indeed.com/rc/clk?jk=0551f1f35ad1ea42,,,,on,,
us,kegerator,http://www.indeed.com/rc/clk?jk=7f271e45f4637e4a,,,,on,,
