default_country_code,search,orig_ad_url,work_from_home,open_source,startup,kegerator,bleeding_edge_tech,meaningful_jobs
ca,work_from_home,http://ca.indeed.com/rc/clk?jk=4295d0157bcbbd83,on,"","","","",""
ca,work_from_home,http://ca.indeed.com/rc/clk?jk=72823ee7ccfe8e4f,on,"","","","",""
ca,bleeding_edge_tech,http://ca.indeed.com/rc/clk?jk=f276827a9918ac1b,"","","","",on,""
ca,bleeding_edge_tech,http://ca.indeed.com/rc/clk?jk=160eaca260be4caf,"","","","",on,""
ca,bleeding_edge_tech,http://ca.indeed.com/rc/clk?jk=a3fb65ec018914c3,"","","","",on,""
ca,bleeding_edge_tech,http://ca.indeed.com/rc/clk?jk=a7f9bfe8b56c42cf,"","","","",on,""
ca,bleeding_edge_tech,http://ca.indeed.com/rc/clk?jk=45120d6fc7dd527c,"","","","",on,""
ca,bleeding_edge_tech,http://ca.indeed.com/rc/clk?jk=a8ee9dc8a80157ea,"","","","",on,""
ca,bleeding_edge_tech,http://ca.indeed.com/rc/clk?jk=cc22c218af9a4cd1,"","","","",on,""
ca,bleeding_edge_tech,http://ca.indeed.com/rc/clk?jk=e04dc717d7f342ef,"","","","",on,""
ca,bleeding_edge_tech,http://ca.indeed.com/rc/clk?jk=2f5087133f5896c1,"","","","",on,""
ca,bleeding_edge_tech,http://ca.indeed.com/rc/clk?jk=186d0a599c02ab26,"","","","",on,""
ca,startup,http://ca.indeed.com/rc/clk?jk=17110e2bb4ea3cc7,"","",on,"","",""
ca,startup,http://ca.indeed.com/rc/clk?jk=368221c553c849be,"","",on,on,"",""
ca,startup,http://ca.indeed.com/rc/clk?jk=5a52d603126c3685,"","",on,on,"",""
ca,startup,http://ca.indeed.com/rc/clk?jk=12ec2200f1349b76,"","",on,on,"",""
ca,kegerator,http://ca.indeed.com/rc/clk?jk=cbd9e54c13e05d2a,"","","",on,"",""
ca,kegerator,http://ca.indeed.com/rc/clk?jk=b00bb287690fe629,"","","",on,"",""
ca,kegerator,http://ca.indeed.com/rc/clk?jk=9d7af76d9c4b6cfc,"","","",on,"",""
ca,kegerator,http://ca.indeed.com/rc/clk?jk=3d0eea037f4c59f6,"","","",on,"",""
ca,kegerator,http://ca.indeed.com/rc/clk?jk=f8a8bbb1e1ab0b54,"","","",on,"",""
ca,kegerator,http://ca.indeed.com/rc/clk?jk=d4e94b06af122e1c,"","","",on,"",""
ca,kegerator,http://ca.indeed.com/rc/clk?jk=44ed5a1ddec97712,"","","",on,"",""
ca,kegerator,http://ca.indeed.com/rc/clk?jk=30c4302876abff8d,"","","",on,"",""
ca,kegerator,http://ca.indeed.com/rc/clk?jk=66d8dc6af5b30970,"","","",on,"",""
ca,kegerator,http://ca.indeed.com/rc/clk?jk=5c533d8513151782,"","","",on,"",""
ca,kegerator,http://ca.indeed.com/rc/clk?jk=ecaf0ac59dcfaec0,"","","",on,"",""
us,work_from_home,http://www.indeed.com/rc/clk?jk=79e0c3f6389fe081,on,"","","",on,""
us,work_from_home,http://www.indeed.com/rc/clk?jk=4face868f3bd7345,on,"","","","",""
us,work_from_home,http://www.indeed.com/rc/clk?jk=c6a7aedf72f07e2e,on,"","","","",""
us,work_from_home,http://www.indeed.com/rc/clk?jk=8e894a74ce8410ee,on,"","","","",""
us,work_from_home,http://www.indeed.com/rc/clk?jk=8de6a9fe9faafda3,on,"","","","",""
us,work_from_home,http://www.indeed.com/rc/clk?jk=114992d7d4d5d59b,on,"","","","",""
us,work_from_home,http://www.indeed.com/rc/clk?jk=0a091e601e7293fd,on,"","","","",""
us,work_from_home,http://www.indeed.com/rc/clk?jk=28567b8910546236,on,"","","","",""
us,work_from_home,http://www.indeed.com/rc/clk?jk=5f9a08616fa927f3,on,"","","","",""
us,work_from_home,http://www.indeed.com/rc/clk?jk=fd543347b20d26c3,on,"","","","",""
us,bleeding_edge_tech,http://www.indeed.com/rc/clk?jk=cf1481f2f8f56842,"","","","",on,""
us,bleeding_edge_tech,http://www.indeed.com/rc/clk?jk=07e7e909079eb47b,"","","","",on,""
us,bleeding_edge_tech,http://www.indeed.com/rc/clk?jk=ce6c4e43b36c4a3a,"","","","",on,""
us,bleeding_edge_tech,http://www.indeed.com/rc/clk?jk=d79a707bdaea0627,"","","","",on,""
us,bleeding_edge_tech,http://www.indeed.com/rc/clk?jk=5d7c82d921a01981,"","","","",on,""
us,bleeding_edge_tech,http://www.indeed.com/rc/clk?jk=4dc1eebe6327324d,"","","","",on,""
us,bleeding_edge_tech,http://www.indeed.com/rc/clk?jk=c700240f832e4401,"","","","",on,""
us,bleeding_edge_tech,http://www.indeed.com/rc/clk?jk=c351bddcf1b0cb8f,"","","","",on,""
us,bleeding_edge_tech,http://www.indeed.com/rc/clk?jk=a57cc160a1acf4fa,"","","","",on,""
us,bleeding_edge_tech,http://www.indeed.com/rc/clk?jk=75696226645074f0,"","","","",on,""
us,bleeding_edge_tech,http://www.indeed.com/rc/clk?jk=7372740357b81e98,"","","","",on,""
us,bleeding_edge_tech,http://www.indeed.com/rc/clk?jk=03f3547bb0ef4281,"","","","",on,""
us,bleeding_edge_tech,http://www.indeed.com/rc/clk?jk=c42d8b6f5d6fc712,"","","","",on,""
us,bleeding_edge_tech,http://www.indeed.com/rc/clk?jk=87c7146174b8457b,"","","","",on,""
us,bleeding_edge_tech,http://www.indeed.com/rc/clk?jk=24c9f7db232408ba,"","","","",on,""
us,bleeding_edge_tech,http://www.indeed.com/rc/clk?jk=4339b802f001890a,"","","","",on,""
us,bleeding_edge_tech,http://www.indeed.com/rc/clk?jk=ca44103ac2110a11,"","","","",on,""
us,bleeding_edge_tech,http://www.indeed.com/rc/clk?jk=4cdc8fd29100b5e3,"","","","",on,""
us,bleeding_edge_tech,http://www.indeed.com/rc/clk?jk=89c63d672ff236f2,"","","","",on,""
us,bleeding_edge_tech,http://www.indeed.com/rc/clk?jk=6099867b869f0a7a,"","","","",on,""
us,bleeding_edge_tech,http://www.indeed.com/rc/clk?jk=42ebc9ca0a85978b,"","","","",on,""
us,bleeding_edge_tech,http://www.indeed.com/rc/clk?jk=b9ac77a772202328,"","","","",on,""
us,bleeding_edge_tech,http://www.indeed.com/rc/clk?jk=f16512857d4db63b,"","","","",on,""
us,bleeding_edge_tech,http://www.indeed.com/rc/clk?jk=1d76bfd4a30c2624,"","","","",on,""
us,bleeding_edge_tech,http://www.indeed.com/rc/clk?jk=ac4e8087b5db3d6b,"","","","",on,""
us,bleeding_edge_tech,http://www.indeed.com/rc/clk?jk=025813881cf23788,"","","","",on,""
us,bleeding_edge_tech,http://www.indeed.com/rc/clk?jk=4fff2b336f20e833,"","","","",on,""
us,bleeding_edge_tech,http://www.indeed.com/rc/clk?jk=4d44b98c8a5d5a28,"","","","",on,""
us,bleeding_edge_tech,http://www.indeed.com/rc/clk?jk=e1e6662a01645bf6,"","","","",on,""
us,bleeding_edge_tech,http://www.indeed.com/rc/clk?jk=9ec3265afee2d1d4,"","","","",on,""
us,bleeding_edge_tech,http://www.indeed.com/rc/clk?jk=029b6f9dc51f22cf,"","","","",on,""
us,bleeding_edge_tech,http://www.indeed.com/rc/clk?jk=4a9f69b0479e05e3,"","","","",on,""
us,bleeding_edge_tech,http://www.indeed.com/rc/clk?jk=f22b34d60f67f9f4,"","","","",on,""
us,bleeding_edge_tech,http://www.indeed.com/rc/clk?jk=895c0eb19073c0d2,"","","","",on,""
us,bleeding_edge_tech,http://www.indeed.com/rc/clk?jk=8ef7b431a466357b,"","","","",on,""
us,bleeding_edge_tech,http://www.indeed.com/rc/clk?jk=dd01decb7d92a7af,"","","","",on,""
us,bleeding_edge_tech,http://www.indeed.com/rc/clk?jk=d04eb4dabc6bd3d2,"","","",on,on,""
us,bleeding_edge_tech,http://www.indeed.com/rc/clk?jk=f1e8270e0b220ab5,"","","","",on,""
us,bleeding_edge_tech,http://www.indeed.com/rc/clk?jk=e77ec752fbb24d66,"","","","",on,""
us,bleeding_edge_tech,http://www.indeed.com/rc/clk?jk=a77b526b46d2f6b7,"","","","",on,""
us,bleeding_edge_tech,http://www.indeed.com/rc/clk?jk=fb7cef3d1f173dc3,"","","","",on,""
us,bleeding_edge_tech,http://www.indeed.com/rc/clk?jk=bfb740db287df6c9,"","","","",on,""
us,bleeding_edge_tech,http://www.indeed.com/rc/clk?jk=95baf0b327a3103c,"","","","",on,""
us,bleeding_edge_tech,http://www.indeed.com/rc/clk?jk=5fb9c5bdcef7bf64,"","","","",on,""
us,bleeding_edge_tech,http://www.indeed.com/rc/clk?jk=8d8137438ec9353c,"","","","",on,""
us,bleeding_edge_tech,http://www.indeed.com/rc/clk?jk=158268eda1ac83cc,"","","","",on,""
us,bleeding_edge_tech,http://www.indeed.com/rc/clk?jk=10163edf3073c09b,"","","","",on,""
us,bleeding_edge_tech,http://www.indeed.com/rc/clk?jk=37a0f7a91addd854,"","","","",on,""
us,bleeding_edge_tech,http://www.indeed.com/rc/clk?jk=e7e86b3d68db0aa3,"","","","",on,""
us,bleeding_edge_tech,http://www.indeed.com/rc/clk?jk=5f6868bd7e4dcc7c,"","","",on,on,""
us,bleeding_edge_tech,http://www.indeed.com/rc/clk?jk=c47f4b157793ff7a,"","","","",on,""
us,bleeding_edge_tech,http://www.indeed.com/rc/clk?jk=3ed2a71e7e26ce43,"","","","",on,""
us,bleeding_edge_tech,http://www.indeed.com/rc/clk?jk=9e8cd03a71d7a349,"","","","",on,""
us,bleeding_edge_tech,http://www.indeed.com/rc/clk?jk=cd2de4f6415e73ea,"","",on,"",on,""
us,bleeding_edge_tech,http://www.indeed.com/rc/clk?jk=e55e2c911f65e7ba,"","","","",on,""
us,bleeding_edge_tech,http://www.indeed.com/rc/clk?jk=b5682747846bd398,"","","","",on,""
us,bleeding_edge_tech,http://www.indeed.com/rc/clk?jk=747ae25d9600a1d6,"","","","",on,""
us,bleeding_edge_tech,http://www.indeed.com/rc/clk?jk=dcbb19b3f5173413,"","","","",on,""
us,bleeding_edge_tech,http://www.indeed.com/rc/clk?jk=3504d447645a3a66,"","","","",on,""
us,bleeding_edge_tech,http://www.indeed.com/rc/clk?jk=9df2f14387bd91a8,"","","","",on,""
us,bleeding_edge_tech,http://www.indeed.com/rc/clk?jk=dbefe89a47369bc4,"","","","",on,""
us,bleeding_edge_tech,http://www.indeed.com/rc/clk?jk=5ab935c8ea08b628,"","","","",on,""
us,bleeding_edge_tech,http://www.indeed.com/rc/clk?jk=6589b5bdea88f052,"","","","",on,""
us,bleeding_edge_tech,http://www.indeed.com/rc/clk?jk=b19f202036ac3bc3,"","",on,"",on,""
us,bleeding_edge_tech,http://www.indeed.com/rc/clk?jk=de4803c63f4f1b07,"","","","",on,""
us,bleeding_edge_tech,http://www.indeed.com/rc/clk?jk=6195e3376b5fe4bb,"","","","",on,""
us,bleeding_edge_tech,http://www.indeed.com/rc/clk?jk=e36230c3d6bd1cea,"","","","",on,""
us,bleeding_edge_tech,http://www.indeed.com/rc/clk?jk=2d0c68049903cefd,"","","","",on,""
us,bleeding_edge_tech,http://www.indeed.com/rc/clk?jk=eec9e77db577d828,"","","","",on,""
us,bleeding_edge_tech,http://www.indeed.com/rc/clk?jk=62e145ab7bc2aeda,"","","","",on,""
us,bleeding_edge_tech,http://www.indeed.com/rc/clk?jk=900b3da25ab0f4ee,"","","","",on,""
us,bleeding_edge_tech,http://www.indeed.com/rc/clk?jk=ccafd1abe75189ff,"","","","",on,""
us,bleeding_edge_tech,http://www.indeed.com/rc/clk?jk=ffb9a79626a171ff,"","","","",on,""
us,bleeding_edge_tech,http://www.indeed.com/rc/clk?jk=f7d234b6a17ea098,"","","","",on,""
us,bleeding_edge_tech,http://www.indeed.com/rc/clk?jk=e246b18f27599e4f,"","","","",on,""
us,bleeding_edge_tech,http://www.indeed.com/rc/clk?jk=27d83789b6108c2e,"","","","",on,""
us,bleeding_edge_tech,http://www.indeed.com/rc/clk?jk=0a961c734eb6bc81,"","","","",on,""
us,bleeding_edge_tech,http://www.indeed.com/rc/clk?jk=b383f6eac7f9bd53,"","","","",on,""
us,bleeding_edge_tech,http://www.indeed.com/rc/clk?jk=eeaf7fdfd396ddb7,"","","","",on,""
us,bleeding_edge_tech,http://www.indeed.com/rc/clk?jk=fb7482418aa44f24,"","","","",on,""
us,bleeding_edge_tech,http://www.indeed.com/rc/clk?jk=671a965f7a5dd0c5,"","","","",on,""
us,bleeding_edge_tech,http://www.indeed.com/rc/clk?jk=d86525b2f0737b43,"","","","",on,""
us,bleeding_edge_tech,http://www.indeed.com/rc/clk?jk=d0c944017684540f,"","","","",on,""
us,bleeding_edge_tech,http://www.indeed.com/rc/clk?jk=4ac62bbb754deb2c,"","","","",on,""
us,bleeding_edge_tech,http://www.indeed.com/rc/clk?jk=133ebe33e9f10b35,"","","","",on,""
us,bleeding_edge_tech,http://www.indeed.com/rc/clk?jk=fdb6277c799c7a75,"","","","",on,""
us,bleeding_edge_tech,http://www.indeed.com/rc/clk?jk=082ce63950e2ce16,"","","","",on,""
us,bleeding_edge_tech,http://www.indeed.com/rc/clk?jk=20f414a8c0e575e2,"","","","",on,""
us,bleeding_edge_tech,http://www.indeed.com/rc/clk?jk=943f629e8e5ebbbb,"","","","",on,""
us,bleeding_edge_tech,http://www.indeed.com/rc/clk?jk=26890f889ea8015a,"","","","",on,""
us,bleeding_edge_tech,http://www.indeed.com/rc/clk?jk=bea7891fa2e3e66a,"","","","",on,""
us,bleeding_edge_tech,http://www.indeed.com/rc/clk?jk=9f23ab95b28468b9,"","","","",on,""
us,bleeding_edge_tech,http://www.indeed.com/rc/clk?jk=eec5b8ba7d78296d,"","","","",on,""
us,bleeding_edge_tech,http://www.indeed.com/rc/clk?jk=4f4425dfd3780260,"","","","",on,""
us,bleeding_edge_tech,http://www.indeed.com/rc/clk?jk=a269227b164c1654,"","","","",on,""
us,bleeding_edge_tech,http://www.indeed.com/rc/clk?jk=8c49ee8f41fc9645,"","","","",on,""
us,bleeding_edge_tech,http://www.indeed.com/rc/clk?jk=1c4993a72539f2f9,"","","","",on,""
us,bleeding_edge_tech,http://www.indeed.com/rc/clk?jk=3d9b3a4c42000fed,"","","","",on,""
us,bleeding_edge_tech,http://www.indeed.com/rc/clk?jk=98b3cd2e64039c1b,"","","","",on,""
us,open_source,http://www.indeed.com/rc/clk?jk=570f0ad4677fc958,"",on,"","","",""
us,open_source,http://www.indeed.com/rc/clk?jk=fc8a42c25619e6d1,"",on,"","","",""
us,open_source,http://www.indeed.com/rc/clk?jk=6d237cd34e2d5c8f,"",on,"","","",""
us,open_source,http://www.indeed.com/rc/clk?jk=2d6211365a41ff35,"",on,"","","",""
us,open_source,http://www.indeed.com/rc/clk?jk=5bd002e68eb1c678,"",on,"","","",""
us,open_source,http://www.indeed.com/rc/clk?jk=c104ce8ed81e3e9e,"",on,"","","",""
us,open_source,http://www.indeed.com/rc/clk?jk=a0b50eeb60490f3c,"",on,"","","",""
us,open_source,http://www.indeed.com/rc/clk?jk=fe598afa3ed92c3a,"",on,"","","",""
us,open_source,http://www.indeed.com/rc/clk?jk=7acc82638775b430,"",on,"","","",""
us,open_source,http://www.indeed.com/rc/clk?jk=d15fe3880d981d3c,"",on,"","","",""
us,open_source,http://www.indeed.com/rc/clk?jk=2f9c12ef975c114a,"",on,"","","",""
us,open_source,http://www.indeed.com/rc/clk?jk=ad85aa4cf4e07049,"",on,"","","",""
us,open_source,http://www.indeed.com/rc/clk?jk=7952d67e74e69b5b,"",on,"","","",""
us,open_source,http://www.indeed.com/rc/clk?jk=df6ea46a8d82e991,"",on,"","","",""
us,open_source,http://www.indeed.com/rc/clk?jk=cef8b6413a6785c1,"",on,"","","",""
us,open_source,http://www.indeed.com/rc/clk?jk=39833dacf0470e60,"",on,"","","",""
us,open_source,http://www.indeed.com/rc/clk?jk=2b691ed21b606643,"",on,"","","",""
us,open_source,http://www.indeed.com/rc/clk?jk=c6bc03fe9627cd0b,"",on,"","","",""
us,open_source,http://www.indeed.com/rc/clk?jk=7416b431f1740012,"",on,"","","",""
us,open_source,http://www.indeed.com/rc/clk?jk=c237ec9faa78208c,"",on,"","","",""
us,open_source,http://www.indeed.com/rc/clk?jk=aa5be7da7b995247,"",on,"","","",""
us,open_source,http://www.indeed.com/rc/clk?jk=f2009293184cc779,"",on,"","","",""
us,open_source,http://www.indeed.com/rc/clk?jk=6f8afce4f07e7ca0,"",on,"","","",""
us,open_source,http://www.indeed.com/rc/clk?jk=dbbc8301b0cca5ca,"",on,"","","",""
us,open_source,http://www.indeed.com/rc/clk?jk=424a8ee92625313d,"",on,on,"","",""
us,open_source,http://www.indeed.com/rc/clk?jk=3eef5b7311e3a265,"",on,"","","",""
us,open_source,http://www.indeed.com/rc/clk?jk=8c02edf3819e416a,"",on,"","","",""
us,open_source,http://www.indeed.com/rc/clk?jk=ea2c6fdd393d6104,"",on,"","","",""
us,open_source,http://www.indeed.com/rc/clk?jk=d4d3f2ed9ea89f93,"",on,"","","",""
us,open_source,http://www.indeed.com/rc/clk?jk=9b753377fa087310,"",on,"","","",""
us,startup,http://www.indeed.com/rc/clk?jk=2819ea130a7f6e60,"","",on,"","",""
us,startup,http://www.indeed.com/rc/clk?jk=63dfa1f31a38b847,"","",on,"","",""
us,startup,http://www.indeed.com/rc/clk?jk=da68f1fee335b43d,"","",on,"","",""
us,startup,http://www.indeed.com/rc/clk?jk=39d8e8bfb70ba217,"","",on,"","",""
us,startup,http://www.indeed.com/rc/clk?jk=e74eda0d3707748f,"","",on,"","",""
us,startup,http://www.indeed.com/rc/clk?jk=6b433bb451493680,"","",on,"","",""
us,startup,http://www.indeed.com/rc/clk?jk=e9b85a08fd7b7882,"","",on,"","",""
us,startup,http://www.indeed.com/rc/clk?jk=4a5e03e68254f066,"","",on,"","",""
us,startup,http://www.indeed.com/rc/clk?jk=2253655423cff2f4,"","",on,"","",""
us,startup,http://www.indeed.com/rc/clk?jk=1f1a64412458a770,"","",on,"","",""
us,startup,http://www.indeed.com/rc/clk?jk=a565cefe5e0fc6bc,"","",on,"","",""
us,startup,http://www.indeed.com/rc/clk?jk=0f95c75d4e56c152,"","",on,"","",""
us,startup,http://www.indeed.com/rc/clk?jk=4d97fe7850e6fc03,"","",on,"","",""
us,startup,http://www.indeed.com/rc/clk?jk=81fb94c9410ead91,"","",on,"","",""
us,startup,http://www.indeed.com/rc/clk?jk=c3b894c77b7f803b,"","",on,"","",""
us,startup,http://www.indeed.com/rc/clk?jk=92eb63a3416f3962,"","",on,"","",""
us,startup,http://www.indeed.com/rc/clk?jk=c17eb700d88e6e28,"","",on,"","",""
us,startup,http://www.indeed.com/rc/clk?jk=9b3480bbc4559768,"","",on,"","",""
us,startup,http://www.indeed.com/rc/clk?jk=2b451d50c197f3c8,"","",on,"","",""
us,startup,http://www.indeed.com/rc/clk?jk=36e3a3e195ffa46d,"","",on,"","",""
us,startup,http://www.indeed.com/rc/clk?jk=77e1360ff2b61b19,"","",on,"","",""
us,startup,http://www.indeed.com/rc/clk?jk=7d168b54d9f32e7a,"","",on,"","",""
us,startup,http://www.indeed.com/rc/clk?jk=defcd66ddb208fa0,"","",on,"","",""
us,startup,http://www.indeed.com/rc/clk?jk=1405fc41e3da6109,"","",on,"","",""
us,startup,http://www.indeed.com/rc/clk?jk=9adc74e2af156413,"","",on,"","",""
us,startup,http://www.indeed.com/rc/clk?jk=f87492bce8b237d7,"","",on,"","",""
us,startup,http://www.indeed.com/rc/clk?jk=15793e4b48a70cc9,"","",on,"","",""
us,startup,http://www.indeed.com/rc/clk?jk=7b6670723fb1d1e4,"","",on,"","",""
us,startup,http://www.indeed.com/rc/clk?jk=8bd7da3563f68090,"","",on,"","",""
us,startup,http://www.indeed.com/rc/clk?jk=b7f9862336057453,"","",on,"","",""
us,startup,http://www.indeed.com/rc/clk?jk=887835410f06bff4,"","",on,"","",""
us,startup,http://www.indeed.com/rc/clk?jk=25308f7fc456283e,"","",on,"","",""
us,startup,http://www.indeed.com/rc/clk?jk=6d7612eaf0f18ba7,"","",on,"","",""
us,startup,http://www.indeed.com/rc/clk?jk=5178adf352939a8b,"","",on,on,"",""
us,startup,http://www.indeed.com/rc/clk?jk=0a8d8d48b5fab965,"","",on,"","",""
us,startup,http://www.indeed.com/rc/clk?jk=290658f4385569b5,"","",on,"","",""
us,startup,http://www.indeed.com/rc/clk?jk=4f1cad842e40e4ee,"","",on,"","",""
us,startup,http://www.indeed.com/rc/clk?jk=a72c9cbeed8917d2,"","",on,"","",""
us,startup,http://www.indeed.com/rc/clk?jk=082eb57ac1f1564e,"","",on,"","",""
us,startup,http://www.indeed.com/rc/clk?jk=6a98eacd6f9e398c,"","",on,"","",""
us,startup,http://www.indeed.com/rc/clk?jk=98b69c67a27739bb,"","",on,"","",""
us,startup,http://www.indeed.com/rc/clk?jk=e627c0cbf78647b6,"","",on,"","",""
us,startup,http://www.indeed.com/rc/clk?jk=418afc488a4f184a,"","",on,"","",""
us,startup,http://www.indeed.com/rc/clk?jk=6554400305a6a559,"","",on,"","",""
us,startup,http://www.indeed.com/rc/clk?jk=3c635616df97df1b,"","",on,"","",""
us,startup,http://www.indeed.com/rc/clk?jk=a627e594e8a54480,"","",on,"","",""
us,startup,http://www.indeed.com/rc/clk?jk=725edf065d0d975f,"","",on,"","",""
us,startup,http://www.indeed.com/rc/clk?jk=fa04460b59d19b31,"","",on,"","",""
us,startup,http://www.indeed.com/rc/clk?jk=e5518e2ba364a505,"","",on,"","",""
us,startup,http://www.indeed.com/rc/clk?jk=bc1175c1c208b48f,"","",on,"","",""
us,startup,http://www.indeed.com/rc/clk?jk=ce7a181647e18158,"","",on,"","",""
us,startup,http://www.indeed.com/rc/clk?jk=8df834282db50959,"","",on,"","",""
us,startup,http://www.indeed.com/rc/clk?jk=54f0734a928a6495,"","",on,"","",""
us,startup,http://www.indeed.com/rc/clk?jk=0540ba25c0cc42c3,"","",on,"","",""
us,startup,http://www.indeed.com/rc/clk?jk=12e089ab03938df5,"","",on,"","",""
us,startup,http://www.indeed.com/rc/clk?jk=a6e98781168cbedd,"","",on,"","",""
us,startup,http://www.indeed.com/rc/clk?jk=ebb798078a7e156f,"","",on,"","",""
us,startup,http://www.indeed.com/rc/clk?jk=40f0b7e3a37936a3,"","",on,"","",""
us,startup,http://www.indeed.com/rc/clk?jk=5cb6f09c9ca813ab,"","",on,"","",""
us,startup,http://www.indeed.com/rc/clk?jk=7f6e5e8488f2e06a,"","",on,"","",""
us,startup,http://www.indeed.com/rc/clk?jk=03b440bc4e047769,"","",on,"","",""
us,startup,http://www.indeed.com/rc/clk?jk=adf41564144d5f77,"","",on,"","",""
us,startup,http://www.indeed.com/rc/clk?jk=3d4f0c3fc4e1c8fa,"","",on,"","",""
us,startup,http://www.indeed.com/rc/clk?jk=5267e880093229dc,"","",on,"","",""
us,startup,http://www.indeed.com/rc/clk?jk=0be28f880592d03b,"","",on,"","",""
us,startup,http://www.indeed.com/rc/clk?jk=b0ae95d7f50eb14c,"","",on,"","",""
us,startup,http://www.indeed.com/rc/clk?jk=2c2ab1ea0e4af8a7,"","",on,"","",""
us,startup,http://www.indeed.com/rc/clk?jk=dfc886045b3ae227,"","",on,"","",""
us,startup,http://www.indeed.com/rc/clk?jk=47ac3682bb3e73db,"","",on,"","",""
us,startup,http://www.indeed.com/rc/clk?jk=c10d10ff5cdc6c89,"","",on,"","",""
us,startup,http://www.indeed.com/rc/clk?jk=ba17379a0694202f,"","",on,"","",""
us,startup,http://www.indeed.com/rc/clk?jk=4001bb0aee48ed49,"","",on,"","",""
us,startup,http://www.indeed.com/rc/clk?jk=3f6179c780eecb12,"","",on,"","",""
us,startup,http://www.indeed.com/rc/clk?jk=9d14e6d03b61ee01,"","",on,"","",""
us,startup,http://www.indeed.com/rc/clk?jk=f0e022e1f277b078,"","",on,"","",""
us,startup,http://www.indeed.com/rc/clk?jk=5b04cdb53e6b2198,"","",on,"","",""
us,startup,http://www.indeed.com/rc/clk?jk=868cf76ac0286d24,"","",on,"","",""
us,startup,http://www.indeed.com/rc/clk?jk=18a9f521739c523d,"","",on,"","",""
us,startup,http://www.indeed.com/rc/clk?jk=a8447cd46d5559ac,"","",on,"","",""
us,startup,http://www.indeed.com/rc/clk?jk=e4d7d4f181e563c7,"","",on,"","",""
us,startup,http://www.indeed.com/rc/clk?jk=69f9949a50c9732c,"","",on,"","",""
us,startup,http://www.indeed.com/rc/clk?jk=40705d7c52741bbe,"","",on,"","",""
us,startup,http://www.indeed.com/rc/clk?jk=911ff0454c2d1a86,"","",on,"","",""
us,startup,http://www.indeed.com/rc/clk?jk=0d9d4d51d4fb33e1,"","",on,"","",""
us,startup,http://www.indeed.com/rc/clk?jk=99b2507430a32531,"","",on,"","",""
us,startup,http://www.indeed.com/rc/clk?jk=d441db5968d926d3,"","",on,"","",""
us,startup,http://www.indeed.com/rc/clk?jk=943a4b3b9c5f9c13,"","",on,"","",""
us,startup,http://www.indeed.com/rc/clk?jk=2d4e15c4646ef75d,"","",on,"","",""
us,startup,http://www.indeed.com/rc/clk?jk=cfa845cf18da5f34,"","",on,"","",""
us,startup,http://www.indeed.com/rc/clk?jk=757088dd4924f5cd,"","",on,"","",""
us,startup,http://www.indeed.com/rc/clk?jk=76ce3b530ba00f79,"","",on,"","",""
us,startup,http://www.indeed.com/rc/clk?jk=3cebcc1358ddfdc8,"","",on,"","",""
us,startup,http://www.indeed.com/rc/clk?jk=e8958d9d91edd3c8,"","",on,"","",""
us,startup,http://www.indeed.com/rc/clk?jk=a6a51fb5421dbdd5,"","",on,"","",""
us,meaningful_jobs,http://www.indeed.com/rc/clk?jk=0c5dc788bd451f9b,"","","","","",on
us,meaningful_jobs,http://www.indeed.com/rc/clk?jk=7fe5c4adeaf4aea9,"","","","","",on
us,meaningful_jobs,http://www.indeed.com/rc/clk?jk=1653488b5c8f6e59,"","","","","",on
us,meaningful_jobs,http://www.indeed.com/rc/clk?jk=d5e52aa051766517,"","","","","",on
us,meaningful_jobs,http://www.indeed.com/rc/clk?jk=fdcd76c8e97d0460,"","","","","",on
us,meaningful_jobs,http://www.indeed.com/rc/clk?jk=47c1703d4b258e7b,"","","","","",on
us,meaningful_jobs,http://www.indeed.com/rc/clk?jk=9a60dae131f71ca5,"","","","","",on
us,meaningful_jobs,http://www.indeed.com/rc/clk?jk=7f30e9c130692e18,"","","","","",on
us,meaningful_jobs,http://www.indeed.com/rc/clk?jk=4fa18ee389a9e3f2,"","","","","",on
us,meaningful_jobs,http://www.indeed.com/rc/clk?jk=0ef383fa13003e20,"","","","","",on
us,meaningful_jobs,http://www.indeed.com/rc/clk?jk=efb72898cb6930d5,"","","","","",on
us,meaningful_jobs,http://www.indeed.com/rc/clk?jk=d09e5e762559c330,"","","","","",on
us,meaningful_jobs,http://www.indeed.com/rc/clk?jk=5eeb945b85185399,"","","","","",on
us,meaningful_jobs,http://www.indeed.com/rc/clk?jk=d41ffdf57a410699,"","","","","",on
us,meaningful_jobs,http://www.indeed.com/rc/clk?jk=246a00a0fd2e632b,"","","","","",on
us,meaningful_jobs,http://www.indeed.com/rc/clk?jk=36b1d221a808e945,"","","","","",on
us,meaningful_jobs,http://www.indeed.com/rc/clk?jk=3b8759d592c5f5f2,"","","","","",on
us,meaningful_jobs,http://www.indeed.com/rc/clk?jk=1a7d03c1a5ecd4b4,"","","","","",on
us,meaningful_jobs,http://www.indeed.com/rc/clk?jk=4f8bbf74fd313c2a,"","","","","",on
us,meaningful_jobs,http://www.indeed.com/rc/clk?jk=4886de1677427770,"","","","","",on
us,meaningful_jobs,http://www.indeed.com/rc/clk?jk=3eda03100125ff08,"","","","","",on
us,meaningful_jobs,http://www.indeed.com/rc/clk?jk=288633d94a3d5c69,"","","","","",on
us,meaningful_jobs,http://www.indeed.com/rc/clk?jk=29f5c274a24d9947,"","","","","",on
us,meaningful_jobs,http://www.indeed.com/rc/clk?jk=885dbdc42008d24f,"","","","","",on
us,meaningful_jobs,http://www.indeed.com/rc/clk?jk=3db3e0e64a8b788c,"","","","","",on
us,meaningful_jobs,http://www.indeed.com/rc/clk?jk=f01af7033edaa404,"","","","","",on
us,meaningful_jobs,http://www.indeed.com/rc/clk?jk=e0505f37c0ee0c6b,"","","","","",on
us,meaningful_jobs,http://www.indeed.com/rc/clk?jk=68b053c9f3423afa,"","","","","",on
us,meaningful_jobs,http://www.indeed.com/rc/clk?jk=a18ed4031ef8cc74,"","","","","",on
us,meaningful_jobs,http://www.indeed.com/rc/clk?jk=cf52f0d28277f6f9,"","","","","",on
us,meaningful_jobs,http://www.indeed.com/rc/clk?jk=3f56bf1d82947c08,"","","","","",on
us,meaningful_jobs,http://www.indeed.com/rc/clk?jk=f1760d53799d9752,"","","","","",on
us,meaningful_jobs,http://www.indeed.com/rc/clk?jk=afc70cd6e5bb7168,"","","","","",on
us,meaningful_jobs,http://www.indeed.com/rc/clk?jk=d70b2ea1c86c8aea,"","","","","",on
us,meaningful_jobs,http://www.indeed.com/rc/clk?jk=817dca59f9887696,"","","","","",on
us,meaningful_jobs,http://www.indeed.com/rc/clk?jk=4dec8671d96fba55,"","","","","",on
us,meaningful_jobs,http://www.indeed.com/rc/clk?jk=da66fe5abd9b6945,"","","","","",on
us,meaningful_jobs,http://www.indeed.com/rc/clk?jk=3b07288ac0c30436,"","","","","",on
us,meaningful_jobs,http://www.indeed.com/rc/clk?jk=b76afabdbe9fdaa9,"","","","","",on
us,meaningful_jobs,http://www.indeed.com/rc/clk?jk=84a85b2fea32b16c,"","","","","",on
us,meaningful_jobs,http://www.indeed.com/rc/clk?jk=c88a4fd797495b6b,"","","","","",on
us,meaningful_jobs,http://www.indeed.com/rc/clk?jk=59c05db73d7e8ebe,"","","","","",on
us,meaningful_jobs,http://www.indeed.com/rc/clk?jk=6aca57f624abdf54,"","","","","",on
us,meaningful_jobs,http://www.indeed.com/rc/clk?jk=59587966b2f10a1f,"","","","","",on
us,meaningful_jobs,http://www.indeed.com/rc/clk?jk=5f57f004d81cd55b,"","","","","",on
us,meaningful_jobs,http://www.indeed.com/rc/clk?jk=7cba160203778773,"","","","","",on
us,meaningful_jobs,http://www.indeed.com/rc/clk?jk=f9f9ee69fde850de,"","","","","",on
us,meaningful_jobs,http://www.indeed.com/rc/clk?jk=a3a594671a5e3003,"","","","","",on
us,meaningful_jobs,http://www.indeed.com/rc/clk?jk=facd33e0d86927cd,"","","","","",on
us,meaningful_jobs,http://www.indeed.com/rc/clk?jk=1664fa4c84a77aaa,"","","","","",on
us,meaningful_jobs,http://www.indeed.com/rc/clk?jk=8349b7bb63eec47b,"","","","","",on
us,meaningful_jobs,http://www.indeed.com/rc/clk?jk=9c54950275529b3a,"","","","","",on
us,meaningful_jobs,http://www.indeed.com/rc/clk?jk=4ad26644dea2ed97,"","","","","",on
us,meaningful_jobs,http://www.indeed.com/rc/clk?jk=9608f88603f1276d,"","","","","",on
us,meaningful_jobs,http://www.indeed.com/rc/clk?jk=b0185916a45a27a2,"","","","","",on
us,meaningful_jobs,http://www.indeed.com/rc/clk?jk=7054cf2da9bbca47,"","","","","",on
us,meaningful_jobs,http://www.indeed.com/rc/clk?jk=0956d4d1414938a4,"","","","","",on
us,meaningful_jobs,http://www.indeed.com/rc/clk?jk=4bec4c2257bd720b,"","","","","",on
us,kegerator,http://www.indeed.com/rc/clk?jk=b0a31ff66a518406,"","","",on,"",""
us,kegerator,http://www.indeed.com/rc/clk?jk=887652de85a9ae9f,"","","",on,"",""
us,kegerator,http://www.indeed.com/rc/clk?jk=da7583931410f6fc,"","","",on,"",""
us,kegerator,http://www.indeed.com/rc/clk?jk=d11d77c0f0087fca,"","","",on,"",""
us,kegerator,http://www.indeed.com/rc/clk?jk=449e1a78874fb294,"","","",on,"",""
us,kegerator,http://www.indeed.com/rc/clk?jk=ba12069593f6ae7b,"","","",on,"",""
us,kegerator,http://www.indeed.com/rc/clk?jk=ee8d2d6d2f602ac4,"","","",on,"",""
us,kegerator,http://www.indeed.com/rc/clk?jk=3c219dcee9c214ec,"","","",on,"",""
us,kegerator,http://www.indeed.com/rc/clk?jk=926565a7cece7aa2,"","","",on,"",""
us,kegerator,http://www.indeed.com/rc/clk?jk=8cbd28c1d87ba3e6,"","","",on,"",""
us,kegerator,http://www.indeed.com/rc/clk?jk=b7f3654b7170a60a,"","","",on,"",""
us,kegerator,http://www.indeed.com/rc/clk?jk=3825a7427bff45c6,"","","",on,"",""
us,kegerator,http://www.indeed.com/rc/clk?jk=28771fed2986ea96,"","","",on,"",""
us,kegerator,http://www.indeed.com/rc/clk?jk=4b51c590e5222a66,"","","",on,"",""
us,kegerator,http://www.indeed.com/rc/clk?jk=d4afb28c7222777f,"","","",on,"",""
us,kegerator,http://www.indeed.com/rc/clk?jk=98e7b082f19d569b,"","","",on,"",""
us,kegerator,http://www.indeed.com/rc/clk?jk=3c02b26af5b5d5af,"","","",on,"",""
us,kegerator,http://www.indeed.com/rc/clk?jk=59454bfd6a60a28e,"","","",on,"",""
us,kegerator,http://www.indeed.com/rc/clk?jk=1efb7e7969cac5c3,"","","",on,"",""
us,kegerator,http://www.indeed.com/rc/clk?jk=28c48c083fb0f238,"","","",on,"",""
us,kegerator,http://www.indeed.com/rc/clk?jk=7aa9eb8e3c297e4a,"","","",on,"",""
us,kegerator,http://www.indeed.com/rc/clk?jk=c6b2889f9fc33a05,"","","",on,"",""
us,kegerator,http://www.indeed.com/rc/clk?jk=142ba31a555bc0b6,"","","",on,"",""
us,kegerator,http://www.indeed.com/rc/clk?jk=c9e11893c6ad1137,"","","",on,"",""
us,kegerator,http://www.indeed.com/rc/clk?jk=6a51476ecf3c7398,"","","",on,"",""
us,kegerator,http://www.indeed.com/rc/clk?jk=219c7f2f17d6ab8b,"","","",on,"",""
us,kegerator,http://www.indeed.com/rc/clk?jk=3583ed07c7c1e215,"","","",on,"",""
us,kegerator,http://www.indeed.com/rc/clk?jk=9ce1fde1cbaa96e9,"","","",on,"",""
us,kegerator,http://www.indeed.com/rc/clk?jk=73fa7c4d2cb3a5d3,"","","",on,"",""
us,kegerator,http://www.indeed.com/rc/clk?jk=38b6ffadbdfbfd2d,"","","",on,"",""
us,kegerator,http://www.indeed.com/rc/clk?jk=ea070652e4c8b53a,"","","",on,"",""
us,kegerator,http://www.indeed.com/rc/clk?jk=b92a91e1b2c9a8e8,"","","",on,"",""
us,kegerator,http://www.indeed.com/rc/clk?jk=ff5083e4ecb3c21d,"","","",on,"",""
us,kegerator,http://www.indeed.com/rc/clk?jk=e7ecc26f8c06e173,"","","",on,"",""
us,kegerator,http://www.indeed.com/rc/clk?jk=bab0616dcd47a824,"","","",on,"",""
us,kegerator,http://www.indeed.com/rc/clk?jk=07e23dbddd05bbf8,"","","",on,"",""
us,kegerator,http://www.indeed.com/rc/clk?jk=f68b7dc29ffbb374,"","","",on,"",""
us,kegerator,http://www.indeed.com/rc/clk?jk=af748e77805acf67,"","","",on,"",""
us,kegerator,http://www.indeed.com/rc/clk?jk=6da3a95cbb197d43,"","","",on,"",""
us,kegerator,http://www.indeed.com/rc/clk?jk=61105a7e71ea672b,"","","",on,"",""
us,kegerator,http://www.indeed.com/rc/clk?jk=faa375422adb7710,"","","",on,"",""
us,kegerator,http://www.indeed.com/rc/clk?jk=ccea06579a06ba9e,"","","",on,"",""
us,kegerator,http://www.indeed.com/rc/clk?jk=45ad4b2f920ba58a,"","","",on,"",""
us,kegerator,http://www.indeed.com/rc/clk?jk=e4c1d5b386197e45,"","","",on,"",""
us,kegerator,http://www.indeed.com/rc/clk?jk=ab4eb891f76a3283,"","","",on,"",""
us,kegerator,http://www.indeed.com/rc/clk?jk=316d0f3c29f407d5,"","","",on,"",""
us,kegerator,http://www.indeed.com/rc/clk?jk=8ae99d779007f356,"","","",on,"",""
us,kegerator,http://www.indeed.com/rc/clk?jk=5db4638337e1ed25,"","","",on,"",""
us,kegerator,http://www.indeed.com/rc/clk?jk=7ffcd27ce0cde53c,"","","",on,"",""
us,kegerator,http://www.indeed.com/rc/clk?jk=c03321980e28481d,"","","",on,"",""
us,kegerator,http://www.indeed.com/rc/clk?jk=716649945ff6dc05,"","","",on,"",""
us,kegerator,http://www.indeed.com/rc/clk?jk=d6dc8faad2c2aede,"","","",on,"",""
us,kegerator,http://www.indeed.com/rc/clk?jk=bd49d27a5aac0b8d,"","","",on,"",""
us,kegerator,http://www.indeed.com/rc/clk?jk=9546961360490d73,"","","",on,"",""
us,kegerator,http://www.indeed.com/rc/clk?jk=d0549438f5781cbb,"","","",on,"",""
us,kegerator,http://www.indeed.com/rc/clk?jk=80bbf604038fd3ca,"","","",on,"",""
us,kegerator,http://www.indeed.com/rc/clk?jk=21f10dc86c985e56,"","","",on,"",""
us,kegerator,http://www.indeed.com/rc/clk?jk=daf4f9461285412a,"","","",on,"",""
us,kegerator,http://www.indeed.com/rc/clk?jk=736bf16eed41d31f,"","","",on,"",""
us,kegerator,http://www.indeed.com/rc/clk?jk=142fd6e40f8918da,"","","",on,"",""
us,kegerator,http://www.indeed.com/rc/clk?jk=2cc881e6f506bc28,"","","",on,"",""
us,kegerator,http://www.indeed.com/rc/clk?jk=63e4c6cf52e8c0c7,"","","",on,"",""
us,kegerator,http://www.indeed.com/rc/clk?jk=cd470b59334d044e,"","","",on,"",""
us,kegerator,http://www.indeed.com/rc/clk?jk=668366d8cf5f3658,"","","",on,"",""
us,kegerator,http://www.indeed.com/rc/clk?jk=70dd508fb6fe7ef9,"","","",on,"",""
us,kegerator,http://www.indeed.com/rc/clk?jk=0447f0da1d7d2ee8,"","","",on,"",""
us,kegerator,http://www.indeed.com/rc/clk?jk=19da3490873ce696,"","","",on,"",""
us,kegerator,http://www.indeed.com/rc/clk?jk=68ae35defe8d3b86,"","","",on,"",""
us,kegerator,http://www.indeed.com/rc/clk?jk=120692e2938ae184,"","","",on,"",""
us,kegerator,http://www.indeed.com/rc/clk?jk=b56890be5870776d,"","","",on,"",""
us,kegerator,http://www.indeed.com/rc/clk?jk=382e35122870be98,"","","",on,"",""
us,kegerator,http://www.indeed.com/rc/clk?jk=28963dc4ab4aae45,"","","",on,"",""
us,kegerator,http://www.indeed.com/rc/clk?jk=b41a0383d9eee3ee,"","","",on,"",""
us,kegerator,http://www.indeed.com/rc/clk?jk=77525303ed84f286,"","","",on,"",""
us,kegerator,http://www.indeed.com/rc/clk?jk=13bc82b99a6912d5,"","","",on,"",""
us,kegerator,http://www.indeed.com/rc/clk?jk=f9a0087589a9a410,"","","",on,"",""
us,kegerator,http://www.indeed.com/rc/clk?jk=1652a06c64e704ea,"","","",on,"",""
us,kegerator,http://www.indeed.com/rc/clk?jk=a743d7256055e870,"","","",on,"",""
us,kegerator,http://www.indeed.com/rc/clk?jk=c153650da853fcdf,"","","",on,"",""
us,kegerator,http://www.indeed.com/rc/clk?jk=0fe5ab92d146808e,"","","",on,"",""
us,kegerator,http://www.indeed.com/rc/clk?jk=3eb78eb925467ed1,"","","",on,"",""
us,kegerator,http://www.indeed.com/rc/clk?jk=164e7e0e8ed5d527,"","","",on,"",""
us,kegerator,http://www.indeed.com/rc/clk?jk=75a2a06ca0b3f46c,"","","",on,"",""
us,kegerator,http://www.indeed.com/rc/clk?jk=b8480a1ce14eba72,"","","",on,"",""
us,kegerator,http://www.indeed.com/rc/clk?jk=c94c6002e5ae49d9,"","","",on,"",""
us,kegerator,http://www.indeed.com/rc/clk?jk=bddf158cbc8a6999,"","","",on,"",""
us,kegerator,http://www.indeed.com/rc/clk?jk=5a2fbddb64180508,"","","",on,"",""
us,kegerator,http://www.indeed.com/rc/clk?jk=0bedf70a76fe3170,"","","",on,"",""
us,kegerator,http://www.indeed.com/rc/clk?jk=b3ce4532e5f88879,"","","",on,"",""
us,kegerator,http://www.indeed.com/rc/clk?jk=cd90cdf76b7ba553,"","","",on,"",""
us,kegerator,http://www.indeed.com/rc/clk?jk=0551f1f35ad1ea42,"","","",on,"",""
us,kegerator,http://www.indeed.com/rc/clk?jk=7f271e45f4637e4a,"","","",on,"",""
us,kegerator,http://www.indeed.com/rc/clk?jk=3195b4434cbeaab7,"","","",on,"",""
us,kegerator,http://www.indeed.com/rc/clk?jk=f4bcf17400cf1bbb,"","","",on,"",""
us,kegerator,http://www.indeed.com/rc/clk?jk=95f45456f1e50a71,"","","",on,"",""
us,kegerator,http://www.indeed.com/rc/clk?jk=40b07edbf427487e,"","","",on,"",""
